title,url,summary
RBI policy press conference: Here's everything that came up for discussion,https://economictimes.indiatimes.comhttps://economictimes.indiatimes.com/news/economy/policy/rbi-policy-press-conference-heres-everything-that-came-up-for-discussion/articleshow/131529792.cms,The Reserve Bank of India unveiled new measures to attract deposits and bolster the economy. Governor Sanjay Malhotra discussed strategies for economic growth and inflation management. The central bank aims to draw in foreign exchange through various initiatives. These steps are designed to ensure a stable economic environment and encourage investment.
Rupee rises 50 paise to 95.24 against US dollar post RBI policy decision,https://economictimes.indiatimes.comhttps://economictimes.indiatimes.com/markets/forex/forex-news/rupee-rises-50-paise-to-95-24-against-us-dollar-post-rbi-policy-decision/articleshow/131523056.cms,"The rupee strengthened significantly against the US dollar, gaining 50 paise to reach 95.24 following the RBI's liberalization of FPI investment norms in government securities. This move, coupled with the central bank's assertion of robust forex reserves, boosted investor confidence. The RBI also maintained its repo rate at 5.25% and adjusted GDP and inflation projections."
"Rupee inches up, defies Asian peers; caution prevails before RBI policy",https://economictimes.indiatimes.comhttps://economictimes.indiatimes.com/markets/forex/rupee-inches-up-defies-asian-peers-caution-prevails-before-rbi-policy/articleshow/131521607.cms,"The Indian rupee strengthened on Friday, defying subdued Asian markets ahead of a key policy decision. While a currency trader noted flow-driven adjustments, overall caution prevails as the Reserve Bank of India prepares to announce its policy, with markets watching for potential rate hikes amid inflation and currency pressures."
"R Gandhi calls RBI policy 'on expected lines', sees no immediate rate hike risks",https://economictimes.indiatimes.comhttps://economictimes.indiatimes.com/markets/expert-view/r-gandhi-calls-rbi-policy-on-expected-lines-sees-no-immediate-rate-hike-risks/articleshow/131526672.cms,The Reserve Bank of India has maintained its neutral policy stance and kept interest rates steady. The central bank has adjusted its forecasts for economic growth and inflation. New measures are in place to encourage foreign investment. These steps aim to stabilize the Indian Rupee. Experts believe these decisions align with market expectations.
India bonds end flat as RBI policy caution offsets cooler oil,https://economictimes.indiatimes.comhttps://economictimes.indiatimes.com/markets/bonds/india-bonds-end-flat-as-rbi-policy-caution-offsets-cooler-oil/articleshow/131463652.cms,"Brent crude and U.S. Treasury yields eased in Asian trade, taking some pressure off India's oil-sensitive ⁠curve."
Indian bonds steady as U.S.-Iran tensions linger; RBI policy review due Friday,https://economictimes.indiatimes.comhttps://economictimes.indiatimes.com/markets/bonds/indian-bonds-steady-as-u-s-iran-tensions-linger-rbi-policy-review-due-friday/articleshow/131455015.cms,"Indian government bonds saw little movement early Tuesday. Investors are adopting a cautious stance ahead of the Reserve Bank of India's policy decision later this week. Lingering U.S.-Iran tensions and upcoming state and central government bond sales are also keeping traders on the sidelines, leading to shallow trading volumes."
India bonds slip ahead of RBI policy as war risks lift oil,https://economictimes.indiatimes.comhttps://economictimes.indiatimes.com/markets/bonds/india-bonds-slip-ahead-of-rbi-policy-as-war-risks-lift-oil/articleshow/131442741.cms,"The Reserve Bank of India will announce its rate decision on Friday, with markets largely pricing in a pause even as Standard Chartered, ⁠Capital Economics, ⁠ANZ, MUFG and OCBC call for a 25-basis-point hike."
"Currency, bond markets await RBI cues from MPC meet",https://economictimes.indiatimes.comhttps://economictimes.indiatimes.com/markets/forex/forex-news/currency-bond-markets-await-rbi-cues-from-mpc-meet/articleshow/131519073.cms,"The Indian rupee and benchmark bond yields traded narrowly on Thursday ahead of Friday's policy rate decision and potential currency support measures. The rupee closed at 95.78, with the RBI intervening to prevent further depreciation. Markets awaited key announcements, while dollar demand from oil companies persisted."
RBI MPC June meet 2026: What's cheaper and what's costlier,https://economictimes.indiatimes.comhttps://economictimes.indiatimes.com/news/economy/policy/rbi-mpc-june-2026-whats-cheaper-and-whats-costlier/articleshow/131522394.cms,The Reserve Bank of India has maintained the repo rate at 5.25%. This decision comes as policymakers assess the effects of higher energy prices and supply chain issues. The ongoing West Asia conflict is a key factor. Home loans and business borrowing costs are expected to remain stable. Savers will likely see fixed deposit rates stay near current levels.
RBI MPC Meeting at a Glance: Your one-stop guide for all key decisions,https://economictimes.indiatimes.comhttps://economictimes.indiatimes.com/news/economy/policy/rbi-mpc-meeting-2026-at-a-glance-rbi-governor-sanjay-malhotra-speech-highlights-repo-rate-policy-decisions/articleshow/131518830.cms,RBI Monetary Policy Meeting Highlights: Reserve Bank Governor Sanjay Malhotra will announce the Monetary Policy Committee's decision on Friday. The key policy rate is expected to remain unchanged at 5.25%. This pause reflects a cautious approach amid the West Asia conflict. The conflict poses risks to inflation and economic growth. The committee began its meeting on Wednesday. Retail inflation has moderated to 3.48%.
"India likely to outpace RBI growth forecasts, says World Bank's Neelkanth Mishra",https://economictimes.indiatimes.comhttps://economictimes.indiatimes.com/news/economy/policy/india-likely-to-outpace-rbi-growth-forecasts-says-world-banks-neelkanth-mishra/articleshow/131528831.cms,"India's economy is set for robust growth, exceeding Reserve Bank of India forecasts, World Bank Executive Director Neelkanth Mishra said. According to him, the economy is performing significantly better than official projections. He also supported RBI's decision to maintain interest rates."
"Bank stocks rally as RBI steps lift mood, trigger short covering",https://economictimes.indiatimes.comhttps://economictimes.indiatimes.com/markets/stocks/news/bank-stocks-rally-as-rbi-steps-lift-mood-trigger-short-covering/articleshow/131622575.cms,"On Tuesday, bank stocks rocketed upwards following strategic interventions by the Reserve Bank of India aimed at shielding foreign currency loans. This move has revitalized investor confidence, propelling Bank Nifty to a remarkable close above 55,000. Many banks saw impressive gains, and experts forecast that these measures will enhance deposit growth while reducing overall funding expenses."
"Weak monsoon may impact rural demand, private consumption: RBI governor Sanjay Malhotra",https://economictimes.indiatimes.comhttps://economictimes.indiatimes.com/news/economy/indicators/weak-monsoon-may-impact-rural-demand-private-consumption-rbi-governor-sanjay-malhotra/articleshow/131529016.cms,"Reserve Bank of India Governor Sanjay Malhotra anticipates a potential impact on rural demand and private consumption due to a projected monsoon deficiency. He noted that mitigation measures are in place to lessen these effects. Rising input costs and supply disruptions also pose risks to economic activity, he said."
GIFT Nifty tumbles 1.5% as US stock market plunges. Will Dalal Street crash on Monday?,https://economictimes.indiatimes.comhttps://economictimes.indiatimes.com/markets/stocks/news/gift-nifty-tumbles-1-5-as-us-stock-market-plunges-will-dalal-street-crash-on-monday/articleshow/131545625.cms,"GIFT Nifty plunged over 1.5% after a sharp selloff on Wall Street, signalling a weak start for Dalal Street on Monday. Strong US jobs data fuelled fears of prolonged higher interest rates, pushing Treasury yields higher and triggering a broad market decline. Analysts expect volatility amid global and domestic uncertainties."
RBI MPC highlights: Top decisions announced by Governor Sanjay Malhotra & Co,https://economictimes.indiatimes.comhttps://economictimes.indiatimes.com/news/economy/policy/rbi-mpc-highlights-top-decisions-announced-by-governor-sanjay-malhotra-co/articleshow/131521364.cms,"RBI Monetary Policy Meeting Highlights: Reserve Bank Governor Sanjay Malhotra announced the Monetary Policy Committee's (MPC) decision, with repo rate remaining unchanged at 5.25%. At its previous policy review in April, the RBI had kept rates unchanged, choosing to closely monitor the evolving geopolitical situation and its potential impact on energy prices, inflation and economic activity."
RBI MPC Meeting 2026 Date and Time: When will Governor Sanjay Malhotra announce policy decision? Here's how to watch live streaming,https://economictimes.indiatimes.comhttps://economictimes.indiatimes.com/news/new-updates/rbi-mpc-meeting-date-2026-when-and-where-to-watch-governer-sanjay-malhotra-speech-policy-decision-heres-how-to-watch-live-streaming/articleshow/131519594.cms,RBI MPC Meeting June 2026: All eyes are on the Reserve Bank of India today as Governor Sanjay Malhotra announces the Monetary Policy Committee's decision. This crucial announcement will reveal the central bank's stance on interest rates and inflation. Investors are keenly awaiting signals on economic growth and stability amidst global uncertainties. The outcome will guide market sentiment for the coming months.
"Stock pickers’ market ahead as RBI flags risks; largecaps, banks and capex plays offer value: George Heber Joseph",https://economictimes.indiatimes.comhttps://economictimes.indiatimes.com/markets/expert-view/stock-pickers-market-ahead-as-rbi-flags-risks-largecaps-banks-and-capex-plays-offer-value-george-thomas/articleshow/131549054.cms,"George Heber Joseph of ASK Investment Managers believes Indian markets have entered a stock pickers’ phase as RBI flags inflation and growth risks. He favours largecaps, banks, healthcare and capex-linked sectors, while cautioning against expensive smallcaps. With geopolitical tensions and rising energy prices weighing on sentiment, selective investing remains key."
"Rupee dips; RBI-led relief may fade without inflow measures, bankers say",https://economictimes.indiatimes.comhttps://economictimes.indiatimes.com/markets/forex/rupee-dips-rbi-led-relief-may-fade-without-inflow-measures-bankers-say/articleshow/131500098.cms,"The Indian Rupee declined on Thursday, continuing a two-day fall. Weaker Asian currencies and importer hedging impacted the Rupee. The Reserve Bank of India's intervention had previously supported the currency. Future RBI policy actions will be crucial. Asian currencies also weakened amid global tensions."
"RBI MPC Meeting 2026: West Asia war shock is a concern, but India can ride it out 'with minimum pain', says Sanjay Malhotra",https://economictimes.indiatimes.comhttps://economictimes.indiatimes.com/news/economy/policy/rbi-mpc-meeting-2026-global-war-impact-on-india-measures-strategy-india-inflation-india-can-ride-it-out-with-minimum-pain-says-sanjay-malhotra/articleshow/131519568.cms,"2026 RBI MPC Meeting: The Reserve Bank of India acknowledges global economic challenges from the West Asia conflict. Rising energy prices and supply chain issues create headwinds. However, India has built strong buffers. Diversified oil sourcing and robust foreign exchange reserves protect the economy. The central bank remains confident in managing external turbulence with minimal disruption."
Market Trading Guide: Ather Energy among 2 stock recommendations for Thursday,https://economictimes.indiatimes.comhttps://economictimes.indiatimes.com/markets/stocks/news/market-trading-guide-ather-energy-among-2-stock-recommendations-for-thursday/articleshow/131487881.cms,"Domestic markets rebounded from early losses despite rising Iran-US tensions, supported by strong gains in banking stocks. Analysts have recommended Ather Energy and J&K Bank for Thursday, citing bullish breakouts, healthy volumes, strong momentum indicators and favorable long-term technical structures."
Ahead of Market: 10 things that will decide stock market action on Friday,https://economictimes.indiatimes.comhttps://economictimes.indiatimes.com/markets/stocks/news/ahead-of-market-10-things-that-will-decide-stock-market-action-on-friday/articleshow/131511250.cms,"Indian equities ended largely unchanged as West Asia tensions tempered risk appetite. Broader markets outperformed despite recent corrections, while investors awaited the RBI policy decision and GDP data. Analysts flagged 23,500 as a key resistance and 23,300–23,200 as important support levels."
"Stable home loan interest rate to sustain housing demand: Industry bodies CREDAI, NAREDCO",https://economictimes.indiatimes.comhttps://economictimes.indiatimes.com/industry/services/property-/-cstruction/stable-home-loan-interest-rate-to-sustain-housing-demand-industry-bodies-credai-naredco/articleshow/131529757.cms,The RBI has kept the repo rate steady at 5.25 percent. Real estate industry bodies CREDAI and NAREDCO welcomed this move on Friday. They believe stable interest rates will support housing demand. This decision offers predictability for developers and homebuyers. It aims to maintain market stability amidst global economic challenges.
From Fed signals to rupee pressure: Key events shaping global markets this week,https://economictimes.indiatimes.comhttps://economictimes.indiatimes.com/markets/us-stocks/news/from-fed-signals-to-rupee-pressure-key-events-shaping-global-markets-this-week/slideshow/131436030.cms,
More economic safeguards on the cards as West Asia conflict persists: Report,https://economictimes.indiatimes.comhttps://economictimes.indiatimes.com/news/economy/policy/more-economic-safeguards-on-the-cards-as-west-asia-conflict-persists-report/articleshow/131546346.cms,India is preparing new measures to protect its economy from the West Asia conflict. The government will introduce these steps gradually as needed. The focus is on ensuring supply of goods and raw materials. Stability in the rupee and foreign exchange is also a priority. This calibrated approach aims to manage emerging risks effectively.
"RBI MPC Meeting June 2026: Check date, time, expectations and where to watch Governor Sanjay Malhotra's speech live",https://economictimes.indiatimes.comhttps://economictimes.indiatimes.com/news/new-updates/rbi-mpc-meeting-june-2026-date-when-and-where-to-watch-governer-sanjay-malhotra-speech-online/articleshow/131480278.cms,"RBI MPC Meeting June 2026: The Reserve Bank of India's Monetary Policy Committee begins a crucial three-day meeting, with a policy announcement expected on June 5. Markets are closely watching for signals on interest rates amid rising crude oil prices and rupee pressure, though inflation remains contained. Economists largely anticipate the repo rate to remain unchanged at 5.25%."
Ahead of Market: 10 things that will decide stock market action on Wednesday,https://economictimes.indiatimes.comhttps://economictimes.indiatimes.com/markets/stocks/news/ahead-of-market-10-things-that-will-decide-stock-market-action-on-wednesday/articleshow/131466696.cms,"Indian benchmark indices ended higher after a volatile session, with late buying in heavyweight IT stocks lifting sentiment. Sensex gained 382 points and Nifty closed above 23,480, while investors tracked monsoon progress, inflation trends, RBI policy outlook and liquidity conditions."
Rupee closes at 95.78 vs USD ahead of crucial central bank rate review,https://economictimes.indiatimes.comhttps://economictimes.indiatimes.com/markets/forex/forex-news/rupee-closes-at-95-78-vs-usd-ahead-of-crucial-central-bank-rate-review/articleshow/131504168.cms,"The Indian rupee declined for a second day ahead of the Reserve Bank of India's monetary policy review, with traders anticipating measures to support the currency. The rupee's recent recovery, aided by RBI intervention and expectations of boosted inflows, faces renewed pressure if Friday's policy fails to deliver."
RBI MPC Meeting 2026: Sanjay Malhotra & co warn weak monsoon could stir food inflation despite price stability,https://economictimes.indiatimes.comhttps://economictimes.indiatimes.com/news/economy/agriculture/rbi-mpc-monsoon-effect-2026-rbi-governor-statement-inflation-food-prices-rainfall-impact-india-economy-el-nino/articleshow/131519828.cms,"RBI monetary policy meeting: India's monsoon season is critical for farms and prices. A weak monsoon could impact crop yields and raise food costs. The Reserve Bank of India is watching weather closely. Inflation has already risen slightly. Experts warn of price pressures from rain, energy, and currency. Monsoon outcomes will shape India's economic path."
Market Trading Guide: YES Bank among two stock picks for Monday with up to 10% upside scope,https://economictimes.indiatimes.comhttps://economictimes.indiatimes.com/markets/stocks/news/market-trading-guide-yes-bank-among-two-stock-picks-for-monday-with-up-to-10-upside-scope/articleshow/131421232.cms,"Equity markets saw broad-based selling pressure after weak monsoon forecasts raised concerns over food inflation, though falling crude oil prices and easing bond yields helped limit downside risks. Investors now await key domestic triggers, including the RBI policy decision and GDP data, while analysts have flagged YES Bank and NBCC as stocks with strong short-term bullish momentum and upside potential."
"RBI projects 5.1% inflation, 6.6% GDP growth for FY27 amid global uncertainty",https://economictimes.indiatimes.comhttps://economictimes.indiatimes.com/news/india/rbi-projects-5-1-inflation-6-6-gdp-growth-for-fy27-amid-global-uncertainty/videoshow/131524556.cms,
"RBI expects healthy foreign capital inflows, better balance of payments after easing measures",https://economictimes.indiatimes.comhttps://economictimes.indiatimes.com/news/economy/policy/rbi-expects-healthy-foreign-capital-inflows-better-balance-of-payments-after-easing-measures/articleshow/131531701.cms,The RBI is introducing new measures to attract foreign investment. These steps aim to boost capital inflows and improve India's balance of payments. The central bank expects significant overseas funds to enter the country through various channels. These initiatives are designed to make it easier for foreign investors to participate in India's financial markets.
"RBI's foreign capital push reflects rising inflation, slowing growth concerns: Report",https://economictimes.indiatimes.comhttps://economictimes.indiatimes.com/news/economy/policy/rbis-bold-move-to-attract-foreign-capital-amidst-rising-inflation-and-slowing-growth-concerns/articleshow/131551198.cms,"The Reserve Bank of India is introducing new measures to attract foreign investment. This move aims to tackle rising inflation, slowing economic growth, and external sector pressures. The central bank is focusing on boosting capital inflows to manage the country's balance of payments. These steps are designed to support the rupee and domestic liquidity in the short to medium term."
"Finance ministry flags inflation risks ahead of RBI policy as fuel prices, monsoon concerns mount",https://economictimes.indiatimes.comhttps://economictimes.indiatimes.com/news/economy/policy/finance-ministry-flags-inflation-risks-ahead-of-rbi-policy-as-fuel-prices-monsoon-concerns-mount/articleshow/131406937.cms,"India faces rising inflation risks. Fuel prices are up, the rupee is weak, and a poor monsoon looms. The Finance Ministry warns of renewed price pressures. This comes before the Reserve Bank of India's policy decision. Wholesale price increases are a concern. Global conflicts also pose a threat to India's economy."
"MPC Forex Level: India’s forex reserves remain healthy at $682.3 billion, says RBI Governor Sanjay Malhotra",https://economictimes.indiatimes.comhttps://economictimes.indiatimes.com/news/economy/indicators/rbi-monetary-policy-2026-forex-level-impact-currency-trading-forex-market-today-usd-inr-rate-indias-forex-reserves-remain-healthy-at-682-3-billion-says-rbi-governor-malhotra/articleshow/131520464.cms,"India's foreign exchange reserves are strong at $682.3 billion. The Reserve Bank of India has used these reserves to stabilize the rupee. Despite recent declines, reserves remain sufficient for imports and external debt. Policy reforms and trade agreements are expected to boost the economy. India is well-positioned to handle global economic challenges."
"RBI to hold rate on Friday, future hike will depend on inflation data: Gita Gopinath",https://economictimes.indiatimes.comhttps://economictimes.indiatimes.com/news/economy/policy/rbi-to-hold-rate-on-friday-future-hike-will-depend-on-inflation-data-gita-gopinath/articleshow/131485928.cms,"The Reserve Bank of India (RBI) is likely to keep interest rates unchanged in the near term and adopt a data-dependent approach before taking any future policy action, according to Gita Gopinath, former First Deputy Managing Director of the International Monetary Fund (IMF)."
"RBI MPC Meeting 2026: Sanjay Malhotra & Co hold rates steady at 5.25% as oil shock, weak rupee & West Asia war cloud outlook",https://economictimes.indiatimes.comhttps://economictimes.indiatimes.com/news/economy/policy/rbi-monetary-policy-meeting-2026-key-announcements-repo-rate-updates-sanjay-malhotra-key-decisions-gdp-inflation-rupee-west-asia-war-strait-of-hormuz-oil/articleshow/131521366.cms,"RBI Monetary Policy Meeting 2026: The Reserve Bank of India maintained the repo rate at 5.25%, balancing inflation risks from rising crude oil prices and a weakening rupee against the need to support economic growth. The decision comes amid geopolitical tensions and concerns over a below-normal monsoon, with the central bank closely monitoring future rate trajectories."
"FIIs, weak global cues among 5 factors that could keep D-St under pressure this week",https://economictimes.indiatimes.comhttps://economictimes.indiatimes.com/markets/stocks/news/fiis-weak-global-cues-among-5-factors-that-could-keep-d-st-under-pressure-this-week/articleshow/131561835.cms,"Indian stock markets may remain under pressure this week amid persistent FII selling, weak global cues, rising geopolitical tensions in West Asia and elevated crude oil prices. While RBI’s policy measures and steps to attract foreign capital could support sentiment, investors will closely track monsoon progress, inflation concerns, global market trends and institutional flows for further market direction."
"Sensex falls over 300 points, Nifty below 23,350 amid persistent FII selling",https://economictimes.indiatimes.comhttps://economictimes.indiatimes.com/markets/stocks/news/sensex-falls-over-300-points-nifty-below-23350-amid-persistent-fii-selling/articleshow/131496030.cms,"Indian stock markets opened lower on Thursday, with Sensex and Nifty declining due to persistent FII selling and global headwinds. Geojit Investments noted that geopolitical uncertainties in West Asia and FPI outflows are weighing on the market, suggesting a cautious approach for investors."
RBI reviews expected credit loss rules amid concerns over impact on SME credit costs,https://economictimes.indiatimes.comhttps://economictimes.indiatimes.com/industry/banking/finance/banking/rbi-reviews-expected-credit-loss-rules-amid-concerns-over-impact-on-sme-credit-costs/articleshow/131449270.cms,"The Reserve Bank of India is taking a closer look at its credit loss regulations, which may result in higher borrowing costs for small and mid-sized firms. With rating agencies recently exceeding default rate benchmarks, there is a chance of elevated risk weights for these businesses."
Shot of hike as painkiller: India’s economic storm calls for decisive MPC action,https://economictimes.indiatimes.comhttps://economictimes.indiatimes.com/opinion/et-commentary/shot-of-hike-as-painkiller-indias-economic-storm-calls-for-decisive-mpc-action/articleshow/131428665.cms,"India's economy faces a perfect storm. The rupee is at historic lows, subsidies are soaring, and fiscal deficit risks are rising. Capital outflows are accelerating, and prices are climbing. The Monetary Policy Committee meets this week. Many expect rates to stay unchanged. However, rising inflation pressures may force a rate hike."
RBI's inflation forecast signals 1-2 rate hikes in coming months: Experts,https://economictimes.indiatimes.comhttps://economictimes.indiatimes.com/news/economy/policy/rbis-inflation-forecast-signals-1-2-rate-hikes-in-coming-months-experts/articleshow/131528642.cms,"Experts anticipate one to two rate hikes in the coming months following the RBI's increased inflation forecast, despite keeping the policy rate unchanged. The central bank also introduced measures to attract foreign capital and support the rupee amidst global economic uncertainties."
"Market wrap: Sensex rises 383 points, Nifty closes near 23,500 as IT stocks shine",https://economictimes.indiatimes.comhttps://economictimes.indiatimes.com/markets/stocks/news/market-wrap-sensex-rises-383-points-nifty-closes-near-23500-as-it-stocks-shine/articleshow/131461150.cms,"Indian stock market staged a sharp recovery, with Sensex and Nifty erasing morning losses to snap a four-session losing streak, led by a strong surge in IT stocks including heavyweight TCS, Infosys, HCL Tech and Tech Mahindra."
"RBI MPC Meeting 2026 Highlights: Sanjay Malhotra & co keeps repo rate unchanged, flags economic risks as Iran war impact penetrates into economy",https://economictimes.indiatimes.comhttps://economictimes.indiatimes.com/news/newsblogs/rbi-monetary-policy-meeting-2026-live-updates-repo-rate-india-gdp-growth-reserve-bank-of-india-governor-sanjay-malhotra-speech-announcements-highlights-5th-june-latest-updates-west-asia-conflict-inflation-forex-gold/liveblog/131519170.cms,"RBI Monetary Policy Meeting: The Reserve Bank of India (RBI) Governor Sanjay Malhotra, under the latest Monetary Policy Committee (MPC), announced its decision to keep the repo rate unchanged and maintain the neutral stance. The June Monetary Policy Committee meeting, led by Governor Sanjay Malhotra, came at a time when the Indian economy is facing impacts of the conflict in West Asia at multiple levels. The Governor said that the duration of supply chain disruptions and its impact on prices foremost concern right now. Repo rate unchanged The repo rate, decided by the Reserve Bank of India, is the interest rate at which the central bank lends short-term funds to commercial banks. The central bank has unanimously decided to keep the key lending rate unchanged at 5.25 per cent and remain data-dependent to closely monitor the developments."
"Sensex recovers 700 points from day’s low, Nifty rises above 23,450. 5 key factors behind market rebound",https://economictimes.indiatimes.comhttps://economictimes.indiatimes.com/markets/stocks/news/sensex-recovers-700-points-from-days-low-nifty-rises-above-23450-5-key-factors-behind-market-rebound/articleshow/131495930.cms,"Indian stock markets staged a strong comeback, with Sensex and Nifty recovering significantly from morning lows. Falling oil prices, a strengthening rupee, and potential scrapping of capital gains tax on FPI investments in government securities boosted investor confidence. Broader markets also saw a sharp rebound, indicating positive sentiment despite recent foreign investor outflows."
RBI likely to keep status quo on policy rate as threats loom,https://economictimes.indiatimes.comhttps://economictimes.indiatimes.com/news/economy/policy/status-quo-on-rbis-policy-rate-likely-as-threats-loom/articleshow/131429094.cms,"A majority of economists polled by ET predict the Reserve Bank of India will hold its policy rate steady at the upcoming June meeting. This decision comes amid concerns over geopolitical tensions and adverse weather forecasts, which threaten economic growth and could fuel inflation."
Rupee rises 5 paise to 95.53 against US dollar in early trade,https://economictimes.indiatimes.comhttps://economictimes.indiatimes.com/markets/forex/rupee-rises-5-paise-to-95-53-against-us-dollar-in-early-trade/articleshow/131381857.cms,"The Indian Rupee gained ground against the US Dollar today. This rise follows an agreement between the US and Iran to extend a ceasefire. Forex traders believe this will ensure continued trade through the Strait of Hormuz. Stable oil prices offer relief to India, an oil-importing nation. However, foreign investment flows remain a key challenge for the Rupee's stability."
"RBI sees services exports, remittances cushioning current account in FY27",https://economictimes.indiatimes.comhttps://economictimes.indiatimes.com/news/economy/indicators/rbi-sees-services-exports-remittances-cushioning-current-account-in-fy27/articleshow/131423174.cms,"India's current account balance will see strong support in 2026-27. Robust growth in software and business services exports will be a key factor. Inward remittances from countries outside the Gulf will also contribute significantly. These strengths will help buffer the economy against global uncertainties. Policy measures are also expected to attract foreign investment, further bolstering the external sector."
"Sensex tumbles over 1,100 points, Nifty below 23,200. 6 key factors behind today's D-Street rout",https://economictimes.indiatimes.comhttps://economictimes.indiatimes.com/markets/stocks/news/why-is-market-falling-today-sensex-drops-700-points-nifty-below-23300-5-key-factors-behind-today-d-street-rout/articleshow/131454333.cms,"Indian stock markets experienced a significant downturn on Monday, with benchmark indices Sensex and Nifty falling over 1% each. Rising Iran-US tensions, persistent FII selling, and a surge in oil prices contributed to a broad-based selloff, wiping out over Rs 3 lakh crore from market capitalization. IT stocks also saw considerable losses after a recent bull run."
"RBI MPC meet: Central bank likely to maintain status quo on rates, adopt cautious approach amid West Asia crisis",https://economictimes.indiatimes.comhttps://economictimes.indiatimes.com/news/economy/policy/rbi-set-to-keep-rates-steady-amid-west-asia-crisis-experts-predict-cautious-economic-outlook/articleshow/131421956.cms,"Experts anticipate the Reserve Bank of India will maintain its key policy rate at 5.25 percent this week. The central bank is expected to adopt a cautious approach, considering potential inflation headwinds and growth challenges. Factors like West Asia turmoil, rising energy prices, and a weakening rupee are influencing this outlook."
India bond gains capped by smaller than expected RBI dividend,https://economictimes.indiatimes.comhttps://economictimes.indiatimes.com/markets/bonds/india-bond-gains-capped-by-smaller-than-expected-rbi-dividend/articleshow/131263805.cms,"The benchmark 6.48% 2035 bond yield settled at 7.0917%, bouncing off the day's low of 7.0636%, but still 2.2 basis points below Thursday's close. The ⁠yield ⁠rose 3 bps on the week after sharp swings inrecent sessions. Bond prices move inversely to yields."
"June quarter earnings to determine market direction, says Sunil Subramaniam, warns on risks in near term",https://economictimes.indiatimes.comhttps://economictimes.indiatimes.com/markets/expert-view/june-quarter-earnings-to-determine-market-direction-says-sunil-subramaniam-warns-on-risks-in-near-term/articleshow/131277392.cms,"Market expert Sunil Subramaniam advised caution amid geopolitical uncertainty and rising input costs, while favouring consumer durables, capital goods and PSBs. He expects volatility to remain elevated as crude prices, RBI policy decisions and Q1 earnings determine market direction in coming months."
Experts see possibility of 50-75 bps RBI rate hike amid inflation pressures,https://economictimes.indiatimes.comhttps://economictimes.indiatimes.com/markets/forex/experts-see-possibility-of-50-75-bps-rbi-rate-hike-amid-inflation-pressures/articleshow/131218489.cms,"Concerns are rising over India's economic outlook due to surging crude oil prices and inflation. Experts suggest the Reserve Bank of India might increase interest rates in the coming quarters. Global uncertainties and geopolitical tensions are adding pressure. While some anticipate a cautious pause, persistent inflation risks could lead to policy tightening."
"JP Morgan warns of FY27 earnings risk, says Nifty can fall to 20,500 in bear case",https://economictimes.indiatimes.comhttps://economictimes.indiatimes.com/markets/stocks/news/jp-morgan-warns-of-fy27-earnings-risk-says-nifty-can-fall-to-20500-in-bear-case/articleshow/131197335.cms,"JP Morgan has cautioned that India’s FY27 earnings face significant risks from an extended energy and logistics shock linked to the Middle East conflict. The brokerage warned that the Nifty50 could slip to 20,500 in a bear case, even as it maintains a 27,000 base-case target amid fragile macro signals."
"India to use AI to protect consumers from money mule banking cyber fraud, announces Home Minister Amit Shah",https://economictimes.indiatimes.comhttps://economictimes.indiatimes.com/wealth/save/india-to-use-ai-to-protect-consumers-from-money-mule-banking-cyber-fraud-announces-home-minister-amit-shah/articleshow/131064321.cms,"India will now use Artificial Intelligence to fight money mule banking cyber fraud. The Home Minister announced a partnership between the Indian Cyber Crime Coordination Centre and the Reserve Bank of India’s Innovation Hub. This collaboration will help detect and block suspicious accounts faster. Consumers can expect safer digital transactions across UPI, online banking, and fintech platforms."
"Sensex dips 3,400 points in 4 days. Is this the beginning of a bigger crash?",https://economictimes.indiatimes.comhttps://economictimes.indiatimes.com/markets/stocks/news/sensex-dips-3400-points-in-4-days-is-this-the-beginning-of-a-bigger-crash/articleshow/131037444.cms,"Indian equity markets fell for a fourth straight session as rising crude oil prices, geopolitical tensions, FII selling, and a record-low rupee triggered sharp losses across benchmark, midcap, and smallcap indices. Analysts warned volatility may persist unless global tensions ease and inflation concerns stabilise."
Turning Defensive! Why bond markets are repricing risk amid global pressures,https://economictimes.indiatimes.comhttps://economictimes.indiatimes.com/markets/bonds/turning-defensive-why-bond-markets-are-repricing-risk-amid-global-pressures/articleshow/131028380.cms,"Fixed income markets face complexity as global and domestic forces necessitate a defensive stance, particularly on duration. The RBI's ability to lower rates is constrained by external pressures, leading to a widening gap between policy and market yields. Bandhan AMC has shifted to an underweight duration position, reducing exposure to long-duration government securities."
"CSB Bank cautious on gold loans, focuses on wholesale business, says MD Pralay Mondal",https://economictimes.indiatimes.comhttps://economictimes.indiatimes.com/markets/expert-view/csb-bank-cautious-on-gold-loans-focuses-on-wholesale-business-says-md-pralay-mondal/articleshow/130831071.cms,"CSB Bank is turning cautious on gold loans amid price volatility linked to geopolitical tensions. The lender expects slower growth, shifting focus to wholesale and SME lending while leveraging digital capabilities, maintaining stable credit growth and conservative loan-to-value ratios."
Is the RBI fighting the wrong battle? Why rate hikes may not solve India’s current inflation problem,https://economictimes.indiatimes.comhttps://economictimes.indiatimes.com/markets/stocks/news/is-the-rbi-fighting-the-wrong-battle-why-rate-hikes-may-not-solve-indias-current-inflation-problem/articleshow/130382575.cms,"Rising oil prices due to the West Asia conflict have lifted inflation expectations, but underlying demand in India remains weak. Despite market signals pointing to possible rate hikes, historical trends and current macro conditions suggest the RBI may hold off, favouring supportive monetary policy amid fragile growth and supply-driven inflation pressures."
"Long-term bonds are cheap now; patient investors may gain big, says Rahul Goswami of Franklin Templeton",https://economictimes.indiatimes.comhttps://economictimes.indiatimes.com/wealth/invest/long-term-bonds-are-cheap-now-patient-investors-may-gain-big-says-rahul-goswami-of-franklin-templeton/articleshow/130346901.cms,"Rate cuts are off the table, inflation is creeping up, and the Strait of Hormuz remains a wildcard. In a candid interview with ET Wealth’s Kayezad E. Adajania, Rahul Goswami of Franklin Templeton, sees a clear opportunity in long-dated bonds for investors who can stomach near-term volatility."
Iran truce spurs best week for India bonds in over six years,https://economictimes.indiatimes.comhttps://economictimes.indiatimes.com/markets/bonds/iran-truce-spurs-best-week-for-india-bonds-in-over-six-years/articleshow/130170096.cms,"Indian government bonds ended their best week in six-and-a-half years on Friday, as a fragile truce between U.S. and Iran cooled oil prices and a neutral central bank policy aided sentiment."
"Rupee ends higher; traders eye Trump's Iran deadline, RBI policy decision",https://economictimes.indiatimes.comhttps://economictimes.indiatimes.com/markets/forex/forex-news/rupee-ends-higher-traders-eye-trumps-iran-deadline-rbi-policy-decision/articleshow/130084563.cms,"The Indian rupee closed stronger on Tuesday, supported by the unwinding of residual arbitrage positions, while traders braced for a U.S. deadline to reach a deal with Iran and the Reserve Bank of India's monetary policy decision."
"RBI policy on expected lines, focused on stability and proactivity: R. Gandhi",https://economictimes.indiatimes.comhttps://economictimes.indiatimes.com/markets/expert-view/rbi-policy-on-expected-lines-focused-on-stability-and-proactivity-r-gandhi/articleshow/130107152.cms,"The Reserve Bank of India's recent monetary policy announcement offered clarity amidst global uncertainties, with former Deputy Governor R. Gandhi highlighting the MPC's expected assessment and projections. The RBI's proactive stance, as evidenced by its willingness to intervene during rupee volatility, signals a commitment to maintaining economic equilibrium and mitigating market fluctuations."
"Ceasefire, RBI policy cool bond yields by 0.15 pc to slip below 7%",https://economictimes.indiatimes.comhttps://economictimes.indiatimes.com/markets/bonds/ceasefire-rbi-policy-cool-bond-yields-by-0-15-pc-to-slip-below-7/articleshow/130116524.cms,"Indian bond yields ended nearly 0.15 per cent lower on Wednesday, taking comfort from the conditional ceasefire in the West Asia conflict, and Reserve Bank of India (RBI) maintaining the status quo on policy rate."
"India's 10-year bond yield slumps most in four years on Iran truce, RBI policy",https://economictimes.indiatimes.comhttps://economictimes.indiatimes.com/markets/bonds/indias-10-year-bond-yield-slumps-most-in-four-years-on-iran-truce-rbi-policy/articleshow/130113290.cms,"Indian bonds rallied on Wednesday, with the benchmark yield posting its biggest fall in four years, as oil prices slumped following a two-week truce between the U.S. and Iran, while the central bank kept its policy rate unchanged."
"RBI eases NPA-linked capital rules, scraps IFR buffer for banks",https://economictimes.indiatimes.comhttps://economictimes.indiatimes.com/news/economy/policy/rbi-eases-npa-linked-capital-rules-scraps-ifr-buffer-for-banks/articleshow/130104258.cms,The Reserve Bank of India is easing capital rules for banks. A key condition linking quarterly profits to capital adequacy based on NPA provisioning is being removed. The central bank also plans to eliminate the Investment Fluctuation Reserve. These changes aim to strengthen bank balance sheets.
RBI MPC at a glance: Your one-stop guide for all key decisions,https://economictimes.indiatimes.comhttps://economictimes.indiatimes.com/news/economy/policy/rbi-mpc-keeting-2026-at-a-glance-rbi-governor-sanjay-malhotra-speech-highlights-repo-rate-policy-decisions/articleshow/130102278.cms,"The Reserve Bank of India has maintained the repo rate at 5.25%. India's economy shows strong growth driven by domestic demand. Inflation is easing but global risks persist. The central bank projects a GDP growth of 7.6% for the fiscal year 2026. Business sentiment remains positive, and the banking system is efficient."
"ETMarkets Smart Talk| FY26 a year of consolidation, not breakdown; global stability key for revival in FY27: Somil Mehta",https://economictimes.indiatimes.comhttps://economictimes.indiatimes.com/markets/expert-view/etmarkets-smart-talk-fy26-a-year-of-consolidation-not-breakdown-global-stability-key-for-revival-in-fy27-somil-mehta/articleshow/130223880.cms,"Indian markets experienced consolidation in FY26 due to global headwinds, but underlying economic strength remains. FY27 revival hinges on global stability and domestic growth drivers like government capex and consumption. Investors should focus on sectors with earnings visibility and policy support, while gold and silver offer hedging."
"RBI holds repo rate, warns of impact of West Asia conflict on economy",https://economictimes.indiatimes.comhttps://economictimes.indiatimes.com/news/economy/policy/rbi-holds-repo-rate-warns-of-impact-of-west-asia-conflict-on-economy/articleshow/130105728.cms,"The Reserve Bank of India maintained its key interest rate and neutral stance, citing geopolitical risks from the West Asian conflict. While growth forecasts for FY27 were lowered and inflation projections raised, the RBI emphasized the potential impact on oil prices, agriculture, and global liquidity. The central bank aims to balance inflation control with economic growth."
RBI Policy Meeting 2026 Live: Sanjay Malhotra holds repo rate at 5.25%; hints at interest low rate in short-medium term,https://economictimes.indiatimes.comhttps://economictimes.indiatimes.com/news/newsblogs/rbi-monetary-policy-meeting-2026-live-updates-repo-rate-india-gdp-growthreserve-bank-of-india-governor-sanjay-malhotra-speech-announcements-highlights-8th-april/liveblog/130099615.cms,"RBI Monetary Policy Meeting: Sanjay Malhotra-led RBI MPC kept repo rate unchanged at 5.25 per cent as the West Asia war continues to cast its shadow on the global economy. The Reserve Bank of India (RBI) concluded its Monetary Police Committee meeting on Wednesday. The central bank estimated the real GDP growth for FY27 at 6.9 per cent. The MPC meeting of the Reserve Bank of India (RBI) was conducted in the background of tough geopolitical conditions and fluctuating global energy prices. India's economic growth is said to be impacted by the ongoing conflict in West Asia, as global supply chains remain disrupted for more than six weeks in a row."
"Stay calm, stay invested, says Dipan Mehta; prefers PSU banks & NBFCs among financials",https://economictimes.indiatimes.comhttps://economictimes.indiatimes.com/markets/expert-view/stay-calm-stay-invested-says-dipan-mehta-prefers-psu-banks-nbfcs-among-financials/articleshow/130129801.cms,"Amidst global market jitters, Elixir Equities' Dipan Mehta advises investors to exercise patience, resisting drastic portfolio changes. He highlights oil prices as a key indicator for market stability. Mehta suggests a cautious approach to banking, favoring PSU banks and diversified NBFCs, while seeing potential in EV-focused auto players and currency-driven exports."
"Iran war ceasefire fails to bring FIIs to India, Rs 2,811 crore sold as caution lingers",https://economictimes.indiatimes.comhttps://economictimes.indiatimes.com/markets/stocks/news/iran-war-ceasefire-fails-to-bring-fiis-to-india-rs-2054-crore-sold-as-caution-lingers/articleshow/130116804.cms,"Indian equities rallied sharply after easing geopolitical tensions and falling oil prices, boosting sentiment and rate-sensitive sectors. Despite this, foreign investors continued selling, reflecting caution. Stable policy and improving macro conditions support outlook, but sustainability depends on earnings, oil trends and global developments."
RBI Monetary Policy 2026 Live Streaming: When and where to watch the address of Governor Sanjay Malhotra today?,https://economictimes.indiatimes.comhttps://economictimes.indiatimes.com/news/economy/policy/rbi-mpc-meet-2026-live-streaming-date-time-when-and-where-to-watch-address-of-governor-sanjay-malhotra/articleshow/130100266.cms,RBI MPC Meeting Live Telecast: The Monetary Policy Committee of the Reserve Bank of India will announce its decision on interest rate and other key monetary policies on April 8. RBI Governor Sanjay Malhotra will give a statement on the Monetary Policy Committee’s decision. You can watch his address on the official YouTube channel and Twitter handle of the Reserve Bank of India.
"Stocks braced for volatility as RBI policy, West Asia conflict take centre stage, say analysts",https://economictimes.indiatimes.comhttps://economictimes.indiatimes.com/markets/stocks/news/stocks-braced-for-volatility-as-rbi-policy-west-asia-conflict-take-centre-stage-say-analysts/articleshow/130037689.cms,"The domestic stock market is expected to remain volatile this week as investors track the Reserve Bank's monetary policy decision, key global macroeconomic data and the impact of the West Asia conflict, analysts said."
"RBI rate hikes look inevitable in 2026: How it can impact banks, realty, rate sensitive stocks",https://economictimes.indiatimes.comhttps://economictimes.indiatimes.com/markets/stocks/news/rbi-rate-hikes-look-inevitable-in-2026-how-it-can-impact-banks-realty-rate-sensitive-stocks/articleshow/130102903.cms,"Amidst geopolitical tensions and rising inflation fears, analysts anticipate the RBI may hike its policy repo rate by 50 basis points in 2026. This potential shift could significantly impact rate-sensitive sectors like banking and real estate, which are already showing signs of fragility despite current demand."
"RBI retains FY26 GDP at 7.6%; sets FY27 growth at 6.9%, inflation at 4.6% as war risks mount",https://economictimes.indiatimes.comhttps://economictimes.indiatimes.com/news/economy/indicators/india-retains-fy26-gdp-at-7-6-sets-fy27-growth-at-6-9-inflation-at-4-6-as-war-risks-mount/videoshow/130103729.cms,
"Iran‑US war impact: RBI MPC lists five key areas that threaten global supply chains, economy",https://economictimes.indiatimes.comhttps://economictimes.indiatimes.com/news/india/iranus-war-impact-rbi-mpc-lists-five-key-areas-that-threaten-global-supply-chains-economy/videoshow/130103350.cms,
"RBI pause now, tightening later: A delicate trade-off with rising tail risks",https://economictimes.indiatimes.comhttps://economictimes.indiatimes.com/markets/stocks/news/rbi-pause-now-tightening-later-a-delicate-trade-off-with-rising-tail-risks/articleshow/130076809.cms,"India's economy faces testing times from rising oil prices and global uncertainty. While growth is solid, it is uneven and vulnerable. Inflation is moderating but fragile. The Reserve Bank of India anticipates a cautious approach to interest rates. Deeper reforms and sharper policy focus are crucial for sustained growth amidst evolving global challenges."
"Crude oil, remittances & exports: RBI spells out where the Iran war bites India",https://economictimes.indiatimes.comhttps://economictimes.indiatimes.com/news/economy/indicators/rbi-mpc-meeting-2026-war-impact-measures-strategy-india-inflation-economy-west-asia-oil-exports-remittances/articleshow/130102207.cms,"The Reserve Bank of India emphasises the ramifications of the West Asia conflict on the nation's economy. Fluctuating energy prices, uncertainties in trade, and market volatility present emerging risks. While the country's foundational economic strengths are robust, the potential impact of external disruptions is worrisome."
When fear outpaces fundamentals: Why RBI’s signal matters more than rates,https://economictimes.indiatimes.comhttps://economictimes.indiatimes.com/opinion/et-commentary/when-fear-outpaces-fundamentals-why-rbis-signal-matters-more-than-rates/articleshow/130007021.cms,"India faces geopolitical turbulence despite strong economic fundamentals. The Reserve Bank of India's upcoming policy decision is crucial. Rising inflation and potential growth slowdown present challenges. The central bank must manage uncertainty, avoid premature tightening, and focus on domestic stability. Clear communication on currency management is vital to counter market fears and reinforce India's underlying economic strengths."
"India bonds jump on Mideast peace proposal, 10-year yield slides most in 15 weeks",https://economictimes.indiatimes.comhttps://economictimes.indiatimes.com/markets/bonds/india-bonds-jump-on-mideast-peace-proposal-10-year-yield-slides-most-in-15-weeks/articleshow/130060680.cms,"Indian bonds surged on Monday, with the 10-year yield falling the most in nearly 15 weeks, on hopes of an end to the Middle East war after the U.S. and Iran received the framework for a plan to end their five-week-old conflict."
Monetary Policy statement by RBI Governor Sanjay Malhotra | Repo rate | NSE | BSE,https://economictimes.indiatimes.comhttps://economictimes.indiatimes.com/news/india/monetary-policy-statement-by-rbi-governor-sanjay-malhotra-repo-rate-nse-bse/videoshow/130102369.cms,
MPC Forex Level: India forex reserves rebound to $697.1 bn as RBI flags volatility management,https://economictimes.indiatimes.comhttps://economictimes.indiatimes.com/news/economy/indicators/rbi-monetary-policy-2026-forex-level-impact-currency-trading-forex-market-today-usd-inr-rate-reserves-rebound-to-697-1-bn-as-rbi-flags-volatility-management/articleshow/130102729.cms,"MPC Forex Level refers to the impact of Monetary Policy Committee decisions on currency exchange rates. Understand how RBI’s interest rate decisions, inflation outlook, and repo rate changes influence forex markets, USD/INR movement, and trading strategies for investors and traders. India's foreign exchange reserves have seen a welcome rise, reaching $697.1 billion. This marks a recovery after recent significant drops."
RBI MPC Highlights: What Governor Sanjay Malhotra announced today,https://economictimes.indiatimes.comhttps://economictimes.indiatimes.com/news/economy/policy/rbi-mpc-highlights-what-governor-sanjay-malhotra-announced-today/articleshow/130102402.cms,"The Reserve Bank of India has maintained its key repo rate at 5.25 percent. This decision reflects a neutral stance. India's economy shows strong growth prospects for FY26. However, global conflicts pose risks to supply chains and inflation. The RBI will closely monitor these evolving global and domestic factors."
Crude at $70 in 2026? That may remain a distant dream,https://economictimes.indiatimes.comhttps://economictimes.indiatimes.com/industry/energy/oil-gas/iran-war-crude-at-70-in-2026-that-may-remain-a-distant-dream/articleshow/130054991.cms,"Crude oil prices are unlikely to fall below USD 70 this year and may settle between USD 80-85 per barrel in 2026. This forecast suggests ongoing global uncertainties will keep prices elevated. For India, this could mean slower GDP growth and inflation above 4.5 percent. The Reserve Bank of India's policy response will be crucial."
"ETMarkets Smart Talk | FY26 a year of consolidation, not breakdown; global stability key for revival in FY27: Somil Mehta",https://economictimes.indiatimes.comhttps://economictimes.indiatimes.com/markets/expert-view/etmarkets-smart-talk-fy26-a-year-of-consolidation-not-breakdown-global-stability-key-for-revival-in-fy27-somil-mehta/articleshow/130080229.cms,"Indian markets experienced consolidation in FY26 due to global headwinds, but underlying economic strength remains. FY27 revival hinges on global stability and domestic growth drivers like government capex and consumption. Investors should focus on sectors with strong earnings visibility and policy support."
"IT rebound, banking bets & global themes: Sandip Agarwal maps the market playbook",https://economictimes.indiatimes.comhttps://economictimes.indiatimes.com/markets/expert-view/it-rebound-banking-bets-global-themes-sandip-agarwal-maps-the-market-playbook/articleshow/130102724.cms,"Market expert Sandip Agarwal sees a structural turn in IT stocks driven by a weakening rupee and cooled valuations, expecting significant EPS growth. He also highlights emerging value in the banking sector, while advising caution on EMS and consumption due to seasonal and supply chain concerns."
RBI to focus on managing INR volatility over liquidity: Tanvee Gupta Jain,https://economictimes.indiatimes.comhttps://economictimes.indiatimes.com/markets/expert-view/rbi-to-focus-on-managing-inr-volatility-over-liquidity-tanvee-gupta-jain/articleshow/130080055.cms,The Reserve Bank of India faces a challenging policy review. Global uncertainties and volatile oil prices are key concerns. Experts highlight rising external risks and currency weakness. The central bank must balance growth and inflation. Policy decisions will shape India's economic future.
Indian banks likely to face margin pressure amid tighter liquidity in FY27: Fitch,https://economictimes.indiatimes.comhttps://economictimes.indiatimes.com/industry/banking/finance/banking/indian-banks-likely-to-face-margin-pressure-amid-tighter-liquidity-in-fy27-fitch/articleshow/129968644.cms,"Indian banks may see tighter margins. The Reserve Bank of India faces challenges injecting funds due to rupee volatility. Global risks could further impact bank earnings. Despite this, Indian banks are seen as resilient. Liquidity surplus in the banking system has decreased. Rupee pressure could limit the RBI's policy options. Direct foreign currency risks for banks remain limited."
"RBI's policy battle amid oil shock, rupee pressure to be complex as many challenges ahead: Report",https://economictimes.indiatimes.comhttps://economictimes.indiatimes.com/news/economy/indicators/rbis-policy-battle-amid-oil-shock-rupee-pressure-to-be-complex-as-many-challenges-ahead-report/articleshow/129771716.cms,"The Reserve Bank of India faces a complex policy challenge amid rising energy prices, with trade-offs between inflation, growth, liquidity and currency stability, according to an Emkay Global Financial Services report."
"Sensex rises for 4th consecutive day, jumps 510 pts; Nifty above 23,100",https://economictimes.indiatimes.comhttps://economictimes.indiatimes.com/markets/stocks/news/bulls-return-to-dalal-street-sensex-jumps-510-pts-nifty-above-23100-for-4th-consecutive-day/articleshow/130083643.cms,"Indian stock markets rebounded strongly on Tuesday, with Sensex and Nifty gaining nearly 2% each after recovering from morning lows. This surge, driven by a strong rupee and positive investor sentiment, added Rs 2 lakh crore to the market capitalization. IT stocks led the gains, while India Vix saw a significant decline."
RBI policy review: MPC keeps repo rate unchanged at 5.15%,https://economictimes.indiatimes.comhttps://economictimes.indiatimes.com/markets/stocks/news/rbi-policy-review-mpc-keeps-repo-rate-unchanged-at-5-15/articleshow/73977138.cms,"With economy showing visible signs of green shoots, RBI decided to focus on taming inflation."
Measures to address the war's fallout lie outside MPC's remit - GoI and RBI must step up,https://economictimes.indiatimes.comhttps://economictimes.indiatimes.com/opinion/et-commentary/measures-to-address-the-wars-fallout-lie-outside-mpcs-remit-goi-and-rbi-must-step-up/articleshow/130044629.cms,The Reserve Bank of India's Monetary Policy Committee meets amid a West Asian war. This conflict disrupts supply chains and raises crude oil prices. Inflation is rising while growth shows signs of slowing. The committee must navigate these challenges. The government and RBI are taking steps to manage the rupee's depreciation. Future economic projections will be crucial.
"RBI policy outcome: The good, bad and ugly for D-Street investors",https://economictimes.indiatimes.comhttps://economictimes.indiatimes.com/markets/stocks/news/rbi-policy-outcome-the-good-bad-and-ugly-for-d-street-investors/articleshow/102603319.cms,The banking regulator kept the repo rate unchanged for the third time at 6.5% while retaining the FY24 GDP forecasts of 6.5%. RBI Governor Shaktikanta Das revised the FY24 inflation upwards to 5.4% from an earlier 5.1%.
"Rs 5 lakh crore gains! Sensex soars 787 pts, Nifty reclaims 22,950; Iran-US ceasefire framework, 3 other factors behind the rally",https://economictimes.indiatimes.comhttps://economictimes.indiatimes.com/markets/stocks/news/why-is-stock-market-riing-today-rs-3-lakh-crore-added-sensex-jumps-500-pts-nifty-near-22900-iran-us-ceasefire-framework-3-other-factors-behind-d-st-rally/articleshow/130055571.cms,"Indian stock markets staged a remarkable recovery, erasing morning losses to turn positive by afternoon. This surge was primarily fueled by media reports of a Pakistan-brokered Iran-US ceasefire framework, significantly boosting investor confidence. Key sectors like Consumer Durables led the gains, while Reliance Industries bucked the trend."
"Markets await clarity, valuations offer key support: Punita Kumar Sinha",https://economictimes.indiatimes.comhttps://economictimes.indiatimes.com/markets/expert-view/markets-await-clarity-valuations-offer-key-support-punita-kumar-sinha/articleshow/129895018.cms,"Geopolitical tensions and rising energy prices are creating market uncertainty, with traditional safe havens failing to provide comfort. While the war's outcome remains unclear, Indian market valuations offer a cushion, trading below historical averages. Positive developments could trigger a rally, as markets have historically rebounded from crises."
"Q4 impact: Bank stocks slump up to 32% in 3 months, but brokerages bet on SBI, HDFC Bank, 6 more stocks. Check why",https://economictimes.indiatimes.comhttps://economictimes.indiatimes.com/markets/stocks/news/q4-impact-bank-stocks-slump-up-to-32-in-3-months-but-brokerages-bet-on-sbi-hdfc-bank-6-more-stocks-check-why/articleshow/129994128.cms,"Banking stocks have slumped up to 32% over three months, underperforming the Nifty amid FII outflows, rising oil prices and rate concerns. Brokerages remain selective, backing SBI, ICICI Bank and others despite margin pressure. Q4 results and FY27 outlook will be key triggers for the sector’s recovery."
Not-so-happy new financial year!,https://economictimes.indiatimes.comhttps://economictimes.indiatimes.com/opinion/et-editorial/not-so-happy-new-financial-year/articleshow/129933402.cms,"Indian stock markets saw their worst year since the pandemic in FY26. Foreign investors sold a record amount of Indian shares. Global events like trade tariffs and regional conflicts impacted investor sentiment. The Rupee also declined significantly. Despite these challenges, India's economic fundamentals remain robust, offering resilience against global shocks. Market recovery hinges on energy price stability."
Indian Banks strong enough to be impacted by the Adani crisis,https://economictimes.indiatimes.comhttps://economictimes.indiatimes.com/news/economy/policy/indian-banks-strong-enough-to-be-impacted-by-the-adani-crisis/videoshow/97726949.cms,
Fixed deposit rates likely to decline in coming weeks,https://economictimes.indiatimes.comhttps://economictimes.indiatimes.com/news/economy/finance/fixed-deposit-rates-likely-to-decline-in-coming-weeks/articleshow/7885534.cms,Oriental Bank of Commerce slashed interest rates on fixed deposits of over Rs 1 crore by up to 1 per cent for select maturities.
How to trade Nifty Bank ahead of monthly expiry and RBI policy,https://economictimes.indiatimes.comhttps://economictimes.indiatimes.com/markets/stocks/news/how-to-trade-nifty-bank-ahead-of-monthly-expiry-and-rbi-policy/articleshow/94448992.cms,"Due to the sharp rise in US bond yields, Indian bond yields have also moved up sharply with 2-year bond yields moving to their 3 years high and almost 50bps move in the last 1 week itself. It has impacted banking stocks adversely and profit booking was experienced ahead of RBI’s monetary policy."
How to trade Nifty Bank ahead of monthly expiry and RBI policy,https://economictimes.indiatimes.comhttps://economictimes.indiatimes.com/markets/stocks/news/how-to-trade-nifty-bank-ahead-of-monthly-expiry-and-rbi-policy/articleshow/94448992.cms,"Due to the sharp rise in US bond yields, Indian bond yields have also moved up sharply with 2-year bond yields moving to their 3 years high and almost 50bps move in the last 1 week itself. It has impacted banking stocks adversely and profit booking was experienced ahead of RBI’s monetary policy."
"RBI, pause again. Give growth another chance",https://economictimes.indiatimes.comhttps://economictimes.indiatimes.com/opinion/et-commentary/rbi-pause-again-give-growth-another-chance/articleshow/100829680.cms,"With lower imported inflation, thanks to a sustained phase of monetary tightening in advanced economies led by the US Fed, RBI's MPC could safely pause and yet lower its projected inflation estimate for Q1 FY2024"
"RBI policy verdict tomorrow: As tomatoes paint inflation red, can Das soothe D-St’s frayed nerves?",https://economictimes.indiatimes.comhttps://economictimes.indiatimes.com/markets/stocks/news/rbi-policy-verdict-tomorrow-as-tomatoes-paint-inflation-red-can-das-soothe-d-sts-frayed-nerves/articleshow/102560111.cms,"Inflation will take centre-stage during the 3-day panel discussion in the backdrop of the recent surge in vegetable prices, particularly tomatoes. Since June, prices of tomatoes have increased by more than 5 times."
Equity benchmark indices fall ahead of RBI policy review,https://economictimes.indiatimes.comhttps://economictimes.indiatimes.com/markets/stocks/news/indices-fall-ahead-of-rbi-policy-review/articleshow/102552665.cms,"The broader market, however, ended positive. The Nifty Midcap 150 index gained 0.26% and Nifty Small-cap 250 index rose 0.16%. Foreign portfolio investors sold shares worth ₹711.34 crore on Tuesday. Domestic institutions were buyers to the tune of ₹537.31 crore."
RBI Policy Print,https://economictimes.indiatimes.comhttps://economictimes.indiatimes.com/markets/web-stories/everything-you-need-to-know-about-rbis-surprise-pause-7-points/rbi-policy-print/slideshow/99294551.cms,
RBI policy ahead,https://economictimes.indiatimes.comhttps://economictimes.indiatimes.com/markets/stocks/news/q2-earnings-the-story-so-far/rbi-policy-ahead/slideshow/66839409.cms,
RBI Policy Outlook,https://economictimes.indiatimes.comhttps://economictimes.indiatimes.com/markets/stocks/news/strong-macros-low-inflation-to-anchor-yields-says-mahendra-jajoo/rbi-policy-outlook/slideshow/123425561.cms,
RBI Policy Preview,https://economictimes.indiatimes.comhttps://economictimes.indiatimes.com/markets/stocks/news/rbi-poised-to-hold-rates-at-5-50-amid-mixed-signals/rbi-policy-preview/slideshow/124206298.cms,
RBI Policy Context,https://economictimes.indiatimes.comhttps://economictimes.indiatimes.com/markets/stocks/news/dovish-rbi-policy-spurs-corporate-bond-issuances/rbi-policy-context/slideshow/124620001.cms,
"Markets movement to depend on earnings season, RBI policy: Prashastha Seth",https://economictimes.indiatimes.comhttps://economictimes.indiatimes.com/markets/stocks/recos/markets-movement-to-depend-on-earnings-season-rbi-policy-prashastha-seth/articleshow/9098976.cms,"Wait for two things, a) how the quarterly results pan out over the next few days and b) what is essentially the outcome of the RBI policy."
RBI policy review kicks off. What stock investors should expect,https://economictimes.indiatimes.comhttps://economictimes.indiatimes.com/markets/stocks/news/rbi-policy-review-kicks-off-what-stock-investors-should-expect/articleshow/93324112.cms,"""Alternatively, the MPC could choose to hike by a more aggressive 50 bps - same as June, joining some DM and regional central banks in sending a more decisive signal,” BofA Securities said.“On the other hand, we also cannot completely rule out a 25 bps hike as the MPC could acknowledge that inflation has peaked and cite downside risks to their estimates, resorting to standard, more measured hikes,"" it added."
Dalal Street's wait for RBI rate cuts just got longer. Here’s what analysts said after MPC outcome,https://economictimes.indiatimes.comhttps://economictimes.indiatimes.com/markets/stocks/news/dalal-streets-wait-for-rbi-rate-cuts-just-got-longer-heres-what-analysts-said-after-mpc-outcome/articleshow/100842997.cms,"The Reserve Bank of India (RBI) has kept its rates on hold for a second consecutive month despite expectations for a cut. The decision was attributed to concerns over ""upside risks"" including the potential impact of El Nino on India's monsoon season and continued monetary tightening by central banks globally. Inflation remains higher than the 4% target and last week Canada's central bank made an unexpected rate rise. Some market participants noted the pause signalled that the wait for rate cuts could be an extended one."
"No fireworks in RBI policy see auto, realty, FMCG stocks cooling off; banks trade steady",https://economictimes.indiatimes.comhttps://economictimes.indiatimes.com/markets/stocks/news/no-fireworks-in-rbi-policy-see-auto-realty-fmcg-stocks-cooling-off-banks-trade-steady/articleshow/100840692.cms,"After the Reserve Bank of India decided to maintain its policy rates, banking stocks remained stable while stocks in rate-sensitive sectors such as automobiles and real estate faced profit booking. The reaction of the stock market was expected, with investors predicting no major surprises in the policy statement. Although the RBI Governor highlighted macroeconomic improvements, concerns about monsoon season and the potential impact of El-Nino conditions still linger. The central bank maintained a GDP growth forecast for FY24 of 6.5%."
"RBI Policy Decision: Repo rate left unchanged at 6.5%; Sensex, Nifty slide",https://economictimes.indiatimes.comhttps://economictimes.indiatimes.com/markets/stocks/news/rbi-policy-decision-repo-rate-left-unchanged-sensex-nifty-erase-gains/articleshow/107511842.cms,"Despite the monetary policy action being on expected lines, the equity market tumbled. Sensex lost over 700 points while Nifty slipped below the 21,750 mark. Unlike in the previous meeting, the decision to leave rates unchanged this time was favoured by 5 of the 6-member MPC panel."
Will bears return to D-Street after RBI policy verdict? Here's what trends suggest,https://economictimes.indiatimes.comhttps://economictimes.indiatimes.com/markets/stocks/news/will-d-street-bulls-hold-fort-before-rbi-policy-verdict-see-what-experts-say-historical-data-show/articleshow/105798948.cms,But a sense of fatigue among Dalal Street bulls was felt on Wednesday after Nifty50 dropped almost 100 points from its lifetime high-level intraday.
"RBI goes for 25 bps repo rate cut, 3rd in a row; shifts stance to 'accommodative'",https://economictimes.indiatimes.comhttps://economictimes.indiatimes.com/markets/stocks/news/rbi-goes-for-25-bps-rate-cut-3rd-in-a-row-shifts-policy-stance-to-accommodative/articleshow/69672462.cms,The RBI press statement said all the six members voted in favour of a 25 bps rate cut.
"While bourses look at when uncertainty prices itself into valuations, Trump plays blackjack",https://economictimes.indiatimes.comhttps://economictimes.indiatimes.com/opinion/et-commentary/while-bourses-look-at-when-uncertainty-prices-itself-into-valuations-trump-plays-blackjack/articleshow/129784586.cms,"Indian stock markets face pressure from escalating West Asian geopolitical tensions. Rising oil prices impact India's economy, affecting inflation and the rupee. While some sectors show resilience, others face significant challenges. Policymakers navigate a difficult path between inflation control and growth support. India's strong forex reserves and diversified crude sourcing offer some buffer against disruptions."
RBI Policy: Analysts see room for more rate cuts to boost economy,https://economictimes.indiatimes.comhttps://economictimes.indiatimes.com/markets/stocks/news/rbi-policy-analysts-see-room-for-more-rate-cuts-to-boost-economy/articleshow/71436589.cms,Here’s how Dalal Street experts and economists reacted to the RBI policy outcome.
RBI policy positive for housing sector,https://economictimes.indiatimes.comhttps://economictimes.indiatimes.com/news/economy/policy/rbi-policy-positive-for-housing-sector/articleshow/90723291.cms,The regulator has extended the liberal norms for the housing sector introduced during the pandemic for another year. This step may to facilitate higher credit flow to buy individual housing units.
"RBI policy: Bankers, brokerages' expectations",https://economictimes.indiatimes.comhttps://economictimes.indiatimes.com/et-now/experts/rbi-policy-bankers-brokerages-expectations/videoshow/20601942.cms,RBI.jpg
RBI policy - Is it neutral or accommodative?,https://economictimes.indiatimes.comhttps://economictimes.indiatimes.com/markets/stocks/news/rbi-policy-is-it-neutral-or-accommodative/articleshow/119741077.cms,"Over the last few months, there has been a distinct shift in the focus of monetary policy towards growth as inflation pressures have subsided. From December 2024 onwards RBI has focused on infusing durable liquidity to make conditions conducive for transmission and credit off-take."
Fund managers react to RBI policy,https://economictimes.indiatimes.comhttps://economictimes.indiatimes.com/mf/mf-news/fund-managers-react-to-rbi-policy/articleshow/65229467.cms,The RBI hiked repo rate by 25 bps to 6.50 per cent in its third bi-monthly monetary policy review of FY 2018-19.
Markets' expectations from RBI policy,https://economictimes.indiatimes.comhttps://economictimes.indiatimes.com/et-now/daily/markets-expectations-from-rbi-policy/videoshow/39613396.cms,
Expectations of bankers from RBI policy,https://economictimes.indiatimes.comhttps://economictimes.indiatimes.com/et-now/policy/expectations-of-bankers-from-rbi-policy/videoshow/17010423.cms,rate-cut.jpg
RBI Policy news: Key liquidity measures announced by Guv Shaktikanta Das,https://economictimes.indiatimes.comhttps://economictimes.indiatimes.com/news/economy/policy/rbi-policy-news-key-liquidity-measures-announced-by-guv-shaktikanta-das/videoshow/89472450.cms,
Will RBI’s inflation warning dampen D-Street's bull run? Here’s what experts say,https://economictimes.indiatimes.comhttps://economictimes.indiatimes.com/markets/stocks/news/will-rbis-inflation-warning-dampen-d-streets-bull-run-heres-what-experts-say/articleshow/96053068.cms,"Keeping the inflation dynamics in mind, the central bank raised its projection on headline inflation based on the consumer price index for the current quarter and the next quarter by 10 basis points each to 6.6% and 5.9%, respectively."
Market may go above 7700 if Bank Nifty is positive after RBI policy review: Mitesh Thacker,https://economictimes.indiatimes.comhttps://economictimes.indiatimes.com/markets/stocks/recos/market-may-go-above-7700-if-bank-nifty-is-positive-after-rbi-policy-review-mitesh-thacker/articleshow/39623621.cms,"If the Bank Nifty does not have any kind of negative event, the market momentum should spill over and we might actually see a breakout above 7700."
RBI meeting outcome tomorrow: Will it be a pause or 25 bps rate hike?,https://economictimes.indiatimes.comhttps://economictimes.indiatimes.com/markets/stocks/news/rbi-meeting-outcome-tomorrow-will-it-be-a-pause-or-25-bps-rate-hike/articleshow/97687077.cms,"While market participants remain slightly divided between a pause and a 25 bps hike in the upcoming policy, there seems a clear consensus that the monetary policy will signal an end of the rate hiking cycle. However, we remain cautious on the possibility of dovish forward guidance just yet"
5 announcements from RBI Governor's policy statement that spoilt D-Street's mood,https://economictimes.indiatimes.comhttps://economictimes.indiatimes.com/markets/stocks/news/5-announcements-from-rbi-governors-policy-statement-that-spoilt-d-streets-mood/articleshow/96052175.cms,"The six-member Monetary Policy Committee (MPC) with a five-to-one majority increased the repo rate. Since May, RBI has hiked the repo rate by 225 basis points."
RBI's policy unlikely to be impacted by Fed rate hike,https://economictimes.indiatimes.comhttps://economictimes.indiatimes.com/news/economy/policy/rbis-policy-unlikely-to-be-impacted-by-fed-rate-hike/articleshow/57669882.cms,"The US Fed hike is as per the expected lines, which raised its benchmark interest rate for the second time in three months and there is forecast of two additional hikes this year, experts said."
Debt mutual fund managers react to RBI policy,https://economictimes.indiatimes.comhttps://economictimes.indiatimes.com/mf/analysis/debt-mutual-fund-managers-react-to-rbi-policy/articleshow/63628227.cms,The Reserve Bank of India maintained a status quo on policy rates in today's MPC meeting.
"SBI MD on RBI policy, LCR framework & more",https://economictimes.indiatimes.comhttps://economictimes.indiatimes.com/markets/expert-view/sbi-md-on-rbi-policy-lcr-framework-more/articleshow/109058338.cms,"AK Tewari discusses the importance of adapting LCR monitoring to digital times to prevent rapid bank runs due to the instant withdrawal capability, emphasizing the critical role of deposit gathering in the banking sector amid ongoing transformations. Tiwari also says: ""For all banks, especially the deposit gathering and focus will be the key thing for the next several quarters."""
Rupee ends higher; traders await RBI policy,https://economictimes.indiatimes.comhttps://economictimes.indiatimes.com/markets/forex/rupee-ends-higher-traders-await-rbi-policy/articleshow/100820777.cms,"""The market is relatively calm ahead of the RBI policy decision,"" said Dilip Parmar, research analyst at HDFC Securities, adding that likely foreign flows into equities helped the rupee during the day."
"Sensex, Nifty gain ahead of RBI policy outcome",https://economictimes.indiatimes.comhttps://economictimes.indiatimes.com/markets/stocks/news/sensex-nifty-gain-ahead-of-rbi-policy-outcome/articleshow/90719577.cms,"""Today's monetary policy is unlikely to impact the market significantly even if there is a surprise rate hike. That would be interpreted by the market positively indicating that the RBI is not behind the curve,"" said V K Vijayakumar, Chief Investment Strategist at Geojit Financial Services."
Forex hedging costs plunge after RBI policy,https://economictimes.indiatimes.comhttps://economictimes.indiatimes.com/markets/forex/forex-hedging-costs-plunge-after-rbi-policy/articleshow/89554946.cms,"The cost of covering currency risk crashed after the Reserve Bank of India delivered a ""super-dovish"" bi-monthly policy pulling yields down. Forwards premia across maturities slumped as much as 60 basis points in just two trading sessions, potentially benefiting overseas investors just ahead of LIC of India's mega share sale and local borrowers/importers with offshore liabilities."
Top debt fund managers react to RBI policy,https://economictimes.indiatimes.comhttps://economictimes.indiatimes.com/mf/analysis/top-debt-fund-managers-react-to-rbi-policy/articleshow/73981252.cms,RBI kept the policy rates unchanged in the bi-monthly MPC meet today. Debt mutual fund managers say the move is in line with the market expectations.
RBI policy and Budget will influence markets: Dharmesh Pancholi,https://economictimes.indiatimes.comhttps://economictimes.indiatimes.com/markets/stocks/recos/rbi-policy-and-budget-will-influence-markets-dharmesh-pancholi/articleshow/5476730.cms,"Dharmesh Pancholi, Investment Advisor, in an interview with ET Now says that RBI policy and Budget are the two events that will influence markets."
"RBI's policy normalisation gets a leg up, say analysts",https://economictimes.indiatimes.comhttps://economictimes.indiatimes.com/news/economy/policy/rbis-policy-normalisation-gets-a-leg-up-say-analysts/articleshow/90730673.cms,"The six-member Monetary Policy Committee (MPC) voted to hold the benchmark repurchase or the repo rate at 4 per cent and decided to stick to an accommodative stance, the Reserve Bank of India (RBI) said after the first review meeting of the current fiscal."
"GSAP 1.0 centrepiece of RBI money policy: Economists, analysts break it down",https://economictimes.indiatimes.comhttps://economictimes.indiatimes.com/markets/stocks/news/gsap-1-0-centrepiece-of-rbi-money-policy-economists-analysts-break-it-down/articleshow/81947458.cms,"The benchmark 10-year bond yield rose to 6.19% post-policy, before falling back to 6.06% after the central bank announced a secondary market government securities (G-sec) acquisition programme."
RBI policy: here are mutual funds you can consider investing,https://economictimes.indiatimes.comhttps://economictimes.indiatimes.com/mf/analysis/rbi-policy-here-are-mutual-funds-you-can-consider-investing/articleshow/90721992.cms,The RBI policy is very confusing for many mutual fund investors. The implications of rate hikes and their impact on inflation and growth are too much for regular investors to decipher.
"RBI policy move quite expected: Taimur Baig, Deutsche Bank",https://economictimes.indiatimes.comhttps://economictimes.indiatimes.com/opinion/interviews/rbi-policy-move-quite-expected-taimur-baig-deutsche-bank/articleshow/7111334.cms,"ET Now caught up with Taimur Baig, Director, Asia Economics, Deutsche Bank, for his views on the RBI policy review."
RBI policy outcome expected but what brought bank stocks under pressure?,https://economictimes.indiatimes.comhttps://economictimes.indiatimes.com/markets/stocks/news/rbi-policy-outcome-expected-but-what-brought-bank-stocks-under-pressure/articleshow/102598940.cms,RBI mandated banks to maintain the ICRR at 10% of the net demand and time liabilities (NDTL) between May 19 and July 28. The Monetary Policy Committee (MPC) of the RBI led by Governor Shaktikanta Das today kept the repo rate unchanged at 6.5% while increasing the inflation estimates for FY24 to 5.4% from an earlier estimate of 5.10%.
What to expect from RBI policy meeting next week? Mahantesh Sabarad answers,https://economictimes.indiatimes.comhttps://economictimes.indiatimes.com/markets/expert-view/what-to-expect-from-rbi-policy-meeting-next-week-mahantesh-sabarad-answers/articleshow/105678149.cms,So I believe that we will continue to see newer highs as far as the markets are concerned and the going seems to be properly laid out.
RBI's policy rate hike to pinch propert market: Realty sector,https://economictimes.indiatimes.comhttps://economictimes.indiatimes.com/wealth/personal-finance-news/rbis-policy-rate-hike-to-pinch-propert-market-realty-sector/articleshow/7360959.cms,Real estate developers and consultants on Tuesday said RBI's decision to hike policy rates by 25 basis points will affect the sentiment of the property market.
"RBI policy a non-event, Equities to maintain upward bias",https://economictimes.indiatimes.comhttps://economictimes.indiatimes.com/markets/stocks/news/rbi-policy-a-non-event-equities-to-maintain-upward-bias/articleshow/39686824.cms,The RBI kept policy rates unchanged at its policy meet today. Repo rate was left unchanged at 8 per cent and reverse repo rate at 7 per cent.
"RBI keeps repo rate unchanged; impact on loans and deposits, what should the depositors, borrowers do now?",https://economictimes.indiatimes.comhttps://economictimes.indiatimes.com/wealth/personal-finance-news/rbi-keeps-repo-rate-unchanged-impact-on-loans-and-deposits-what-should-the-depositors-borrowers-do-now/articleshow/89467211.cms,"As corona related restrictions had an adverse impact on economic growth, the RBI Monetary Policy is on reviving growth. Repo rate remained unchanged in the RBI Policy on Feb 10, 2022. However, there are many indicators which hint that inflation may become a concern soon."
"All eyes on RBI policy outcome, Shaktikanta Das to make a statement at 10 am",https://economictimes.indiatimes.comhttps://economictimes.indiatimes.com/news/economy/policy/all-eyes-on-rbi-policy-outcome-shaktikanta-das-to-make-a-statement-at-10-am/videoshow/81943416.cms,
"RBI policy disappoints markets, Sensex tanks 97 points",https://economictimes.indiatimes.comhttps://economictimes.indiatimes.com/et-now/markets/rbi-policy-disappoints-markets-sensex-tanks-97-points/videoshow/53616966.cms,
Mutual fund managers decode RBI Policy,https://economictimes.indiatimes.comhttps://economictimes.indiatimes.com/mf/analysis/mutual-fund-managers-decode-rbi-policy/articleshow/105835828.cms,"""As December is generally a sluggish month, market yields may not move much either side. We expect 10Y G-Sec yield to trade in a range of 7.15%-7.25% with a downward bias,"" says Avnish Jain, Head- Fixed Income, Canara Robeco Mutual Fund."
'Expect to see rate reduction in RBI policy',https://economictimes.indiatimes.comhttps://economictimes.indiatimes.com/et-now/experts/expect-to-see-rate-reduction-in-rbi-policy/videoshow/49041963.cms,
'RBI policy measures are positive on an overall basis',https://economictimes.indiatimes.comhttps://economictimes.indiatimes.com/et-now/policy/rbi-policy-measures-are-positive-on-an-overall-basis-taimur-baig/videoshow/51708408.cms,
"RBI policy review, earnings to set tone",https://economictimes.indiatimes.comhttps://economictimes.indiatimes.com/opinion/et-commentary/rbi-policy-review-earnings-to-set-tone/articleshow/6217278.cms,"Stock investors and traders may need to brace for choppy sessions this week, after three straight weeks of gains."
"Bankers, financial experts hail RBI policy",https://economictimes.indiatimes.comhttps://economictimes.indiatimes.com/news/economy/policy/bankers-financial-experts-hail-rbi-policy/articleshow/89483770.cms,"The central bank's monetary policy committee earlier in the day decided to keep the benchmark interest rate unchanged at 4 per cent, and continue with its accommodative stance."
Dhirendra Kumar's view on RBI policy impact,https://economictimes.indiatimes.comhttps://economictimes.indiatimes.com/et-now/finance/dhirendra-kumars-view-on-rbi-policy-impact/videoshow/12702525.cms,debt.jpg
RBI Policy: Will there be a change in RBI's stance?,https://economictimes.indiatimes.comhttps://economictimes.indiatimes.com/news/economy/policy/rbi-policy-will-there-be-a-change-in-rbis-stance/videoshow/65225701.cms,
Sensex rangebound ahead of RBI policy meet,https://economictimes.indiatimes.comhttps://economictimes.indiatimes.com/et-now/markets/sensex-rangebound-ahead-of-rbi-policy-meet/videoshow/46822295.cms,
RBI policy decision before noon on Thursday,https://economictimes.indiatimes.comhttps://economictimes.indiatimes.com/markets/stocks/news/rbi-policy-decision-before-noon-on-thursday/articleshow/67829082.cms,"On the previous occasion, the RBI had released the policy statement at 2.30 pm."
Will RBI policy move currency and bond markets?,https://economictimes.indiatimes.comhttps://economictimes.indiatimes.com/markets/bonds/will-rbi-policy-move-currency-and-bond-markets/articleshow/52629778.cms,A few illustrative words from RBI governor Raghuram Rajan could well trigger wild swings in the rupee-dollar exchange rate and bond yields.
RBI policy meet: Here is what to expect,https://economictimes.indiatimes.comhttps://economictimes.indiatimes.com/markets/stocks/news/rbi-policy-meet-here-is-what-to-expect/videoshow/64474269.cms,
Is RBI's no-rate hike mantra best-case scenario for Nifty bulls? What D-Street mavens say,https://economictimes.indiatimes.comhttps://economictimes.indiatimes.com/markets/stocks/news/is-rbis-no-rate-hike-mantra-best-case-scenario-for-nifty-bulls-what-d-street-mavens-say/articleshow/99290628.cms,The RBI’s pause is like Sachin's stroke on a tricky pitch but with eyes set in and having the luxury of hitting the ball wherever he wanted. The RBI had the option of a rate hike or a pause. The pause was not entirely unexpected.
RBI’s Das gives a hat tip to Modi govt for fight to tame inflation,https://economictimes.indiatimes.comhttps://economictimes.indiatimes.com/markets/stocks/news/rbis-das-gives-a-hat-tip-to-modi-govt-for-fight-to-tame-inflation/articleshow/88159918.cms,The central bank retained the status quo on policy rates as well as its accommodative stance as it remained focused on ensuring a “durable” and “broad-based” economic recovery in the coming year.
"ET View: Repo rate cut welcome, but rigidity and constraints remain",https://economictimes.indiatimes.comhttps://economictimes.indiatimes.com/opinion/et-view/et-view-repo-rate-cut-welcome-but-rigidity-and-constraints-remain/articleshow/68719784.cms,"RBI did well to reiterate its backing for the process of resolving bad loans under the Bankruptcy Code, notwithstanding the SC's annulment of its February 12 circular."
"View: RBI should be cutting rates, not holding",https://economictimes.indiatimes.comhttps://economictimes.indiatimes.com/news/economy/indicators/view-rbi-should-be-cutting-rates-not-holding/articleshow/72383227.cms,Not a single economist among the 43 surveyed by Bloomberg News predicted no rate cuts happening.
"RBI holds rate, maintains status quo. Full text of fifth bi-monthly policy meet for FY19",https://economictimes.indiatimes.comhttps://economictimes.indiatimes.com/markets/stocks/news/rbi-holds-rate-maintains-status-quo-full-text-of-fifth-bi-monthly-policy-meet-for-fy19/articleshow/66951944.cms,"Consequently, the reverse repo rate under the LAF remains at 6.25 per cent"
RBI reduces risk weights for bank lending to NBFCs,https://economictimes.indiatimes.comhttps://economictimes.indiatimes.com/industry/banking/finance/banking/rbi-reduces-risk-weights-for-bank-lending-to-nbfcs/articleshow/67881581.cms,RBI has decided to harmonise major categories of NBFCs. The guidelines will be out by February end.
RBI policy full text: FY20 GDP growth lowered to 7.2% from 7.4% earlier; CPI target revised downward to 2.4%,https://economictimes.indiatimes.comhttps://economictimes.indiatimes.com/markets/stocks/news/rbi-policy-full-text-fy20-gdp-growth-lowered-to-7-2-from-7-4-earlier/articleshow/68718036.cms,The MPC also decided to maintain the neutral monetary policy stance.
"When growth is certain, RBI will change stance to inflation control: Nilesh Shah",https://economictimes.indiatimes.comhttps://economictimes.indiatimes.com/markets/expert-view/when-growth-is-certain-rbi-will-change-stance-to-inflation-control-nilesh-shah/articleshow/85093234.cms,"“RBI will be data driven. In the first phase, they will be pro-growth and at some point of time when growth is certain, they will change their stance towards controlling inflation.”"
Rupee ends flat at 64.07; RBI policy in focus,https://economictimes.indiatimes.comhttps://economictimes.indiatimes.com/markets/forex/rupee-ends-flat-at-64-07-rbi-policy-in-focus/articleshow/62792565.cms,The RBI's policy review is expected to dominate forex market sentiments during the week.
RBI policy: What should mutual fund investors do?,https://economictimes.indiatimes.comhttps://economictimes.indiatimes.com/mf/analysis/rbi-policy-what-should-mutual-fund-investors-do/articleshow/104202708.cms,"The RBI continued with its policy stance of ‘withdrawing of accommodation’ and kept the Repo Rate, the short term rate at which it lends money to banks, at 6.5%. This is the fifth pause by the central bank since it started holding rates in February this year."
10 rate-sensitive stocks to watch ahead of RBI policy,https://economictimes.indiatimes.comhttps://economictimes.indiatimes.com/markets/stocks/recos/10-rate-sensitive-stocks-to-watch-ahead-of-rbi-policy/articleshow/19015327.cms,Investors will remain cautious ahead of RBI’s mid-quarter monetary policy. The decision on key policy rates is likely to set the trend for the market this week.
"Banking, auto, realty stocks down post RBI policy",https://economictimes.indiatimes.comhttps://economictimes.indiatimes.com/markets/stocks/news/banking-auto-realty-stocks-down-post-rbi-policy/articleshow/50825271.cms,"Bank, auto and realty stocks were down by as much as 5 per cent today post RBI policy where the central bank left the key interest rate unchanged."
RBI policy to set tone for markets; volatility on cards: Experts,https://economictimes.indiatimes.comhttps://economictimes.indiatimes.com/markets/stocks/news/rbi-policy-to-set-tone-for-markets-volatility-on-cards-experts/articleshow/45324051.cms,"Shares, which have logged new highs in the past few sessions, will immediately react to GDP data that was released after markets closed on Friday."
Top debt mutual fund managers decode RBI policy,https://economictimes.indiatimes.comhttps://economictimes.indiatimes.com/mf/analysis/top-debt-mutual-fund-managers-decode-rbi-policy/articleshow/80703033.cms,"Market players were disappointed as they expected specific measures like increase in HTM limits, OMO calendar."
Rising inflation may limit rate cuts in RBI policy,https://economictimes.indiatimes.comhttps://economictimes.indiatimes.com/news/economy/indicators/rising-inflation-may-limit-rate-cuts-in-rbi-policy/articleshow/14148341.cms,Trade-off between growth & inflation will be a challenging call for RBI . Inflation is facing an uptrend after temporarily moving in a RBI comfort zone of below 7%.
Top three key risks for markets from RBI policy,https://economictimes.indiatimes.comhttps://economictimes.indiatimes.com/markets/stocks/news/top-three-key-risks-for-markets-from-rbi-policy/articleshow/46836632.cms,"We have highlighted key risks from the RBI policy, which could act as a deterrent to markets."
"RBI policy broadly endorses government estimates on growth, inflation",https://economictimes.indiatimes.comhttps://economictimes.indiatimes.com/news/economy/policy/rbi-policy-broadly-endorses-government-estimates-on-growth-inflation/articleshow/52633814.cms,"""RBI policy statement broadly endorses government expectations on GDP growth and inflation,"" Economic Affairs Secretary Shaktikanta Das said."
Underwriters save another bond auction ahead of RBI policy,https://economictimes.indiatimes.comhttps://economictimes.indiatimes.com/markets/bonds/underwriters-save-another-bond-auction-ahead-of-rbi-policy/articleshow/83208067.cms,The yield on the 6.67% 2050 bond rose two basis points to 6.97%.
Bank of Baroda's infratsructure exposure around 10-11%: CMD,https://economictimes.indiatimes.comhttps://economictimes.indiatimes.com/opinion/interviews/bank-of-barodas-infratsructure-exposure-around-10-11-cmd/articleshow/8888782.cms,"In an interview with ET Now, MD Mallya, CMD, Bank of Baroda, talks about the RBI's policy and effects of rate hikes on banks. Excerpts:"
ICICI's growth will be even more robust: Chanda Kochhar,https://economictimes.indiatimes.comhttps://economictimes.indiatimes.com/opinion/interviews/icicis-growth-will-be-even-more-robust-chanda-kochhar/articleshow/6837715.cms,"ET Now catches up with Chanda Kochhar, MD and CEO, ICICI Bank to analyse the top lender's earnings figures, capital adequacy & Kocchar's expectations from the RBI policy announcements next week. Excerpts:"
"RBI policy good stimulus, will prompt banks to cut rate: Finance Ministry",https://economictimes.indiatimes.comhttps://economictimes.indiatimes.com/news/economy/policy/rbi-policy-good-stimulus-will-prompt-banks-to-cut-rate-finance-ministry/articleshow/51696549.cms,"Jayant Sinha said the Budget has taken various fiscal and reform initiative, thus creating space for monetary easing."
Tech view: Nifty50 forms ‘Short Bearish’ candle amid RBI policy bets,https://economictimes.indiatimes.comhttps://economictimes.indiatimes.com/markets/stocks/news/tech-view-nifty50-forms-short-bearish-candle-amid-rbi-policy-bets/articleshow/52620999.cms,A ‘Short Bear’ candle is formed when the index trades lower throughout the session with a range. The length of the candle signifies the range for the day.
RBI policy to set market direction,https://economictimes.indiatimes.comhttps://economictimes.indiatimes.com/industry/banking/finance/banking/rbi-policy-to-set-market-direction/articleshow/1797941.cms,Weakness in global markets coupled with domestic rate hike fears are expected to keep investors to the sidelines this week.
RBI policy not to hamper growth: PC,https://economictimes.indiatimes.comhttps://economictimes.indiatimes.com/news/economy/policy/rbi-policy-not-to-hamper-growth-pc/articleshow/899666.cms,"Hailing RBI's monetary and credit policy, Finance Minister P Chidambaram on Tuesday said it will not hamper growth and the investment momentum will continue despite pressure on price level."
Yields rise on hawkish RBI policy,https://economictimes.indiatimes.comhttps://economictimes.indiatimes.com/markets/bonds/yields-rise-on-hawkish-rbi-policy/articleshow/19061440.cms,"The yields on benchmark ten year government bonds rose 3 basis points, as Reserve Bank signaled scope for future rate cuts is limited."
RBI policy impact and market reaction,https://economictimes.indiatimes.comhttps://economictimes.indiatimes.com/markets/stocks/news/mayur-patel-on-rbi-policy-decision-and-market-dynamics/rbi-policy-impact-and-market-reaction/slideshow/118010889.cms,
Video: 'RBI policy will spur growth',https://economictimes.indiatimes.com/RBI-policy-augurs-well-for-return-to-high-growth-path/videoshow/4831315.cms,
RBI policy on Wednesday: What to expect,https://economictimes.indiatimes.comhttps://economictimes.indiatimes.com/markets/stocks/news/rbi-policy-on-wednesday-what-to-expect/videoshow/65216714.cms,
Analysts' views on RBI policy review,https://economictimes.indiatimes.comhttps://economictimes.indiatimes.com/news/economy/policy/analysts-views-on-rbi-policy-review/articleshow/7110911.cms,"The Reserve Bank of India left key interest rates on hold on Thursday, as expected, after six increases since March. Lets see what experts have to say:"
RBI policy tomorrow: What to expect?,https://economictimes.indiatimes.comhttps://economictimes.indiatimes.com/news/economy/policy/rbi-policy-tomorrow-what-to-expect/videoshow/60925935.cms,
RBI policy review: Full text,https://economictimes.indiatimes.comhttps://economictimes.indiatimes.com/news/economy/policy/rbi-policy-review-full-text/articleshow/20626893.cms,"The reverse repo rate under the LAF will remain unchanged at 6.25 per cent, and the marginal standing facility (MSF) rate and the Bank Rate at 8.25 per cent."
Expert's opinion and reaction on RBI policy,https://economictimes.indiatimes.comhttps://economictimes.indiatimes.com/et-now/experts/experts-opinion-and-reaction-on-rbi-policy/videoshow/15290294.cms,RBi-baking1.jpg
Market Outlook Post-RBI Policy,https://economictimes.indiatimes.comhttps://economictimes.indiatimes.com/markets/stocks/news/stocks-to-buy-dipan-mehta-on-why-it-is-time-to-focus-on-fundamentals-over-market-momentum/market-outlook-post-rbi-policy/slideshow/121772773.cms,
Key takeaways for fintechs from RBI policy meet; ETtech Deals Digest,https://economictimes.indiatimes.comhttps://economictimes.indiatimes.com/tech/newsletters/tech-top-5/key-takeaways-for-fintechs-from-rbi-policy-meet-indian-startups-raise-108-million-this-week/articleshow/105844213.cms,"The Reserve Bank of India has raised payment limits for UPI transactions in hospitals and educational institutions, among a clutch of other measures for the fintech sector, at its monetary policy meeting today. This and more in today’s ETtech Top 5."
"RBI Policy Review: Inflation may take spotlight, but growth war still on",https://economictimes.indiatimes.comhttps://economictimes.indiatimes.com/markets/stocks/news/rbi-policy-review-inflation-may-take-spotlight-but-growth-war-still-on/articleshow/89407865.cms,"An ET poll comprising 22 respondents predicts that at its three day policy review ending Thursday, the RBI’s Monetary Policy Committee will raise the reverse repo rate, which for long has dictated the overnight cost of funds for banks"
RBI policy: Where should mutual funds investors put their money?,https://economictimes.indiatimes.comhttps://economictimes.indiatimes.com/mf/analysis/rbi-policy-where-should-mutual-funds-investors-put-their-money/articleshow/89496987.cms,The Reserve Bank of India surprised the money market as it held key rates in its policy review on Thursday.
View: Why MPC should tread cautiously on key policy decisions,https://economictimes.indiatimes.comhttps://economictimes.indiatimes.com/news/economy/policy/view-why-mpc-should-tread-cautiously-on-key-policy-decisions/articleshow/71470061.cms,"The fear is that just RBI was behind the curve earlier, it might find itself ahead of the curve in the near future."
RBI may pause again. But what markets will be watching out for?,https://economictimes.indiatimes.comhttps://economictimes.indiatimes.com/industry/banking/finance/banking/rbi-may-pause-again-but-what-markets-will-be-watching-out-for/articleshow/100829963.cms,Most economists in a Bloomberg survey expect expect the monetary policy committee (MPC) of the RBI to retain “withdrawal of accommodation” stance despite a fall in consumer inflation.
RBI says inflation to moderate in FY23 as it keeps rates unchanged,https://economictimes.indiatimes.comhttps://economictimes.indiatimes.com/markets/stocks/news/rbi-says-inflation-to-moderate-in-fy23-as-it-keeps-rates-unchanged/articleshow/89471899.cms,"The repo and the reverse repo rates were left unchanged at 4 per cent and 3.35 per cent, respectively, while the accommodative stance of monetary policy was retained"
RBI Governor Das shows his hand to tame bond vigilantes,https://economictimes.indiatimes.comhttps://economictimes.indiatimes.com/markets/stocks/news/rbi-governor-das-shows-his-hand-to-tame-bond-vigilantes/articleshow/81952077.cms,"Hours after Das completed his monetary policy exposition, there wasn’t much complaining from any one – even the bond trader who has been playing hide and seek with the central bank for nearly six months."
More space on monetary side than fiscal for boosting growth: Sanjeev Sanyal,https://economictimes.indiatimes.comhttps://economictimes.indiatimes.com/news/economy/indicators/more-space-on-monetary-side-than-fiscal-for-boosting-growth-sanjeev-sanyal/articleshow/71171100.cms,The next monetary policy review is scheduled to be held between October 1 and October 4.
Rupee advances 10 paise to 70.79 against dollar ahead of RBI policy outcome,https://economictimes.indiatimes.comhttps://economictimes.indiatimes.com/markets/forex/rupee-advances-10-paise-to-70-79-against-dollar-in-early-trade/articleshow/71433931.cms,The local currency opened almost flat at 70.88 against the previous close of 70.90 per dollar.
"Expect some measures to boost liquidity at today’s RBI meet: Manpreet Gill, StanChart",https://economictimes.indiatimes.comhttps://economictimes.indiatimes.com/opinion/interviews/expect-some-measures-to-boost-liquidity-at-todays-rbi-meet-manpreet-gill-stanchart/articleshow/46833017.cms,"Our view is that rates do have room to move lower. A look at falling inflation does suggest that there is room to cut rates further."""
RBI hints at tightening monetary policy,https://economictimes.indiatimes.comhttps://economictimes.indiatimes.com/news/economy/policy/rbi-hints-at-tightening-monetary-policy/articleshow/6853038.cms,The bank said its objective was to maintain growth and moderate inflation -- a hint that a nominal hike may be on the cards tomorrow.
Edelweiss Capital's views on RBI credit policy,https://economictimes.indiatimes.comhttps://economictimes.indiatimes.com/et-now/experts/edelweiss-capitals-views-on-rbi-credit-policy/videoshow/7360485.cms,edel.jpg
"Slowdown in housing industry, RBI policy expectation impacting HDFC stocks: G Chokkalingam",https://economictimes.indiatimes.comhttps://economictimes.indiatimes.com/markets/stocks/recos/slowdown-in-housing-industry-rbi-policy-expectation-impacting-hdfc-stocks-g-chokkalingam/articleshow/27534085.cms,"""For the first time, HDFC Bank has posted lower than 30 per cent profit growth in the last quarter,"" Chokkalingam said."
Why RBI will hit a hattrick of 25 bps rate cut tomorrow,https://economictimes.indiatimes.comhttps://economictimes.indiatimes.com/markets/stocks/news/why-rbi-will-hit-a-hattrick-of-25-bps-rate-cut-tomorrow/articleshow/121641890.cms,"Despite global economic uncertainties, India's economy shows resilience with a 7.4% growth in Q4 FY25. The RBI, supported by benign inflation and moderate growth, is expected to cut the repo rate by 25 bps to 5.75% in June. This move aims to boost economic activity, encourage borrowing and investment, and foster job creation, marking the third consecutive rate cut."
RBI keeps repo rate unchanged at 5.15% amid accelerating inflation,https://economictimes.indiatimes.comhttps://economictimes.indiatimes.com/markets/stocks/news/rbi-keeps-repo-rate-unchanged-at-5-15-amid-accelerating-inflation/videoshow/73977721.cms,
India retains headline inflation target at 4% following review,https://economictimes.indiatimes.comhttps://economictimes.indiatimes.com/news/economy/indicators/india-retains-headline-inflation-target-at-4-following-review/articleshow/129804820.cms,India's government has kept the retail inflation target at 4 percent. This target falls within a 2 to 6 percent band. The Reserve Bank of India's Monetary Policy Committee is responsible for meeting this goal. This inflation targeting framework was adopted in 2016 and last reviewed in 2021. The committee comprises central bank and government appointees.
RBI’s ‘Main Hoon Naa’ policy hints at rate hike ahead; what should investors do?,https://economictimes.indiatimes.comhttps://economictimes.indiatimes.com/markets/stocks/news/rbis-main-hoon-naa-policy-hints-at-rate-hike-ahead-what-should-investors-do/articleshow/86864178.cms,"The equity market cheered RBI's stance and buying was seen following the policy statement, but the bond market was not buying RBI's inflation projection. India 10-year bond yield hit 6.32 per cent, highest in last 18 months."
RBI Policy: 7 key takeaways for Dalal Street from Das’ announcements,https://economictimes.indiatimes.comhttps://economictimes.indiatimes.com/markets/stocks/news/rbi-policy-7-key-takeaways-for-dalal-street-from-das-announcements/articleshow/97722241.cms,The MPC decided by a majority of 4 out of 6 members to remain focused on the withdrawal of accommodation to ensure that inflation remains within the target going forward while supporting growth.
RBI's policy among 7 key factors that will guide market in coming week,https://economictimes.indiatimes.comhttps://economictimes.indiatimes.com/markets/stocks/news/rbis-policy-among-the-key-7-factors-that-will-guide-market-in-coming-week/articleshow/95974323.cms,"Bulls continued their quest for gains, hitting fresh record highs, boosted by falling crude, robust GDP numbers, and a dovish stance by the Fed chair, said Vinod Nair, Head of Research at Geojit Financial services.Investors' concerns were allayed as the Fed chair adopted a dovish stance, he added. ""Declining manufacturing activity in the US is proof that the central bank’s policy tightening has started to show results."""
Rupee ends flat ahead of RBI policy outcome,https://economictimes.indiatimes.comhttps://economictimes.indiatimes.com/markets/forex/rupee-ends-flat-ahead-of-rbi-policy-outcome/articleshow/72352364.cms,"The dollar index, which gauges the greenback's strength against a basket of six currencies, fell 0.07 per cent to 97.79."
Debt mutual fund managers react to RBI policy,https://economictimes.indiatimes.comhttps://economictimes.indiatimes.com/mf/analysis/debt-mutual-fund-managers-react-to-rbi-policy/articleshow/71437389.cms,"The repo rate now stands at 5.15 per cent, the lowest since March 2010."
Five trading strategies ahead of RBI policy review,https://economictimes.indiatimes.comhttps://economictimes.indiatimes.com/markets/stocks/recos/five-trading-strategies-ahead-of-rbi-policy-review/articleshow/19018273.cms,The Nifty opened on a buoyant note and registered a high of 5971.20 in the initial part of the week. It witnessed resistance from higher levels.
What analysts expect from RBI's policy meet,https://economictimes.indiatimes.comhttps://economictimes.indiatimes.com/news/economy/policy/what-analysts-expect-from-rbis-policy-meet/articleshow/24820217.cms,All the analysts polled expect the RBI to maintain status quo on cash reserve ratio.
Banks await RBI policy before cutting rates,https://economictimes.indiatimes.comhttps://economictimes.indiatimes.com/industry/banking/finance/banking/banks-await-rbi-policy-before-cutting-rates/articleshow/51479437.cms,Bankers say they will decide on reducing interest rate on deposits and advances after the RBI monetary policy early next month.
"Sensex, Nifty rise ahead of RBI policy outcome",https://economictimes.indiatimes.comhttps://economictimes.indiatimes.com/markets/stocks/news/sensex-nifty-rise-ahead-of-rbi-policy-outcome/articleshow/100837461.cms,The RBI's rate decision is due to be announced at 10:00 a.m. The monetary policy committee (MPC) is expected to leave the repo rate at 6.50% for a second straight meeting.
Mutual fund managers decode RBI policy for investors,https://economictimes.indiatimes.comhttps://economictimes.indiatimes.com/mf/analysis/mutual-fund-managers-decode-rbi-policy-for-investors/articleshow/100845204.cms,"“The Reserve Bank of India maintained status quo on Policy rates as expected and confirmed the expectations of a long pause with a slightly hawkish undertone as it retained the Monetary Policy stance at “Withdrawal of accommodation to ensure that Inflation progressively aligns with the target, while supporting growth,” says Puneet Pal, Head-Fixed Income, PGIM India Mutual Fund."
Mutual fund managers decode RBI policy for investors,https://economictimes.indiatimes.comhttps://economictimes.indiatimes.com/mf/analysis/mutual-fund-managers-decode-rbi-policy-for-investors/articleshow/99294765.cms,The Monetary Policy Committee or MPC decided to hold key rates in the policy review on Thursday. Prominent fund managers explains the policy for mutual fund investors.
"Rupee, bonds steady as all eyes on RBI policy",https://economictimes.indiatimes.comhttps://economictimes.indiatimes.com/markets/forex/rupee-bonds-steady-as-all-eyes-on-rbi-policy/articleshow/86747753.cms,"Over the past month, the rupee has shed around 1.5% against the US dollar as the US Federal Reserve’s guidance for normalisation of its monetary policy –accompanied by a timeline for a rollback of quantitative easing—has led to a global strengthening of the greenback."
"RBI Policy: Right move to hold rates, stance",https://economictimes.indiatimes.comhttps://economictimes.indiatimes.com/opinion/et-editorial/rbi-policy-right-move-to-hold-rates-stance/articleshow/86877337.cms,"It was right and bold on the MPC's part to suggest the way to tackle the spike in fuel prices is to lighten the tax burden on fuel prices, rather than to use monetary policy tools to contain it."
Nifty ends in red ahead of RBI policy meet,https://economictimes.indiatimes.comhttps://economictimes.indiatimes.com/markets/stocks/news/nifty-ends-in-red-ahead-of-rbi-policy-meet/articleshow/45335063.cms,"The 50-share index ended at 8,554.15, down 34.10 points or 0.40 per cent. It hit all-time high of 8,623 and a low of 8,545.15 in trade today."
"'RBI policy needs to be inflation, fiscal deficit driven'",https://economictimes.indiatimes.comhttps://economictimes.indiatimes.com/et-now/daily/rbi-policy-needs-to-be-inflation-fiscal-deficit-driven-sbi/videoshow/51219655.cms,
"‘Crude, RBI policy key for near-term performance’",https://economictimes.indiatimes.comhttps://economictimes.indiatimes.com/et-now/experts/crude-rbi-policy-key-for-near-term-performance/videoshow/50668753.cms,
Debt mutual fund managers react to RBI policy,https://economictimes.indiatimes.comhttps://economictimes.indiatimes.com/mf/analysis/debt-mutual-fund-managers-react-to-rbi-policy/articleshow/66088078.cms,The Reserve Bank of India surprised the industry participants by maintaining a status quo on policy rates in today's monetary policy.
Street view by Nipun Mehta after RBI policy,https://economictimes.indiatimes.comhttps://economictimes.indiatimes.com/et-now/experts/street-view-by-nipun-mehta-after-rbi-policy/videoshow/14236660.cms,stocks9.jpg
RBI policy: What should determine interest rates,https://economictimes.indiatimes.comhttps://economictimes.indiatimes.com/opinion/et-editorial/rbi-policy-what-should-determine-interest-rates/articleshow/12860360.cms,"As we have pointed out in the past, the repercussions of banks blindly following the RBI's diktat go well beyond the banking sector."
"Banks, realty decline ahead of RBI policy meet",https://economictimes.indiatimes.comhttps://economictimes.indiatimes.com/markets/stocks/news/banks-realty-decline-ahead-of-rbi-policy-meet/articleshow/39666795.cms,100 per cent respondents to ET Now poll expect the key rates and cash reserve ratio to remain unchanged.
RBI policy: What is in it for mutual fund investors?,https://economictimes.indiatimes.comhttps://economictimes.indiatimes.com/mf/analysis/rbi-policy-what-is-in-it-for-mutual-fund-investors/articleshow/78568077.cms,"The Reserve Bank of India may have held key rates in its bi-monthly policy review, but a slew of liquidity measures announced in the policy more than made up for the status-quo in rates."
Can RBI policy be the blueprint for world's central banks?,https://economictimes.indiatimes.comhttps://economictimes.indiatimes.com/markets/stocks/news/can-rbi-policy-be-the-blueprint-for-worlds-central-banks/articleshow/69674825.cms,Passive inflation and the central bank’s full tank of gas make the case to cut even stronger.
Rupee turns weaker ahead of RBI policy outcome,https://economictimes.indiatimes.comhttps://economictimes.indiatimes.com/markets/forex/rupee-turns-weaker-ahead-of-rbi-policy-outcome/articleshow/64467999.cms,Trading was largely confined to a tight range for most part of the day with no directional strength and market moving factors.
"Sensex, Nifty open higher ahead of RBI policy",https://economictimes.indiatimes.comhttps://economictimes.indiatimes.com/et-now/markets/sensex-nifty-open-higher-ahead-of-rbi-policy/videoshow/46832518.cms,
How RBI policy triggered exuberance in debt market,https://economictimes.indiatimes.comhttps://economictimes.indiatimes.com/markets/stocks/news/how-rbi-policy-triggered-exuberance-in-debt-market/articleshow/59057793.cms,"FPIs, which were sitting on the sidelines, are likely to re-enter the bond market."
What surprised debt markets besides RBI policy?,https://economictimes.indiatimes.comhttps://economictimes.indiatimes.com/markets/stocks/what-surprised-debt-markets-besides-rbi-policy/articleshow/67906068.cms,States normally bunch up their borrowings toward the end of the financial year as they look to exhaust their limits.
Dovish RBI policy spurs corporate bond issuances,https://economictimes.indiatimes.comhttps://economictimes.indiatimes.com/markets/stocks/news/dovish-rbi-policy-spurs-corporate-bond-issuances/slideshow/124619904.cms,
"RBI policy meet, Japan downgrade, global growth worries hit markets; Sensex snaps 3-day rally",https://economictimes.indiatimes.comhttps://economictimes.indiatimes.com/markets/stocks/news/rbi-policy-meet-japan-downgrade-global-growth-worries-hit-markets-sensex-snaps-3-day-rally/articleshow/45335419.cms,"The S&P BSE Sensex snapped three-day rally and slipped as much as 155 points in trade, led by losses in power, oil & gas, metal and realty stocks."
"Banks do not need RBI permission to invest, pull back overseas investments",https://economictimes.indiatimes.comhttps://economictimes.indiatimes.com/industry/banking/finance/banking/banks-do-not-need-rbi-permission-to-invest-pull-back-overseas-investments/articleshow/88159522.cms,In the additional measures announced after the monetary policy review governor Shaktikanta Das said banks will no longer need regulatory clearance to invest or repatriate capital from their overseas subsidiaries.
"RBI to allow lending and borrowing in G-Secs, increases trading hours",https://economictimes.indiatimes.comhttps://economictimes.indiatimes.com/news/economy/policy/rbi-to-allow-lending-and-borrowing-in-g-secs-increases-trading-hours/articleshow/97717191.cms,"Trading hours in G-Sec will be increased 9 am to 5 pm, from current timings of 9 am to 3:30 pm."
RBI warns of spillover effects on banks and NBFCs in its policy review,https://economictimes.indiatimes.comhttps://economictimes.indiatimes.com/industry/banking/finance/banking/rbi-warns-of-spillover-effects-on-banks-nbfcs/articleshow/89471476.cms,Das stressed that banks need to fortify governance standards and build capital buffers as the financial system navigates its way through the pandemic.
RBI should hold rates for now & anchor long-term bond yields,https://economictimes.indiatimes.comhttps://economictimes.indiatimes.com/markets/stocks/news/rbi-should-hold-rates-for-now-anchor-long-term-bond-yields/articleshow/89448163.cms,"Repo rate change could wait for now in our view, though current yields are discounting aggressive rate hikes in India as well. There is a clear need for the RBI to invoke its open market operations (OMO) tool via Operation Twist (OT)."
RBI hikes rates by 25 bps. Full text of Third Bi-monthly Monetary Policy Statement for FY19,https://economictimes.indiatimes.comhttps://economictimes.indiatimes.com/markets/stocks/news/full-text-rbi-hikes-rates-heres-why/articleshow/65227219.cms,Systemic liquidity remained generally in surplus mode during June-July 2018.
RBI’s rate reversal ahead? It’ll all depend on these seven factors,https://economictimes.indiatimes.comhttps://economictimes.indiatimes.com/markets/stocks/news/rbis-rate-reversal-ahead-itll-all-depend-on-these-seven-factors/articleshow/66952756.cms,"In its statement, RBI said the downgraded inflation projections have some key risks."
The 6-0 unanimity shock that foxed financial markets,https://economictimes.indiatimes.comhttps://economictimes.indiatimes.com/markets/stocks/news/the-6-0-unanimity-shock-that-foxed-financial-markets/articleshow/72393323.cms,The unanimity reflects that MPC is more wedded to its mandate of keeping inflation at 4%.
"RBI keeps repo rate unchanged at 4%, maintains accommodative stance",https://economictimes.indiatimes.comhttps://economictimes.indiatimes.com/markets/stocks/news/rbi-keeps-repo-rate-unchanged-at-4/articleshow/78566647.cms,"The latest MPC decision came as retail inflation continued to remain at the upper end of RBI’s tolerance range. It has stayed stubbornly above 6 per cent, at 6.69 per cent in August and 6.73 per cent in July."
"ET View: Monetary Policy Committee says sooner, rather than later",https://economictimes.indiatimes.comhttps://economictimes.indiatimes.com/opinion/et-view/et-view-monetary-policy-committee-says-sooner-rather-than-later/articleshow/64478152.cms,"With a sudden outgo of portfolio investment, especially from the debt market, ignoring the RBI’ inducement of opening up room in short-maturity bonds, the rupee is under pressure."
Pre-market: Nifty seen opening lower; RBI policy eyed,https://economictimes.indiatimes.comhttps://economictimes.indiatimes.com/markets/stocks/news/pre-market-nifty-seen-opening-lower-rbi-policy-eyed/articleshow/43860440.cms,Traders will keep a close on RBI policy which is likely to dictate the trend for markets in trade today.
Realtors unhappy over RBI policy; seek interest cut in future,https://economictimes.indiatimes.comhttps://economictimes.indiatimes.com/wealth/personal-finance-news/realtors-unhappy-over-rbi-policy-seek-interest-cut-in-future/articleshow/46108349.cms,Real estate developers sought reduction in interest rates in future to boost housing sales. Builders also expect some relief and tax reforms in the upcoming Budget.
Banks to take cue from RBI policy to decide rates: Kotak,https://economictimes.indiatimes.comhttps://economictimes.indiatimes.com/industry/banking/finance/banking/banks-to-take-cue-from-rbi-policy-to-decide-rates-kotak/articleshow/5409584.cms,"Lending rates might move upward in the months ahead as credit growth picks up, but banks may take a cue from the RBI policy before effecting any change in their rate-structure, a top banker on Monday said."
Nifty poised to hit new highs after RBI policy: Analysts,https://economictimes.indiatimes.comhttps://economictimes.indiatimes.com/markets/stocks/news/nifty-poised-to-hit-new-highs-after-rbi-policy-analysts/articleshow/69658497.cms,FPIs tend to be net buyers of index puts as a hedge to their portfolios.
Pre-market: Nifty seen opening flat; RBI policy eyed,https://economictimes.indiatimes.comhttps://economictimes.indiatimes.com/markets/stocks/news/pre-market-nifty-seen-opening-flat-rbi-policy-eyed/articleshow/39661881.cms,Investors will keep a close eye on outcome of RBI policy review due today which is likely to dictate the trend for the markets.
Budget and RBI policy will trigger the market in coming weeks: Anish Damania,https://economictimes.indiatimes.comhttps://economictimes.indiatimes.com/markets/stocks/recos/budget-and-rbi-policy-will-trigger-the-market-in-coming-weeks-anish-damania/articleshow/35934334.cms,RBI policy is probably significant event to look at tomorrow. A lot of people are waiting to look at it given the fact that the RBI governor has been meeting the PM a couple of times.
Forthcoming RBI policy may be a non-event: Avinnash Gorakssakar,https://economictimes.indiatimes.comhttps://economictimes.indiatimes.com/opinion/interviews/forthcoming-rbi-policy-may-be-a-non-event-avinnash-gorakssakar/articleshow/14847524.cms,"In an interview with ET Now, Avinnash Gorakssakar, Founder Director, Moneyinvestments.in, gives his views on Infosys results, IIP numbers and expectations from the RBI policy."
"RBI keeps repo rate unchanged at 5.15%, stance remains accommodative",https://economictimes.indiatimes.comhttps://economictimes.indiatimes.com/markets/stocks/news/rbi-keeps-repo-rate-unchanged-at-5-15-stance-remains-accommodative/articleshow/72379230.cms,The central bank slashed FY20 real GDP growth projection to 5% from 6.1%.
Uday Kotak red flags inflation pressure on rate cycle,https://economictimes.indiatimes.comhttps://economictimes.indiatimes.com/industry/banking/finance/uday-kotak-red-flags-inflation-pressure-on-rate-cycle/articleshow/58062686.cms,India's consumer price inflation inched up to 3.65% in February from 3.17% in January as food prices started rising.
"View: RBI policy should be contingent on recovery, inflation and Omicron, not US Fed behaviour",https://economictimes.indiatimes.comhttps://economictimes.indiatimes.com/opinion/et-commentary/view-rbi-policy-should-be-contingent-on-recovery-inflation-and-omicron-not-us-fed-behaviour/articleshow/88460618.cms,"Drawing on the experiences of the previous cycles, there are more similarities with the 2003-07 cycle, rather than 2013. Asian central banks are expected to proceed with a gradual pace of policy normalisation, which should be contingent on the recovery of their economies, inflation dynamics and implications of the Omicron variant, rather than being heavily influenced by the Fed policy path."
"Q4 results to help in picking stocks: Sanjay Guglani, Silverdale Capital",https://economictimes.indiatimes.comhttps://economictimes.indiatimes.com/markets/expert-view/q4-results-to-help-in-picking-stocks-sanjay-guglani-silverdale-capital/articleshow/51642498.cms,"We prefer consumer goods simply because the urban consumption has held up strong and if we have a La Nino this time, we shall have an uptick in rural consumption."
No surprises in RBI policy; Fed move in sharp focus now: Mythili Bhusnurmath,https://economictimes.indiatimes.comhttps://economictimes.indiatimes.com/opinion/interviews/no-surprises-in-rbi-policy-fed-move-in-sharp-focus-now-mythili-bhusnurmath/articleshow/49993371.cms,"""There are absolutely no surprises at all. Even on the position on inflation, there was a very similar comment in the previous policy statement too."""
"RBI policy, GDP data to set tone for market this week",https://economictimes.indiatimes.comhttps://economictimes.indiatimes.com/markets/stocks/news/rbi-policy-gdp-data-to-set-tone-for-market-this-week/articleshow/49967573.cms,"Besides, investors would monitor the monthly sales data announcement from auto companies starting Tuesday."
"Sensex slips over 200 points, breaks below 29k post RBI policy, PNB results",https://economictimes.indiatimes.comhttps://economictimes.indiatimes.com/markets/stocks/news/sensex-slips-over-200-points-breaks-below-29k-post-rbi-policy-pnb-results/articleshow/46105663.cms,"Rate sensitive stocks came under pressure, after the Reserve Bank of India on expected lines left repo rate unchanged at 7.75 per cent."
"India's economic growth outlook unchanged, poised to outperform global growth despite risks: Lakshmi Iyer",https://economictimes.indiatimes.comhttps://economictimes.indiatimes.com/markets/expert-view/global-bond-index-inclusions-to-boost-indian-bond-market-drive-foreign-flows-lakshmi-iyer/articleshow/120613047.cms,"Lakshmi Iyer of Kotak Investment Advisors discusses India's inward-focused economic strategy, fueled by rising rural and urban consumption and supported by the BFSI sector. Despite global growth concerns and fluctuating dollar dynamics, India's bond market remains attractive due to domestic institutional support and potential US rate cuts, with impending global index inclusions further bolstering bond yields."
"Expect RBI to cut rates by 25 bps at next policy meet: Sanjay Mathur, RBS",https://economictimes.indiatimes.comhttps://economictimes.indiatimes.com/opinion/interviews/expect-rbi-to-cut-rates-by-25-bps-at-next-policy-meet-sanjay-mathur-rbs/articleshow/46847009.cms,"""It is quite clear that RBI is not averse to cutting interest rates. It's just that there is a need to see an augmentation of the transmission mechanism."""
Sensex trims gains on RBI policy; still up 103 points,https://economictimes.indiatimes.comhttps://economictimes.indiatimes.com/et-now/markets/sensex-trims-gains-on-rbi-policy-still-up-103-points/videoshow/16432785.cms,mkt1.jpg
"Banks will cut base rates if deposit cost goes down: Aditya Puri, HDFC Bank",https://economictimes.indiatimes.comhttps://economictimes.indiatimes.com/opinion/interviews/banks-will-cut-base-rates-if-deposit-cost-goes-down-aditya-puri-hdfc-bank/articleshow/46837999.cms,"""Even at this rate banks are not getting deposits. However, the trajectory is down and so, a rate cut is coming. But it's tough to predict the time."""
"RBI policy, auto sales, PMI data among key factors that will steer Dalal Street next week",https://economictimes.indiatimes.comhttps://economictimes.indiatimes.com/markets/stocks/news/rbi-policy-auto-sales-pmi-data-among-key-factors-that-will-steer-dalal-street-next-week/articleshow/71357112.cms,"Going into a truncated trading week, traders will keep an eye on RBI policy review."
"Share market update: Bank, auto, realty stocks slip after RBI keeps repo rate unchanged",https://economictimes.indiatimes.comhttps://economictimes.indiatimes.com/markets/stocks/news/share-market-update-bank-auto-realty-stocks-slip-after-rbi-keeps-repo-rate-unchanged/articleshow/72379626.cms,"This halt came after five consecutive cuts. The shortterm lending rate, or repo rate, was unchanged at 5.15 per cent."
RBI keeps key policy interest rates unchanged to strengthen fragile economic recovery,https://economictimes.indiatimes.comhttps://economictimes.indiatimes.com/news/economy/policy/rbi-keeps-key-policy-interest-rates-unchanged-to-strengthen-fragile-economic-recovery/articleshow/86859059.cms,"The policy repo rate, or the rate at which RBI lends to banks, is kept at 4% after the six-member MPC voted unanimously in favour of a status quo, while the reverse repo rate remains at 3.35%. All the six members of the Monetary Policy Committee (MPC) voted to keep rates unchanged."
Macro Matters,https://economictimes.indiatimes.comhttps://economictimes.indiatimes.com/markets/stocks/news/ahead-of-rbi-policy-announcement-what-8-key-market-moves-and-data-prints-are-telling-us/macro-matters/slideshow/92050948.cms,
View: RBI’s actions shows clear focus on bringing down inflation within the tolerance band of 2 to 4%,https://economictimes.indiatimes.comhttps://economictimes.indiatimes.com/news/economy/policy/view-rbis-actions-shows-clear-focus-on-bringing-down-inflation-within-the-tolerance-band-of-2-to-4/articleshow/96062479.cms,The slowing of rate hike pace from 50bp to 35bp is welcome since it shows that we might be nearing the end of this rate hike cycle. It also goes to show that the MPC is mindful of growth while ensuring inflation falls below the tolerance band first and then closer to its target. RBI Governor outlined that inflation remains high and broad-based.
Status quo on rates a relief; bond market now well aware of limits to RBI largesse,https://economictimes.indiatimes.comhttps://economictimes.indiatimes.com/markets/bonds/status-quo-on-rates-a-relief-bond-market-now-well-aware-of-limits-to-rbi-largesse/articleshow/89476250.cms,Bond vigilantes had already made their presence felt over the last few weeks as the Budget unveiled a larger-than-expected market borrowing programme and as surging crude oil prices lent more credence to the global theme of hardening inflation.
RBI may revise working hours of Indian financial institutions,https://economictimes.indiatimes.comhttps://economictimes.indiatimes.com/markets/stocks/news/rbi-may-revise-working-hours-of-indian-financial-institutions/articleshow/65227618.cms,The RBI has formed a working group to look into the various aspects of revising working hours.
RBI may maintain status quo on rates due to jump in Covid infections: Experts,https://economictimes.indiatimes.comhttps://economictimes.indiatimes.com/markets/stocks/news/rbi-may-maintain-status-quo-on-rates-due-to-jump-in-covid-infections-experts/articleshow/81897225.cms,"The Monetary Policy Committee (MPC) is likely to maintain its ""accommodative"" stance, say experts."
RBI Monetary Policy: 10 key takeaways from Shaktikanta Das's speech,https://economictimes.indiatimes.comhttps://economictimes.indiatimes.com/markets/stocks/news/rbi-monetary-policy-key-takeaways-from-shaktikanta-dass-speech/articleshow/79561620.cms,"RBI believes rural demand, which is already a silver lining in times of crisis, is expected to strengthen further, while urban demand is also gaining momentum."
ETMarkets Special Podcast: Has RBI rate cut cycle come to an end?,https://economictimes.indiatimes.comhttps://economictimes.indiatimes.com/markets/stocks/etmarkets-podcast/etmarkets-special-podcast-has-rbi-rate-cut-cycle-come-to-an-end/videoshow/72386322.cms,
Fiscal deficit concern for Indian market: Marshall,https://economictimes.indiatimes.comhttps://economictimes.indiatimes.com/et-now/markets/fiscal-deficit-concern-for-indian-market-marshall/videoshow/11648405.cms,Market-1.jpg
Crude prices a cause of concern: Religare,https://economictimes.indiatimes.comhttps://economictimes.indiatimes.com/et-now/experts/crude-prices-a-cause-of-concern-religare/videoshow/12068328.cms,Crude-trans.jpg
RBI has two pronged policy focus: Aditya Puri,https://economictimes.indiatimes.comhttps://economictimes.indiatimes.com/et-now/experts/rbi-has-two-pronged-policy-focus-aditya-puri/videoshow/23627037.cms,RBi.jpg
Market's post-policy reaction unjustified; rate cut not a magic wand to cure all ills: Mythili Bhusnurmath,https://economictimes.indiatimes.comhttps://economictimes.indiatimes.com/opinion/interviews/markets-post-policy-reaction-unjustified-rate-cut-not-a-magic-wand-to-cure-all-ills-mythili-bhusnurmath/articleshow/47526528.cms,"""I think markets ran overboard. But by their very nature, markets tend to swing one way or the other too much. I won't be too disheartened by what happened today."""
Bankers call RBI policy as nuanced; CRR move will not impact lending ability,https://economictimes.indiatimes.comhttps://economictimes.indiatimes.com/industry/banking/finance/banking/bankers-call-rbi-policy-as-nuanced-crr-move-will-not-impact-lending-ability/articleshow/102616319.cms,"Industry lobby grouping IBA's chairman A K Goel, who also heads state-run Punjab National Bank, said the move to impose a 10 per cent incremental cash reserve ratio will not impede the sector's ability to lend."
"Trade setup: Investors eye cues from RBI policy, weekly options expiry",https://economictimes.indiatimes.comhttps://economictimes.indiatimes.com/markets/stocks/news/trade-setup-investors-eye-cues-from-rbi-policy-weekly-options-expiry/articleshow/89456947.cms,"As we approach Thursday, we will have two things to watch that the markets will react to. First, there is weekly options expiry coming up; and second, is RBI Monetary Policy"
"Why really stocks crashed, and how D-Street interprets this fall",https://economictimes.indiatimes.comhttps://economictimes.indiatimes.com/markets/stocks/news/why-really-stocks-crashed-and-how-d-street-interprets-this-fall/articleshow/66086800.cms,This RBI policy move was unexpected as most polls hinted at a possible 25 bps hike.
RBI policy review triggers rally in bonds,https://economictimes.indiatimes.comhttps://economictimes.indiatimes.com/markets/bonds/rbi-policy-review-triggers-rally-in-bonds/articleshow/63631826.cms,
"RBI policy makes India, Inc. smile",https://economictimes.indiatimes.comhttps://economictimes.indiatimes.com/news/economy/policy/rbi-policy-makes-india-inc-smile/articleshow/1494701.cms,"Indian industry today welcomed Reserve Bank's annual credit policy that contained measures to increase liquidity in the system, saying cash availability was a key concern."
Tight RBI policy unlikely to harden rates,https://economictimes.indiatimes.comhttps://economictimes.indiatimes.com/news/economy/policy/tight-rbi-policy-unlikely-to-harden-rates/articleshow/5507230.cms,"Interest rates may remain soft even if the central bank were to withdraw its accommodative stance and tighten monetary policy, which will be reviewed on Friday."
RBI's policy moves leave markets disoriented,https://economictimes.indiatimes.comhttps://economictimes.indiatimes.com/opinion/et-commentary/rbis-policy-moves-leave-markets-disoriented/articleshow/24900695.cms,"The focus of the RBI in its second-quarter review of monetary policy was on currency stability, inflation and making financial markets more efficient."
"RBI policy 'fairly balanced', pragmatic: Bankers",https://economictimes.indiatimes.comhttps://economictimes.indiatimes.com/news/economy/policy/rbi-policy-fairly-balanced-pragmatic-bankers/articleshow/61951832.cms,SBI Chairman Rajnish Kumar said the RBI's decision to maintain status quo was in consonance with market expectations.
RBI Policy increases NACH mandate for MSMEs,https://economictimes.indiatimes.comhttps://economictimes.indiatimes.com/small-biz/sme-sector/rbi-policy-increases-nach-mandate-for-msmes/articleshow/89474295.cms,Governor Shaktikanta Das said it will increase National Automated Clearing House (NACH) mandate limit for Trade Receivables Discounting System (TReDS) settlements from Rs 1 crore at present to Rs 3 crore
Markets open flat ahead of RBI policy,https://economictimes.indiatimes.comhttps://economictimes.indiatimes.com/et-now/markets/markets-open-flat-ahead-of-rbi-policy/videoshow/27568983.cms,ET3.jpg
RBI policy to factor in rising consumer prices,https://economictimes.indiatimes.comhttps://economictimes.indiatimes.com/industry/banking/finance/banking/rbi-policy-to-factor-in-rising-consumer-prices/articleshow/27257515.cms,"“In a situation where you have high inflation and low growth you have to calibrate policy carefully,” governor Raghuram Rajan said."
Yields jump ahead of RBI policy review,https://economictimes.indiatimes.comhttps://economictimes.indiatimes.com/markets/bonds/yields-jump-ahead-of-rbi-policy-review/articleshow/4827916.cms,"Gilt yields rose in late trade on Monday, after the central bank said inflationary pressures in the economy remain, making traders less hopeful about any policy easing on Tuesday."
India Inc's take on RBI policy-review,https://economictimes.indiatimes.com/quickiearticleshow/6569801.cms,Bigwigs of the corporate world elicit their views on RBI rate hike.
RBI policy review: May hold rates,https://economictimes.indiatimes.comhttps://economictimes.indiatimes.com/mf/analysis/rbi-may-not-cut-rates-what-should-debt-mutual-fund-investors-do/rbi-policy-review-may-hold-rates/slideshow/60922820.cms,
RBI policy impact on rupee: Experts’ view,https://economictimes.indiatimes.comhttps://economictimes.indiatimes.com/et-now/commodities/rbi-policy-impact-on-rupee-experts-view/videoshow/39695772.cms,
Rupee weakens post RBI policy announcement,https://economictimes.indiatimes.comhttps://economictimes.indiatimes.com/markets/forex/rupee-weakens-post-rbi-policy-announcement/articleshow/21479294.cms,MUMBAI: Rupee fell to 59.64 or 0.39% against the dollar after the Reserve Bank of India announced the monetary policy keeping policy rates unchanged.
What RBI policy surprise means to you,https://economictimes.indiatimes.comhttps://economictimes.indiatimes.com/news/economy/policy/what-rbi-policy-surprise-means-to-you/slideshow/72380990.cms,
No impact of RBI's policy on mutual funds: Dhirendra,https://economictimes.indiatimes.comhttps://economictimes.indiatimes.com/et-now/finance/no-impact-of-rbis-policy-on-mutual-funds-dhirendra/videoshow/17663368.cms,Invest-3.jpg
RBI policy on Wednesday: Here's what to expect,https://economictimes.indiatimes.comhttps://economictimes.indiatimes.com/markets/stocks/news/rbi-policy-on-wednesday-heres-what-to-expect/videoshow/64453919.cms,
Fed will not determine RBI's policy stance: Rajan,https://economictimes.indiatimes.comhttps://economictimes.indiatimes.com/et-now/policy/fed-will-not-determine-rbis-policy-stance-raghuram-rajan/videoshow/46833981.cms,
"This is a 'Main Hoon Na' policy of RBI, very-very reassuring for the markets: Nilesh Shah",https://economictimes.indiatimes.comhttps://economictimes.indiatimes.com/markets/expert-view/this-is-a-main-hoon-na-policy-of-rbi-very-very-reassuring-for-the-markets-nilesh-shah/articleshow/100841012.cms,"The Indian equity markets today provide 3G, a better growth than our peer group, better governance than our peer group and more importantly, better commitment to environment than our peer group."
ETMarkets Smart Talk: Range-bound markets ahead; prefer mid & smallcaps as earnings pick up in FY27–28: Mohit Khanna,https://economictimes.indiatimes.comhttps://economictimes.indiatimes.com/markets/expert-view/etmarkets-smart-talk-range-bound-markets-ahead-prefer-mid-smallcaps-as-earnings-pick-up-in-fy2728-mohit-khanna/articleshow/128237435.cms,"Indian markets are navigating cross-currents post-Budget and policy announcements, with volatility expected to persist. Mohit Khanna of PGIM India AMC anticipates range-bound movement in the near term but sees strong earnings growth accelerating in FY27-28. He favors a bottom-up approach, with a constructive outlook on mid- and small-cap equities."
"RBI cuts repo rate by 25 bps to 5.15%, lowest since March 2010",https://economictimes.indiatimes.comhttps://economictimes.indiatimes.com/markets/stocks/news/rbi-cuts-repo-rate-by-25-bps-to-5-15-lowest-since-march-2010/articleshow/71435390.cms,It was in addition to a cumulative 110 bps rate cut that RBI has announced so far this year.
Goldman Sachs cuts India's 2026 growth forecast to 5.9%,https://economictimes.indiatimes.comhttps://economictimes.indiatimes.com/news/economy/indicators/goldman-sachs-cuts-indias-2026-growth-forecast-to-5-9/articleshow/129775674.cms,Goldman Sachs has revised India's 2026 growth forecast downwards to 5.9 percent. The firm anticipates a 50 basis point increase in policy rates. This adjustment stems from the ongoing Gulf conflict and its impact on oil prices. Higher crude prices present significant risks to India's economy.
Stock market update: Realty stocks rise ahead of RBI's policy outcome,https://economictimes.indiatimes.comhttps://economictimes.indiatimes.com/markets/stocks/news/stock-market-update-realty-stocks-rise-ahead-of-rbis-policy-outcomebr/articleshow/72378003.cms,The Nifty Realty index was trading 0.47 per cent up at 286.70.
Share market update: Auto stocks up ahead of RBI's policy outcome,https://economictimes.indiatimes.comhttps://economictimes.indiatimes.com/markets/stocks/news/share-market-update-auto-stocks-up-ahead-of-rbis-policy-outcomenbspbr/articleshow/72377885.cms,The Nifty Auto index was trading 0.28 per cent up at 8019.2 .
Top ten rate sensitive stocks in focus post RBI policy meet,https://economictimes.indiatimes.comhttps://economictimes.indiatimes.com/markets/stocks/recos/top-ten-rate-sensitive-stocks-in-focus-post-rbi-policy-meet/articleshow/20628134.cms,Rate sensitive stocks cracked in after the RBI maintained status quo on policy rates. Here are technical recommendations on top ten such stocks.
"RBI policy, earnings, macro data likely to set market tone this week",https://economictimes.indiatimes.comhttps://economictimes.indiatimes.com/markets/stocks/news/rbi-policy-earnings-fomc-minutes-likely-to-set-market-tone-this-week/articleshow/81894127.cms,Market participants expect the gains of the previous week to sustain this week helped by the recovery in risk appetite of investors globally.
Share market update: Auto stocks up ahead of RBI's policy outcome,https://economictimes.indiatimes.comhttps://economictimes.indiatimes.com/markets/stocks/news/share-market-update-auto-stocks-up-ahead-of-rbis-policy-outcomenbspbr/articleshow/68716099.cms,The Nifty Auto index was trading 0.39 per cent up at 8513.75 around 09:50 am.
Rupee depreciates 6 paise to 73.64 ahead of RBI's policy outcome,https://economictimes.indiatimes.comhttps://economictimes.indiatimes.com/markets/forex/rupee-opens-6-paise-down-at-73-64-against-dollar/articleshow/66080385.cms,"On the domestic front, market participants will be keeping an eye on RBI policy statement."
Fed rate hike to have minimal impact on RBI policy: India Inc,https://economictimes.indiatimes.comhttps://economictimes.indiatimes.com/news/economy/policy/fed-rate-hike-to-have-minimal-impact-on-rbi-policy-india-inc/articleshow/57675430.cms,"""Since Fed rate hike is not expected to create much volatility in the Indian markets, this should have minimal influence on RBI's policy stance,"" the chamber said in a statement."
Share market update: Auto stocks up ahead of RBI's policy outcome,https://economictimes.indiatimes.comhttps://economictimes.indiatimes.com/markets/stocks/news/share-market-update-auto-stocks-up-ahead-of-rbis-policy-outcomenbspbr/articleshow/70564669.cms,The Nifty Auto index was trading 0.05 per cent up at 6945.75 around 09:46 am.
Stock market update: Realty stocks rise ahead of RBI's policy outcome,https://economictimes.indiatimes.comhttps://economictimes.indiatimes.com/markets/stocks/news/stock-market-update-realty-stocks-rise-ahead-of-rbis-policy-outcomebr/articleshow/70564802.cms,The Nifty Realty index was trading 0.74 per cent up at 264.40 around 09:55 am.
Rupee inches to 71 level against dollar post RBI policy decision,https://economictimes.indiatimes.comhttps://economictimes.indiatimes.com/markets/forex/rupee-inches-to-71-level-against-dollar-post-rbi-policy-decision/articleshow/70567378.cms,"Following the RBI's Monetary Policy Committee (MPC) decision, the local currency witnessed heavy volatility."
"Markets eye RBI policy next week for directions, but will Raghuram Rajan oblige?",https://economictimes.indiatimes.comhttps://economictimes.indiatimes.com/markets/stocks/news/markets-eye-rbi-policy-next-week-for-directions-but-will-raghuram-rajan-oblige/articleshow/46780596.cms,"Most analysts are not reading too much into the bounce back, and the RBI policy due next week may well be a non-event."
"RBI policy, monsoon and budget to be three major triggers for markets: Sanjay Sinha",https://economictimes.indiatimes.comhttps://economictimes.indiatimes.com/markets/stocks/recos/rbi-policy-monsoon-and-budget-to-be-three-major-triggers-for-markets-sanjay-sinha/articleshow/35767079.cms,"If we have reasonably well spread out monsoon even with that deficiency, it would be seen as a positive trigger for the market, he said."
Share market update: Auto stocks up ahead of RBI's policy outcome,https://economictimes.indiatimes.comhttps://economictimes.indiatimes.com/markets/stocks/news/share-market-update-auto-stocks-up-ahead-of-rbis-policy-outcomebr/articleshow/67878696.cms,The Nifty Auto index was trading 1.34 per cent up at 8682.50 around 10:02 am.
Share market update: Auto stocks up ahead of RBI's policy outcome,https://economictimes.indiatimes.comhttps://economictimes.indiatimes.com/markets/stocks/news/share-market-update-auto-stocks-up-ahead-of-rbis-policy-outcome/articleshow/73975242.cms,The Nifty Auto index was trading 0.55 per cent up at 8176.05 .
Stock market update: Realty stocks mixed ahead of RBI's policy outcome,https://economictimes.indiatimes.comhttps://economictimes.indiatimes.com/markets/stocks/news/stock-market-update-realty-stocks-mixed-ahead-of-rbis-policy-outcomebr/articleshow/69671275.cms,The Nifty Realty index was trading 0.65 per cent down at 283.85 around 10:02 am.
Share market update: Auto stocks down ahead of RBI's policy outcome,https://economictimes.indiatimes.comhttps://economictimes.indiatimes.com/markets/stocks/news/share-market-update-auto-stocks-down-ahead-of-rbis-policy-outcomenbspbr/articleshow/69671102.cms,The Nifty Auto index was trading 0.39 per cent down at 8267.70 around 09:44 am.
"Sensex, Nifty fall from record highs ahead of RBI policy outcome",https://economictimes.indiatimes.comhttps://economictimes.indiatimes.com/markets/stocks/news/sensex-nifty-fall-from-record-highs-ahead-of-rbi-policy-outcome/articleshow/69649364.cms,"YES Bank, NTPC, Vedanta, Axis Bank and Coal India were among the main leaders."
"Sensex hits fresh all-time high, surges 1,619 points; rate-sensitive stocks surge up to 9% post RBI policy decision",https://economictimes.indiatimes.comhttps://economictimes.indiatimes.com/markets/stocks/news/sensex-skyrockets-1300-points-rate-sensitive-stocks-surge-up-to-8-post-rbi-policy-decision/articleshow/110787499.cms,"The market capitalisation of all listed companies on BSE surged by Rs 7.38 lakh crore to Rs 423.27 lakh crore. Post RBI policy decision, realty indices surged up to 9.5%, with Sunteck Realty, Sobha, Brigade, and Lodha rising between 3% and 9.5%. Nifty Bank stocks such as Bandhan Bank, SBI, Axis Bank, AU Small Finance Bank, and Kotak Bank rose by 1-2%."
"RBI policy review, Burger King IPO & auto sales among factors that will sway market this week",https://economictimes.indiatimes.comhttps://economictimes.indiatimes.com/markets/stocks/news/rbi-policy-review-burger-king-ipo-auto-sales-among-factors-that-will-sway-market-this-week/articleshow/79471722.cms,"This truncated week will see the release of auto sales data and PMI readings, the kick start of Burger King IPO, RBI's policy review, OPEC's virtual meet and investors' reaction to India slipping into recession."
D-Street rally adds nearly Rs 4 lakh crore to investor wealth: Key factors driving market higher,https://economictimes.indiatimes.comhttps://economictimes.indiatimes.com/markets/stocks/news/d-street-rally-adds-over-rs-3-lakh-crore-to-investor-wealth-key-factors-driving-market-higher/articleshow/94555063.cms,"The up move brought in a 1,017-point rise in the Sensex with the benchmark index ending the session at 57,426.92. Its NSE counterpart Nifty moved past the psychologically-important level of 17,000 points and closed the day at 17,094.35, up 276 points."
What guidance to expect from first MPC of new financial year,https://economictimes.indiatimes.comhttps://economictimes.indiatimes.com/markets/stocks/news/what-guidance-to-expect-from-first-mpc-of-new-financial-year/articleshow/109034619.cms,"The monetary policy review meeting is expected to consider various factors including domestic stability, global rate trends, and demand-supply dynamics, shaping the outlook for the financial year."
"Nifty, Sensex turn choppy post RBI policy outcome",https://economictimes.indiatimes.comhttps://economictimes.indiatimes.com/et-now/markets/nifty-sensex-turn-choppy-post-rbi-policy-outcome/videoshow/50819040.cms,
RBI policy broadly in line with market expectations: Finance Ministry,https://economictimes.indiatimes.comhttps://economictimes.indiatimes.com/news/economy/policy/rbi-policy-broadly-in-line-with-market-expectations-finance-ministry/articleshow/50820647.cms,"RBI Governor Raghuram Rajan also said if the Budget makes enough structural reforms to boost growth, the central bank could chip in with cheaper money to boost growth."
"Sensex, Nifty trade lower ahead of RBI policy outcome",https://economictimes.indiatimes.comhttps://economictimes.indiatimes.com/markets/stocks/news/sensex-nifty-trade-lower-ahead-of-rbi-policy-outcome/articleshow/92072704.cms,"Among bluechip counters, ONGC zoomed over 2 per cent, whereas SBI Life, Tata Steel, NTPC and JSW Steel gained over a per cent each."
Top debt mutual fund managers react to RBI policy,https://economictimes.indiatimes.comhttps://economictimes.indiatimes.com/mf/analysis/top-debt-mutual-fund-managers-react-to-rbi-policy/articleshow/89476858.cms,The RBI has surprised the market with a status quo on policy rates and the decision to maintain an accommodative stance on rates.
"Sensex rangebound, Nifty tests 7950 post RBI policy",https://economictimes.indiatimes.comhttps://economictimes.indiatimes.com/et-now/markets/sensex-rangebound-nifty-tests-7950-post-rbi-policy/videoshow/49995114.cms,
Rupee steady at 64.38 ahead of RBI policy outcome,https://economictimes.indiatimes.comhttps://economictimes.indiatimes.com/markets/forex/rupee-steady-at-64-38-ahead-of-rbi-policy-outcome/articleshow/61934505.cms,The Indian currency soared to a fresh 3-month peak of 64.21 in early trade before retreating sharply.
RBI Policy: Invest in short-term debt mutual funds,https://economictimes.indiatimes.comhttps://economictimes.indiatimes.com/mf/analysis/rbi-policy-invest-in-short-term-debt-mutual-funds/articleshow/55851923.cms,"You should always pick up an investment option depending on your goal, investment horizon and risk profile. Experts typically ask investors to opt for debt mutual funds for their short-term goals."
RBI policy action to drive growth in rate sensitives: Experts,https://economictimes.indiatimes.comhttps://economictimes.indiatimes.com/markets/stocks/news/rbi-policy-action-to-drive-growth-in-rate-sensitives-experts/articleshow/49156821.cms,Home and corporate loans will cost less as the Reserve Bank today lowered the key interest rate by 0.50 per cent -- the biggest cut in over three years -- to bolster the economy.
Here's how RBI policy moved rate futures market,https://economictimes.indiatimes.comhttps://economictimes.indiatimes.com/markets/stocks/news/heres-how-rbi-policy-moved-rate-futures-market/articleshow/57023458.cms,"The number of open interest contracts surged to 2,19,890 on February 6 from 1,53,299 six days earlier, an increase of 43%."
Rate-sensitive stocks rise ahead of RBI policy decision,https://economictimes.indiatimes.comhttps://economictimes.indiatimes.com/markets/stocks/news/rate-sensitive-stocks-rise-ahead-of-rbi-policy-decision/articleshow/63623904.cms,The BSE bank index rose 1.75 per cent to a high of 27417.10 points.
RBI's policy normalisation would be in 3 stages: Nilesh Shah,https://economictimes.indiatimes.comhttps://economictimes.indiatimes.com/markets/expert-view/rbis-policy-normalisation-would-be-in-3-stages-nilesh-shah/articleshow/88158985.cms,"""There will be three stages in normalisation of path. First will be reduction in reverse repo and repo rate corridor. Second will be change of stance from accommodative to neutral, and the third will be repo rate hike."""
Top debt mutual fund managers react to RBI policy,https://economictimes.indiatimes.comhttps://economictimes.indiatimes.com/mf/analysis/top-debt-mutual-fund-managers-react-to-rbi-policy/articleshow/88162093.cms,Many market participants expected a rate hike this time because of the concerns surrounding inflation.
"Banks, autos gain momentum post RBI policy review",https://economictimes.indiatimes.comhttps://economictimes.indiatimes.com/markets/stocks/news/banks-autos-gain-momentum-post-rbi-policy-review/articleshow/24860014.cms,"The S&P BSE Banking index was trading 1.03 per cent higher at 12,303, while the BSE Auto index was trading 0.9 per cent higher at 11,901."
Here's why Abheek Barua is disappointed with RBI policy outcome,https://economictimes.indiatimes.comhttps://economictimes.indiatimes.com/markets/expert-view/heres-why-abheek-barua-is-disappointed-with-rbi-policy-outcome/articleshow/112367037.cms,"And just as an early pivot or a premature pivot can cause problems down the road, the inability to pivot or create room for a pivot could lead to problems later on. Again, I mean, this is just not my words, but this is what the dissent within the MPC is about."
RBI policy action in Jan will be critical for markets: IL&FS,https://economictimes.indiatimes.comhttps://economictimes.indiatimes.com/et-now/experts/rbi-policy-action-in-jan-will-be-critical-for-markets-ilfs/videoshow/27958486.cms,ILFS-view.jpg
Rate-sensitive stocks gain ahead of RBI policy meet,https://economictimes.indiatimes.comhttps://economictimes.indiatimes.com/markets/stocks/news/rate-sensitive-stocks-gain-ahead-of-rbi-policy-meet/articleshow/27570919.cms,"At 10:00 a.m.; the S&P BSE Bankex was up 0.26 per cent, the S&P Auto Index was 0.42 per cent higher and the S&P BSE Realty Index gained 0.71 per cent."
RBI policy review: 'Pragmatic' move to counter slowing economy,https://economictimes.indiatimes.comhttps://economictimes.indiatimes.com/markets/stocks/news/view-rbi-move-fails-to-enthuse-bond-market/articleshow/68718935.cms,The monetary panel voted 4-2 in favour of 25 bps rate cut.
RBI Policy: Best investment strategy for mutual fund investors,https://economictimes.indiatimes.comhttps://economictimes.indiatimes.com/mf/analysis/rbi-policy-best-investment-strategy-for-mutual-fund-investors/articleshow/105828902.cms,"The Reserve Bank of India has been holding policy rates since February this year. The apex bank had raised policy rates by 2.5% before the pause, starting from May 2022, to contain the inflationary pressure in the economy."
"No US Fed effect, domestic factors to guide RBI policy",https://economictimes.indiatimes.comhttps://economictimes.indiatimes.com/news/economy/indicators/no-us-fed-effect-domestic-factors-to-guide-rbi-policy/articleshow/106001289.cms,"The latest US Federal Reserve's statement, signalling three rate cuts next year, is unlikely to change interest rate trajectory in India with the monetary policy committee focussing on domestic factors but could nudge the central bank to revise its stance, say economists."
RBI policy: All eyes on minutes from MPC meet,https://economictimes.indiatimes.comhttps://economictimes.indiatimes.com/et-now/policy/rbi-policy-all-eyes-on-minutes-from-mpc-meet/videoshow/54658983.cms,
"RBI policy: Lending norms, exposure limits eased for NBFCs",https://economictimes.indiatimes.comhttps://economictimes.indiatimes.com/industry/banking/finance/banking/rbi-policy-lending-norms-exposure-limits-eased-for-nbfcs/articleshow/70567295.cms,The Reserve Bank of India today relaxed bank lending norms to non- banking finance companies and eased bank’s exposure limits to help the sector under stress.
Interest rate sensitive stocks gain ahead of RBI policy,https://economictimes.indiatimes.comhttps://economictimes.indiatimes.com/markets/stocks/news/interest-rate-sensitive-stocks-gain-ahead-of-rbi-policy/articleshow/22768775.cms,"Interest rate sensitive banking and realty stocks today attracted strong buying, surging up to 22.5 per cent ahead of the RBI's mid-quarter monetary policy."
"RBI policy impact: Banking stocks crack, then recoup losses",https://economictimes.indiatimes.comhttps://economictimes.indiatimes.com/markets/stocks/news/rbi-policy-impact-banking-stocks-crack-then-recoup-losses/articleshow/29486411.cms,Rate-sensitive stocks which plunged in trade after the RBI decided to raise repo rates by 25 bps to 8% recouped most of the losses.
RBI policy: What is in store for debt mutual fund investors?,https://economictimes.indiatimes.comhttps://economictimes.indiatimes.com/mf/analysis/rbi-policy-what-is-in-store-for-debt-mutual-fund-investors/articleshow/77279901.cms,The monetary policy committee (the MPC) will meet in the first week of August 2020 to deliberate and are likely to have their task cut out with the economy staring at a contraction and the need to manage inflation.
'RBI policy augurs well for return to high-growth path',https://economictimes.indiatimes.comhttps://economictimes.indiatimes.com/et-now/experts/rbi-policy-augurs-well-for-return-to-high-growth-path/videoshow/4831315.cms,kochhar.jpg
What mutual fund managers say about RBI policy,https://economictimes.indiatimes.comhttps://economictimes.indiatimes.com/mf/analysis/what-fund-managers-say-about-rbi-policy/articleshow/67884093.cms,"he RBI cut repo rate by 25 basis points (100 basis points = 1%) to 6.25 per cent, for the first time after August 2017."
CLSA retains cautious view on markets after RBI policy,https://economictimes.indiatimes.comhttps://economictimes.indiatimes.com/markets/stocks/news/clsa-retains-cautious-view-on-markets-after-rbi-policy/articleshow/67910624.cms,Meetings in Asia suggest that it is becoming difficult for investors to allocate more to India.
Nifty ends flat ahead of RBI policy; Wipro up,https://economictimes.indiatimes.comhttps://economictimes.indiatimes.com/et-now/markets/nifty-ends-flat-ahead-of-rbi-policy-wipro-up/videoshow/17005469.cms,mkt1.jpg
Builders unhappy with RBI policy; seek interest rate cut,https://economictimes.indiatimes.comhttps://economictimes.indiatimes.com/news/economy/policy/builders-unhappy-with-rbi-policy-seek-interest-rate-cut/articleshow/17022114.cms,Realty firms and property consultants today expressed disappointment over RBI's decision to keep key policy rate unchanged.
"Banking, auto stocks trade cautiously ahead of RBI policy",https://economictimes.indiatimes.comhttps://economictimes.indiatimes.com/markets/stocks/news/banking-auto-stocks-trade-cautiously-ahead-of-rbi-policy/articleshow/15289348.cms,"The BSE Banking index was trading 0.4 per cent lower, led by losses in BoB, Punjab National Bank and State Bank of India."
RBI policy reflects cautious stance: Montek Singh Ahluwalia,https://economictimes.indiatimes.comhttps://economictimes.indiatimes.com/news/economy/finance/rbi-policy-reflects-cautious-stance-montek-singh-ahluwalia/articleshow/15292789.cms,Planning Commission today said that RBI has taken a cautious stance due to sticky inflation in its quarterly review by keeping the key rates unchanged.
Top three key risks for markets from RBI policy,https://economictimes.indiatimes.comhttps://economictimes.indiatimes.com/markets/stocks/news/top-three-key-risks-for-markets-from-rbi-policy/articleshow/46836365.cms,RBI has stated that its next rate action would be determined by pace of transmission of the earlier two rate cuts on the lending rates.
Sensex rises to six-week high; RBI policy eyed,https://economictimes.indiatimes.comhttps://economictimes.indiatimes.com/et-now/markets/sensex-rises-to-six-week-high-rbi-policy-eyed/videoshow/14228794.cms,mkt1.jpg
Sensex slips for third day ahead of RBI policy outcome,https://economictimes.indiatimes.comhttps://economictimes.indiatimes.com/markets/stocks/news/sensex-slips-for-third-day-ahead-of-rbi-policy-outcome/videoshow/64464895.cms,
"RBI Policy: LTV relaxed, home loans to get cheaper",https://economictimes.indiatimes.comhttps://economictimes.indiatimes.com/wealth/personal-finance-news/rbi-policy-ltv-relaxed-home-loans-to-get-cheaper/articleshow/59035609.cms,"For loans above Rs 75 lakh, with LTV ratio of above 75%, risk weight is reduced by 25% to 50%. Standard asset provision for all individual home loans is kept at 0.25%."
RBI maintains status quo on key policy rates,https://economictimes.indiatimes.comhttps://economictimes.indiatimes.com/news/economy/policy/rbi-maintains-status-quo-on-key-policy-rates/articleshow/85090970.cms,Repo rates stand firm at 4% while MSF and reverse repo rates remain unchanged too. RBI governer Shaktikanta Das highlights that economy is performing better than it did in June and they would keep the rates steady to aid growth.
"It is not a nice picture: Ashu Madan, Religare Securities",https://economictimes.indiatimes.comhttps://economictimes.indiatimes.com/markets/stocks/recos/it-is-not-a-nice-picture-ashu-madan-religare-securities/articleshow/10767684.cms,The quick money is still on the short side than to be on the long or cherry picking in spite of this correction.
"Expect no changes in RBI’s rate regime: Indranil Pan, Kotak Mahindra Bank",https://economictimes.indiatimes.comhttps://economictimes.indiatimes.com/opinion/interviews/expect-no-changes-in-rbis-rate-regime-indranil-pan-kotak-mahindra-bank/articleshow/43797502.cms,"""We are expecting perhaps another cut in the SLR. But, absolutely, no change on the rate front,"" says Indranil Pan."
"Expect midcaps to do well over next 4-5 years: Prabhat Awasthi, Nomura Financial Advisories",https://economictimes.indiatimes.comhttps://economictimes.indiatimes.com/opinion/interviews/expect-midcaps-to-do-well-over-next-4-5-years-prabhat-awasthi-nomura-financial-advisories/articleshow/43792424.cms,"""The investment cycle is also picking up; GDP growth has already started correcting upwards. The other macros are also getting better."""
"Volatility to continue ahead of RBI Policy next week; status quo expected, say analysts",https://economictimes.indiatimes.comhttps://economictimes.indiatimes.com/markets/stocks/news/volatility-to-continue-ahead-of-rbi-policy-next-week-status-quo-expected-say-analysts/articleshow/89350730.cms,"Global markets have turned volatile lately, thanks to earnings impact and rate hike concerns. Analysts expect the trend to continue in the near future"
"To move inflation down from 8% to 6% is going to be challenging: Abheek Barua, ICRIER",https://economictimes.indiatimes.comhttps://economictimes.indiatimes.com/opinion/interviews/to-move-inflation-down-from-8-to-6-is-going-to-be-challenging-abheek-barua-icrier/articleshow/43881457.cms,"""There are reasons to be sceptical from a policy perspective about the move down from 8% to 6%. We might get stuck in a sevenish kind of range."""
"Yellen's turnaround from December to now is scary: Andrew Holland, Ambit Investment Advisors",https://economictimes.indiatimes.comhttps://economictimes.indiatimes.com/markets/expert-view/yellens-turnaround-from-december-to-now-is-scary-andrew-holland-ambit-investment-advisors/articleshow/51644407.cms,We are going to get a crunch in valuations again globally very soon
What should be the takeaways from today's RBI policy commentary? AK Tewari answers,https://economictimes.indiatimes.comhttps://economictimes.indiatimes.com/markets/expert-view/what-should-be-the-takeaways-from-todays-rbi-policy-commentary-ak-tewari-answers/articleshow/107517195.cms,"However, the growth has also been good. So in that sense, it is going well. But it is the role of the governor to actually always caution the market that, yes, things are good, but keep watch out and we will keep watching and if warranted, we will take action. So that is the sense I got."
Bank Nifty may rise up to 4% this week on RBI policy meet,https://economictimes.indiatimes.comhttps://economictimes.indiatimes.com/markets/stocks/news/bank-nifty-may-rise-up-to-4-this-week-on-rbi-policy-meet/articleshow/79521532.cms,"The expectation is for the Bank Nifty to rise a maximum of 4 per cent from the spot closing of 29,818 on Tuesday to 31,000 by or after December 4. All options expire on December 10."
Ahead of Market: 12 things that will decide stock action on Monday,https://economictimes.indiatimes.comhttps://economictimes.indiatimes.com/markets/stocks/news/ahead-of-market-12-things-that-will-decide-stock-action-on-monday/articleshow/83280067.cms,"Nifty traded in a tight range of 111 points to end below the 15,700 level. It formed a small bearish candle on the daily chart with a long lower wick, indicating buying at lower levels. Analysts said the index was showing lack of strength at higher levels with some indicators sending overbought signals. Will the Nifty gain strength this week and move towards the 15,800-15,900 zone?"
"F&O: Fresh Put writing keeps Nifty above 10,000 mark",https://economictimes.indiatimes.comhttps://economictimes.indiatimes.com/markets/stocks/news/fo-fresh-put-writing-keeps-nifty-above-10000-mark/articleshow/59918671.cms,"The index formed a bullish candle on the daily chart and managed to recover by forming a piercing pattern, as it recovered half the losses that it had suffered in the last session."
"GDP to fall post demonetisation, follow-up reforms key: HSBC",https://economictimes.indiatimes.comhttps://economictimes.indiatimes.com/news/economy/indicators/gdp-to-fall-post-demonetisation-follow-up-reforms-key-hsbc/articleshow/55522512.cms,"Regarding RBI's monetary policy stance, the report said that expectations of lower growth and inflation solidify its 25 bps rate cut call for the current fiscal year."
"Gold Rate Today: Gold climbs on spot demand, supportive global trend",https://economictimes.indiatimes.comhttps://economictimes.indiatimes.com/markets/commodities/news/gold-rate-today-gold-climbs-on-spot-demand-supportive-global-trend/articleshow/69672383.cms,Gold prices were stable in international markets hovering below the 15-week high.
"Expect market to be subdued due to RBI policy meet: Mitesh Thacker, miteshthacker.com",https://economictimes.indiatimes.comhttps://economictimes.indiatimes.com/markets/stocks/recos/expect-market-to-be-subdued-due-to-rbi-policy-meet-mitesh-thacker-miteshthacker-com/articleshow/27529443.cms,"""On Wednesday, we may be in better place to know whether levels of 6150 is giving away, are we breaking down, or will we get a bounce back from current levels,"" Thacker said."
Rupee opens 15 paise up at 69.18 against dollar,https://economictimes.indiatimes.comhttps://economictimes.indiatimes.com/markets/forex/rupee-opens-15-paise-up-at-69-18-against-dollar/articleshow/68624836.cms,"On the domestic front, the focus will shift to RBI policy meeting which is scheduled next week."
RBI gives Nifty bulls a new lease of life. How top experts reacted to Das' 4th rate hike,https://economictimes.indiatimes.comhttps://economictimes.indiatimes.com/markets/stocks/news/rbi-gives-nifty-bulls-a-new-lease-of-life-how-top-experts-reacted-to-das-4th-rate-hike/articleshow/94554136.cms,"Sensex rallied over 700 points while Nifty reclaimed the coveted 17,000 mark as banks and financials led the bull charge. “The RBI gave a ‘Mai Hoon Na’ policy doing a fine tight rope walking between inflation, growth and stability. It is batting on a difficult pitch against hostile bowling,” Dalal Street veteran Nilesh Shah of Kotak Mutual Fund said."
The year of the pause: How RBI maneuvered its policy in 2024,https://economictimes.indiatimes.comhttps://economictimes.indiatimes.com/news/economy/policy/the-year-of-the-pause-how-rbi-maneuvered-its-policy-in-2024/articleshow/116431290.cms,"India's benchmark interest rate, held steady at 6.5% since late 2018, remains unchanged as inflation control remains a key focus. Despite a 5.4% GDP growth slump in Q2 2024, the RBI prioritizes disinflation efforts, citing persistent food price pressures and supply-side challenges."
Bank & other rate-sensitive stocks fall up to 8% post RBI policy decision,https://economictimes.indiatimes.comhttps://economictimes.indiatimes.com/markets/stocks/news/bank-other-rate-sensitive-stocks-fall-up-to-8-post-rbi-policy-decision/articleshow/107515842.cms,The RBI on Thursday left the repo rate unchanged at 6.50% following the conclusion of its three-day monetary policy meeting. This is the sixth consecutive time the central bank has left policy rates untouched and the longest pause in rates since 2008 in a rising interest rate environment.
"India bank liquidity sees first big deficit of 2026 on tax outflow, lack of RBI support",https://economictimes.indiatimes.comhttps://economictimes.indiatimes.com/news/economy/finance/india-bank-liquidity-sees-first-big-deficit-of-2026-on-tax-outflow-lack-of-rbi-support/articleshow/129748509.cms,India's banking system faces a significant cash shortage for the first time in 2026. Heavy tax payments and central bank currency market actions have drained funds. This has pushed borrowing costs higher. Experts anticipate conditions to improve by month-end. Year-end government spending is expected to ease the deficit.
"RBI's decision to raise policy rate to help economy in medium term, says Assocham",https://economictimes.indiatimes.comhttps://economictimes.indiatimes.com/news/economy/policy/rbis-decision-to-raise-policy-rate-to-help-economy-in-medium-term-says-assocham/articleshow/92110266.cms,"Assocham President Sumant Sinha said through a clearly well-coordinated approach between the RBI and Finance Ministry, Indian government and monetary policymakers have managed the challenging global environment with foresight and calmness."
RBI's “main hoon na policy” should cheer market: Nilesh Shah,https://economictimes.indiatimes.comhttps://economictimes.indiatimes.com/markets/expert-view/rbis-main-hoon-na-policy-should-cheer-market-nilesh-shah/articleshow/86861026.cms,"“RBI will manage liquidity, will be careful in inflation and is watching it and will take corrective action on the government’s borrowing programme. ”"
RBI’s December policy preview: On the horns of a dilemma,https://economictimes.indiatimes.comhttps://economictimes.indiatimes.com/markets/stocks/news/rbis-december-policy-preview-on-the-horns-of-a-dilemma/articleshow/115961379.cms,"RBI’s current policy approach faces a dilemma between cutting rates to boost the economy or maintaining them to control inflation. While India's growth remains strong at 7.2% for FY23, recent GDP deceleration and inflation present challenges, necessitating a careful balancing act by the central bank."
"RBI allows reversal of liquidity facilities under SDF and MSF even on weekends, holidays",https://economictimes.indiatimes.comhttps://economictimes.indiatimes.com/industry/banking/finance/banking/rbi-allows-reversal-of-liquidity-facilities-under-sdf-and-msf-even-on-weekends-holidays/articleshow/105828916.cms,"The Reserve Bank of India (RBI) has adjusted liquidity tools, the Standing Deposit Facility (SDF) and Marginal Standing Facility (MSF), allowing reversal of facilities on weekends and holidays from December 30. The move aims to improve liquidity management amid high utilization by banks. The RBI maintained the repo rate at 6.5% Governor Shaktikanta Das mentioned that deficit liquidity was due to festive season expenses but anticipates easing conditions with increased government spending. The RBI remains agile in liquidity management amid evolving economic dynamics, the governor said."
RBI’s GDP growth estimate cut very sharp: Key takeaways of money policy,https://economictimes.indiatimes.comhttps://economictimes.indiatimes.com/markets/stocks/news/rbis-gdp-growth-estimate-cut-very-sharp-key-takeaways-of-money-policy/articleshow/71437113.cms,The MPC continued with ‘accommodative’ stance “as long as it is necessary” to revive growth.
No respite from inflationary pressure in near future: CII,https://economictimes.indiatimes.comhttps://economictimes.indiatimes.com/news/economy/indicators/no-respite-from-inflationary-pressure-in-near-future-cii/articleshow/5653702.cms,Inflationary pressure is not expected to subside in the near future and the wholesale price rise would be close to nine per cent by the end of this month.
Rupee opens 16 paise higher at 70.68 against dollar,https://economictimes.indiatimes.comhttps://economictimes.indiatimes.com/markets/forex/rupee-opens-16-paise-higher-at-70-68-against-dollar/articleshow/72484455.cms,Inflation and industrial production number will be released later in the day.
"Rajan's rate moves unlikely to lead to any disappointment: Nilesh Shah, MD, Kotak AMC",https://economictimes.indiatimes.comhttps://economictimes.indiatimes.com/opinion/interviews/rajans-rate-moves-unlikely-to-lead-to-any-disappointment-nilesh-shah-md-kotak-amc/articleshow/49993944.cms,"""There is a good chance this time around that inflation may not go up as much as expected. Besides, the pay panel award may have already been priced in by the markets."""
"RBI keeps rates unchanged, hardens stance to ‘neutral’",https://economictimes.indiatimes.comhttps://economictimes.indiatimes.com/news/economy/policy/rbi-keeps-rates-unchanged-hardens-stance-to-neutral/articleshow/57038816.cms,"The central bank also announced a relaxation in withdrawal limits for savings accounts to Rs 50,000 per week starting February 20"
RBI to allow banks to invest in REITs and infra investment trusts,https://economictimes.indiatimes.comhttps://economictimes.indiatimes.com/industry/banking/finance/banking/rbi-to-allow-banks-to-invest-in-reits-and-infra-investment-trusts/articleshow/58045720.cms,"While the detailed guidelines will be issued in May 2017, this is likely to give a big boost to the struggling REIT and InvITs market which has failed to take off."
Best bet for an optimist: RBI will go wrong,https://economictimes.indiatimes.comhttps://economictimes.indiatimes.com/news/economy/policy/best-bet-for-an-optimist-rbi-will-go-wrong/articleshow/60940447.cms,Rarely has the inherently conservative organisation indicated that it has the space to cut rates. Chances are this space would shrink in the next few months.
Transfer funds via NEFT 24X7 from December 2019,https://economictimes.indiatimes.comhttps://economictimes.indiatimes.com/wealth/personal-finance-news/transfer-funds-via-neft-24x7-from-december-2019/articleshow/70567041.cms,NEFT is a payment system facilitating funds transfers from one bank account to another.
RBI allows banks to reckon 5% of net deposits with SLR,https://economictimes.indiatimes.comhttps://economictimes.indiatimes.com/industry/banking/finance/banking/rbi-allows-banks-to-reckon-5-of-net-deposits-with-slr/articleshow/43967236.cms,The regulator has allowed banks to reckon another 5% of their net deposits within the SLR requirement for liquidity coverage ratio.
RBI constitutes internal group to improve MCLR,https://economictimes.indiatimes.comhttps://economictimes.indiatimes.com/news/economy/policy/rbi-constitutes-internal-group-to-improve-mclr/articleshow/59880432.cms,"The study group will also explore linking the bank lending rates directly to market determined benchmarks and will submit its report by September 24, RBI said."
Industry fears RBI's move will impede industrial growth,https://economictimes.indiatimes.comhttps://economictimes.indiatimes.com/news/economy/indicators/industry-fears-rbis-move-will-impede-industrial-growth/articleshow/6223086.cms,"Contrary to the government's expectations, industry today said the RBI's move to up short-term rates may hinder industrial growth as interest rates are likely to be jacked up."
"RBI MPC meeting: Top highlights on repo rate, inflation and growth",https://economictimes.indiatimes.comhttps://economictimes.indiatimes.com/news/india/rbi-mpc-meeting-top-highlights-on-repo-rates-inflation-and-growth/slideshow/124248909.cms,
"How Budget, RBI policy made Jefferies change its India stock portfolio",https://economictimes.indiatimes.comhttps://economictimes.indiatimes.com/markets/stocks/news/how-budget-rbi-policy-made-jefferies-change-its-india-stock-portfolio/articleshow/97757873.cms,"Nifty now trades at 18.5x 1-yr forward PE or a 7% premium to 10-year avg. and valuation gap vs China is also now back to the 10-year avg. This makes us more optimistic on the market outlook,"" it said, adding that the trends were positive in the Budget and Q3 earnings."
RBI's policy will create stability in financial market and growth for Indian economy: Nilesh Shah,https://economictimes.indiatimes.comhttps://economictimes.indiatimes.com/markets/expert-view/rbis-policy-will-create-stability-in-financial-market-and-growth-for-indian-economy-nilesh-shah/articleshow/109057257.cms,"Nilesh Shah from Kotak AMC discusses how RBI's policy aims for stability, trust, and growth in the financial market. The equity market may not be concerned about food inflation, but the focus is on the monsoon. Shah says: For the equity market, the biggest worry will be complacency. We are trading at a valuation which optimistically discounts many events -- election, Fed pivot, earnings growth – in a very positive manner."
"RBI policy, FOMC meet to be key drivers for market: Mahesh Patil, Birla Sunlife",https://economictimes.indiatimes.comhttps://economictimes.indiatimes.com/opinion/interviews/rbi-policy-fomc-meet-to-be-key-drivers-for-market-mahesh-patil-birla-sunlife/articleshow/27519348.cms,"""On the RBI policy front, clearly there is expectation of a 25 bps kind of a rate hike, looking at the inflation numbers."""
"RBI's policy on expected lines, softening of stance a front-loaded move: Bankers",https://economictimes.indiatimes.comhttps://economictimes.indiatimes.com/industry/banking/finance/banking/rbis-policy-on-expected-lines-softening-of-stance-a-front-loaded-move-bankers/articleshow/114089578.cms,"The Reserve Bank of India maintains rates and changes its policy stance to 'neutral', indicating confidence in managing inflation and promoting robust growth. Bankers expect future rate cuts depending on the inflation trend. Enhanced UPI limits and creation of a climate risk system are also highlighted."
"MSP, oil price risks, inflation outlook among factors to watch in RBI policy",https://economictimes.indiatimes.comhttps://economictimes.indiatimes.com/markets/stocks/news/msp-oil-price-risks-inflation-outlook-among-factors-to-watch-in-rbi-policy/articleshow/62816103.cms,RBI may also take note of the government’s revised fiscal targets and may turn hawkish.
"RBI policy, FII flows among 10 factors that will steer D-Street this week",https://economictimes.indiatimes.comhttps://economictimes.indiatimes.com/markets/stocks/news/rbi-policy-fii-flows-among-10-factors-that-will-steer-d-street-this-week/articleshow/108911436.cms,The Reserve Bank of India's rate-setting committee will be meeting this week to announce policy rates and also give its commentary on the economy and inflation. D-Street is expected to track this bimonthly event.
Expect repo rate cut only in October RBI policy meeting: SBI Research,https://economictimes.indiatimes.comhttps://economictimes.indiatimes.com/news/economy/policy/expect-repo-rate-cut-only-in-october-rbi-policy-meeting-sbi-research/articleshow/110803627.cms,"The report, authored by Soumya Kanti Ghosh, SBI's Group Chief Economic Adviser, expects first repo rate cut in October meeting. The repo rate is the rate of interest at which the RBI lends to other banks."
"Fund houses sit tight ahead of US Fed meet, RBI policy review",https://economictimes.indiatimes.comhttps://economictimes.indiatimes.com/news/economy/policy/fund-houses-sit-tight-ahead-of-us-fed-meet-rbi-policy-review/articleshow/22715987.cms,Mutual fund managers are cautious in taking trading positions ahead of the crucial US central bank meet.
"RBI policy is positive for economy in medium term: Neeraj Gambhir, Nomura Capital India",https://economictimes.indiatimes.comhttps://economictimes.indiatimes.com/opinion/interviews/rbi-policy-is-positive-for-economy-in-medium-term-neeraj-gambhir-nomura-capital-india/articleshow/22942224.cms,"'This RBI policy brings back the inflation fighting credentials of the central bank, which will prove positive for the economy'"
"Banks, autos, realty stocks stuck in a range ahead of RBI policy review",https://economictimes.indiatimes.comhttps://economictimes.indiatimes.com/markets/stocks/news/banks-autos-realty-stocks-stuck-in-a-range-ahead-of-rbi-policy-review/articleshow/46832787.cms,"Rate sensitive sectors such as banks, realty, auto and capital goods were trading in a rage on Tuesday, ahead of the RBI policy review."
"RBI policy, politics and global cues among 9 top factors steering D-Street in the week ahead",https://economictimes.indiatimes.comhttps://economictimes.indiatimes.com/markets/stocks/news/rbi-policy-politics-and-global-cues-among-9-top-factors-steering-d-street-in-the-week-ahead/articleshow/68652794.cms,"Next week, macroeconomic data and RBI's policy review will be two key factors for the market."
"RBI policy, global cues, FPI action among top 8 factors to drive D-Street this week",https://economictimes.indiatimes.comhttps://economictimes.indiatimes.com/markets/stocks/news/rbi-policy-global-cues-fpi-action-may-decide-dalal-streets-fate-next-week/articleshow/100738261.cms,"Indian benchmark indices stayed in a narrow range amid US debt deal negotiations and remained flat for the week. However, the broader markets outperformed, with about 20 smallcap stocks returning 20-40% weekly. Analysts remain positive about the market and see benchmark indices hitting fresh lifetime highs. The upcoming Reserve Bank of India meeting and Federal Reserve meeting will determine the momentum of indices, with all eyes on the RBI's policy meeting from June 6-8. Additionally, the US's composite services PMI and trade data and the IPO of IKIO Lighting, among other data points, will impact the market."
EMIs to remain low; buy G-Secs directly: What RBI announcements mean for you,https://economictimes.indiatimes.comhttps://economictimes.indiatimes.com/markets/stocks/news/emis-to-remain-low-buy-g-secs-directly-what-rbi-announcements-mean-for-you/articleshow/80703217.cms,"The rates have been kept at a record low, and some of the current lending schemes have been extended to fuel growth."
"Rupee slips on equity outflows, offshore positioning ahead of RBI policy",https://economictimes.indiatimes.comhttps://economictimes.indiatimes.com/markets/forex/rupee-slips-on-equity-outflows-offshore-positioning-ahead-of-rbi-policy/articleshow/121642189.cms,"The Indian rupee briefly weakened to 86.02/$1 on Wednesday before recovering to close at 85.90, pressured by equity outflows and offshore NDF unwinding ahead of the RBI’s policy review. Dollar demand from foreign banks and oil firms added to the pressure. Despite RBI's likely intervention, the rupee has fallen 1.5% since last Monday, making it Asia’s worst-performing currency."
Standing Deposit Facility to be the new floor for policy rates,https://economictimes.indiatimes.comhttps://economictimes.indiatimes.com/news/economy/policy/standing-deposit-facility-to-be-the-new-floor-for-policy-rates/articleshow/90728631.cms,"The SDF rate has been set at 3.75%, higher than the 3.35% fixed reverse repo rate, which is the rate at which banks park their excess funds with the RBI in exchange of government securities as collateral."
A sensible policy in response to a catastrophic event: Abheek Barua,https://economictimes.indiatimes.comhttps://economictimes.indiatimes.com/markets/expert-view/a-sensible-policy-in-response-to-a-catastrophic-event-abheek-barua/articleshow/86863285.cms,"“We have sensitised the market to this notion of a glide path for inflation, for non-destructive policy measures. Anything apart from this would have been disruptive not just for the markets but also for the economy. ”"
Share market update: Bank stocks gain ahead of RBI's policy outcome; YES Bank surges 7%,https://economictimes.indiatimes.comhttps://economictimes.indiatimes.com/markets/stocks/news/share-market-update-bank-stocks-gain-ahead-of-rbis-policy-outcome-yes-bank-surges-7nbspbr/articleshow/70564911.cms,"The Nifty Bank index was trading flat at 28,009.40 around 10:02 am."
Share market update: Bank stocks slip ahead of RBI's policy outcome; BoB dips 3%,https://economictimes.indiatimes.comhttps://economictimes.indiatimes.com/markets/stocks/news/share-market-update-bank-stocks-slip-ahead-of-rbis-policy-outcome-bob-dips-3nbspbr/articleshow/69671183.cms,"The Nifty Bank index was trading 0.50 per cent down at 31,430.40 around 09:54 am."
RBI policy signals end of easy money era,https://economictimes.indiatimes.comhttps://economictimes.indiatimes.com/news/economy/policy/rbi-policy-signals-end-of-easy-money-era/articleshow/5170504.cms,The RBI withdrew a special facility making available funds from banks to MFs and finance companies. Blog: RBI plays defensive or should that read chicken?
RBI policy factored in Fed rate cut: FM,https://economictimes.indiatimes.comhttps://economictimes.indiatimes.com/news/economy/policy/rbi-policy-factored-in-fed-rate-cut-fm/articleshow/2510596.cms,"The RBI had factored in the cut in benchmark interest rate by the US Federal Reserve, in the quarterly monetary policy, finance minister P Chidambaram said."
Subbarao meets FM ahead of RBI's policy review,https://economictimes.indiatimes.comhttps://economictimes.indiatimes.com/news/economy/policy/subbarao-meets-fm-ahead-of-rbis-policy-review/articleshow/12175399.cms,"The RBI is scheduled to announce the mid-quarterly review of its monetary policy on March 15, a day before the presentation of the Union Budget in Parliament."
Market to remain volatile on RBI policy: CK Narayan,https://economictimes.indiatimes.comhttps://economictimes.indiatimes.com/markets/stocks/recos/market-to-remain-volatile-on-rbi-policy-ck-narayan/articleshow/10005725.cms,"Now it is actually time to tighten up the stops and hold your long positions, not really look to create fresh ones."
Rate sensitive stocks down post RBI policy,https://economictimes.indiatimes.comhttps://economictimes.indiatimes.com/markets/stocks/news/rate-sensitive-stocks-down-post-rbi-policy/articleshow/43909627.cms,Raghuram Rajan left all key rates unchanged citing continued risks to inflation and difficult external situation especially on the geopolitical front.
Next RBI policy meeting on June 3-5,https://economictimes.indiatimes.comhttps://economictimes.indiatimes.com/markets/stocks/news/next-mpc-meeting-to-be-held-june-3-5-rbi/articleshow/75250897.cms,The MPC typically meets bi-monthly and comprises of six members.
Sensex opens in red; RBI policy meeting eyed,https://economictimes.indiatimes.comhttps://economictimes.indiatimes.com/et-now/markets/sensex-opens-in-red-rbi-policy-meeting-eyed/videoshow/19855125.cms,market-open.jpg
RBI policy in line with the market expectations: LIC Nomura,https://economictimes.indiatimes.comhttps://economictimes.indiatimes.com/et-now/experts/rbi-policy-in-line-with-the-market-expectations-lic-nomura/videoshow/19861989.cms,Nomura.jpg
Moody's blames RBI policy for negative IIP figures,https://economictimes.indiatimes.comhttps://economictimes.indiatimes.com/news/economy/indicators/moodys-blames-rbi-policy-for-negative-iip-figures/articleshow/3828513.cms,"Despite global turmoil, RBI continued to tighten monetary policy until July, Moody's said. Gainers: BSE ( A, B ) | NSE | Losers: BSE ( A, B ) | NSE | 52 Week: High, Low"
RBI policy: Banks may feel margin pressure,https://economictimes.indiatimes.comhttps://economictimes.indiatimes.com/et-now/corporate/rbi-policy-banks-may-feel-margin-pressure/videoshow/7145933.cms,banks.jpg
RBI policy: Debt fund managers share their view,https://economictimes.indiatimes.comhttps://economictimes.indiatimes.com/mf/analysis/rbi-policy-debt-fund-managers-share-their-view/articleshow/57041084.cms,"""Despite, RBI holding rates, we might still see banks cutting deposit and lending rates as liquidity remains comfortable and credit growth is muted."""
"Sensex, Nifty open flat ahead of RBI policy",https://economictimes.indiatimes.comhttps://economictimes.indiatimes.com/et-now/markets/sensex-nifty-open-flat-ahead-of-rbi-policy/videoshow/57032950.cms,
"Jayanth Varma, the lone dissenter on RBI's policy stance",https://economictimes.indiatimes.comhttps://economictimes.indiatimes.com/news/economy/indicators/jayanth-varma-the-lone-dissenter-on-rbis-policy-stance/articleshow/85095151.cms,"The policy statement noted that the recovery remains uneven across sectors and needs to be supported by all policy makers. The Reserve Bank remains in “whatever it takes” mode, with a readiness to deploy all its policy levers - monetary, prudential or regulatory."
Bond market rallies as RBI policy springs surprise,https://economictimes.indiatimes.comhttps://economictimes.indiatimes.com/markets/bonds/bond-market-rallies-as-rbi-policy-springs-surprise/articleshow/27576403.cms,The ten-year benchmark government bond yields spiked as the Reserve Bank of India kept the policy or repo rate unchanged at 7.75%
Debt fund managers decode RBI policy for investors,https://economictimes.indiatimes.comhttps://economictimes.indiatimes.com/mf/analysis/debt-fund-managers-decode-rbi-policy-for-investors/articleshow/104213486.cms,"""RBI would target Inflation rate of 4% and not 2%-6% range, again signals the policy rates to remain higher for longer until Inflation is projected to come below 4%. RBI’s sharp focus on bringing down inflation is positive for markets in the medium-to-long term,"" says Amit Somani, Senior Fund Manager – Fixed Income, Tata Asset Management."
Mayur Patel on RBI policy decision and market dynamics,https://economictimes.indiatimes.comhttps://economictimes.indiatimes.com/markets/stocks/news/mayur-patel-on-rbi-policy-decision-and-market-dynamics/slideshow/118010775.cms,
India’s government cites RBI policy for slowdown,https://economictimes.indiatimes.comhttps://economictimes.indiatimes.com/news/economy/indicators/indias-government-cites-rbi-policy-for-slowdown/articleshow/116702801.cms,India’s government partly blames the central bank’s tight monetary policy for weak economic performance. They expect growth to improve in the second half of the fiscal year as demand increases and restrictive measures ease. The central bank may cut interest rates to support growth. Rural and urban demand shows signs of recovery.
RBI policy on stability: Will not wait for house to catch fire,https://economictimes.indiatimes.comhttps://economictimes.indiatimes.com/news/economy/indicators/rbi-policy-on-stability-will-not-wait-for-house-to-catch-fire/articleshow/105831677.cms,"The Reserve Bank of India (RBI) has defended its recent regulatory measures for banks and non-banking finance companies (NBFCs), emphasizing its commitment to using prudential tools to safeguard financial stability. Governor Shaktikanta Das stated that the central bank will not wait for problems to escalate, likening it to waiting for a house to catch fire before taking action."
Will banks incur treasury losses after RBI policy?,https://economictimes.indiatimes.comhttps://economictimes.indiatimes.com/markets/stocks/news/will-banks-incur-treasury-losses-after-rbi-policy/articleshow/60960186.cms,"The pressure could be felt both in the July-September quarter and October-December quarter, if not extended by another three-month period."
Lacklustre bonds and currency market ahead of RBI policy,https://economictimes.indiatimes.comhttps://economictimes.indiatimes.com/markets/bonds/lacklustre-bonds-and-currency-market-ahead-of-rbi-policy/articleshow/54672889.cms,"The Federal Reserve's decision to leave rates unchanged helped, but the outlook for Indian rates also turned benign as the August inflation reading opened up the possibility of rate cuts."
RBI policy meet tomorrow: Bankers' wish list,https://economictimes.indiatimes.comhttps://economictimes.indiatimes.com/news/economy/policy/rbi-policy-meet-tomorrow-bankers-wish-list/articleshow/22767376.cms,"Ahead of the meet, we bring you the wish list of some bankers who spoke to ET Now."
RBI Policy: Onus on govt action to revive economy,https://economictimes.indiatimes.comhttps://economictimes.indiatimes.com/opinion/et-editorial/rbi-policy-onus-on-govt-action-to-revive-economy/articleshow/43963431.cms,"RBI held its hand at bimonthly monetary policy review and left all rates unchanged, save the proportion of export credit eligible for refinance, which has been lowered."
Bonds gain again ahead of RBI policy review,https://economictimes.indiatimes.comhttps://economictimes.indiatimes.com/markets/bonds/bonds-gain-again-ahead-of-rbi-policy-review/articleshow/7338661.cms,Benchmark government bonds completed a second weekly gain on speculation the central bank will refrain from increasing interest rates by more than 25 basis points next week.
What are market expectations from RBI policy meet?,https://economictimes.indiatimes.comhttps://economictimes.indiatimes.com/news/economy/policy/mpc-begins-deliberations-on-monetary-policy-here-is-what-to-expect/videoshow/77372786.cms,
Stock markets open flat; RBI policy eyed,https://economictimes.indiatimes.comhttps://economictimes.indiatimes.com/et-now/markets/stock-markets-open-flat-rbi-policy-eyed/videoshow/29479709.cms,ET3.jpg
"Liquidity, RBI policy to determine trend: BNP Paribas",https://economictimes.indiatimes.comhttps://economictimes.indiatimes.com/et-now/experts/liquidity-rbi-policy-to-determine-trend-bnp-paribas/videoshow/12633030.cms,mkt432.jpg
10 stocks that cracked most post RBI policy,https://economictimes.indiatimes.comhttps://economictimes.indiatimes.com/markets/stocks/news/stock-market-update-10-stocks-that-cracked-most-post-rbi-policy/articleshow/66085752.cms,"The 30-share Sensex plunged 792 points, or 2.25 per cent, to 34,377."
RBI policy review: Fixed deposits to earn more,https://economictimes.indiatimes.comhttps://economictimes.indiatimes.com/news/economy/policy/rbi-policy-review-fixed-deposits-to-earn-more/articleshow/6569195.cms,FDs are likely to fetch better returns soon as lenders respond to the RBI’s policy action.
"Markets disappoint with RBI policy: Gajendra Nagpal, Unicon",https://economictimes.indiatimes.comhttps://economictimes.indiatimes.com/et-now/experts/markets-disappoint-with-rbi-policy-gajendra-nagpal-unicon/videoshow/17046086.cms,Unicon.jpg
RBI policy holds out promise for future: FM,https://economictimes.indiatimes.comhttps://economictimes.indiatimes.com/et-now/daily/rbi-policy-holds-out-promise-for-future-fm/videoshow/17018471.cms,FM.jpg
RBI policy rate cuts below industry expectations,https://economictimes.indiatimes.comhttps://economictimes.indiatimes.com/news/economy/policy/rbi-policy-rate-cuts-below-industry-expectations/articleshow/4429941.cms,"Industry on Tuesday said the RBI measures towards lower interest rates will reduce the credit cost, but the central bank should have gone in for deeper cuts in policy rates."
Towards a more predictable & transparent RBI policy,https://economictimes.indiatimes.comhttps://economictimes.indiatimes.com/news/economy/policy/towards-a-more-predictable-transparent-rbi-policy/articleshow/32264045.cms,"Predicting RBI’s monetary policy stance is turning out to be a hazardous exercise for analysts. In its last two policy announcements, RBI managed to surprise the consensus."
RBI policy has brought inflation down: BOI,https://economictimes.indiatimes.comhttps://economictimes.indiatimes.com/et-now/corporate/rbi-policy-has-brought-inflation-down-boi/videoshow/16263722.cms,Corporate-BOI.jpg
"RBI policy, macro data, monsoon to guide markets",https://economictimes.indiatimes.comhttps://economictimes.indiatimes.com/markets/stocks/news/rbi-policy-macro-data-monsoon-to-guide-markets/articleshow/58985059.cms,Sector-specific movement can be seen following the GST Council meeting on Saturday.
Top 5 takeaways from RBI's policy meet,https://economictimes.indiatimes.comhttps://economictimes.indiatimes.com/markets/stocks/news/top-5-takeaways-from-rbis-policy-meet/slideshow/59035389.cms,
What you didn’t notice in RBI policy,https://economictimes.indiatimes.comhttps://economictimes.indiatimes.com/markets/stocks/news/what-you-didnt-notice-in-rbi-policy/slideshow/69688296.cms,
Bonds and rupee move steady ahead of RBI policy,https://economictimes.indiatimes.comhttps://economictimes.indiatimes.com/markets/bonds/bonds-and-rupee-move-steady-ahead-of-rbi-policy/articleshow/64474861.cms,The benchmark bond yield was little changed at 7.83 per cent amid lacklustre trading activity.
RBI policy review: Key factors to watch out for,https://economictimes.indiatimes.comhttps://economictimes.indiatimes.com/markets/stocks/news/rbi-policy-review-key-factors-to-watch-out-for/articleshow/64448060.cms,"It will be first time that meeting is going on for 3 days because of ""administrative exigencies""."
RBI policy tightening takes a toll on credit,https://economictimes.indiatimes.comhttps://economictimes.indiatimes.com/industry/banking/finance/banking/rbi-policy-tightening-takes-a-toll-on-credit/articleshow/3194675.cms,"Bank loans continue to grow at a slow pace. Though in absolute terms, loans, in the first quarter of (Q1) 2008-09, have done better than the previous two comparable quarters, the Q1 growth (Y-o-Y) has slowed down."
Bond yields remain steady ahead of RBI policy,https://economictimes.indiatimes.comhttps://economictimes.indiatimes.com/markets/bonds/bond-yields-remain-steady-ahead-of-rbi-policy/articleshow/6562777.cms,"Bond yields ended steady, a day ahead of the central bank’s mid-quarter policy review, with the market pricing in a quarter point hike in key lending and borrowing rates."
"Bond yields, swaps decline on RBI policy cues",https://economictimes.indiatimes.comhttps://economictimes.indiatimes.com/markets/bonds/bond-yields-swaps-decline-on-rbi-policy-cues/articleshow/6116888.cms,"Bond yields, swap rates closed down on Thursday as market sentiment was supported by RBI deputy’s statement that global developments were being watched for policymaking in India."
‘RBI policy suggesting interest rates will come down’,https://economictimes.indiatimes.comhttps://economictimes.indiatimes.com/et-now/experts/rbi-policy-suggesting-interest-rates-will-come-down/videoshow/36104210.cms,
"RBI's policy rates cuts insufficient, inadequate: BJP",https://economictimes.indiatimes.comhttps://economictimes.indiatimes.com/news/politics-and-nation/rbis-policy-rates-cuts-insufficient-inadequate-bjp/articleshow/18242752.cms,"BJP today described the cut in Cash Reserve Ratio and Repo Rate as ""insufficient and inadequate""."
RBI policy very much on expected lines: Rangarajan,https://economictimes.indiatimes.comhttps://economictimes.indiatimes.com/et-now/experts/rbi-policy-very-much-on-expected-lines-rangarajan/videoshow/35988315.cms,
"Nifty open in green, RBI policy review in focus",https://economictimes.indiatimes.comhttps://economictimes.indiatimes.com/et-now/markets/nifty-open-in-green-rbi-policy-review-in-focus/videoshow/35982846.cms,
Reactions from top industry officials on RBI policy,https://economictimes.indiatimes.comhttps://economictimes.indiatimes.com/et-now/experts/reactions-from-top-industry-officials-on-rbi-policy/videoshow/5837449.cms,IndusInd-bank.jpg
"RBI policy, global cues to set tone for markets",https://economictimes.indiatimes.comhttps://economictimes.indiatimes.com/opinion/et-commentary/rbi-policy-global-cues-to-set-tone-for-markets/articleshow/7698340.cms,"RBI's monetary policy review meeting, political conflict in the Gulf and North Africa will determine the stock market direction this week."
PNB cuts lending rate in line with RBI policy,https://economictimes.indiatimes.comhttps://economictimes.indiatimes.com/industry/banking/finance/banking/pnb-cuts-lending-rate-in-line-with-rbi-policy/articleshow/121680564.cms,"Following a significant 50 basis points repo rate cut by the RBI, Punjab National Bank has reduced its lending rates by up to 50 basis points, effective June 9, 2025. This move aims to make EMIs more affordable for both existing and new borrowers, with home loan rates starting from 7.45% and vehicle loans from 7.8% per annum."
RBI Policy: Inflation key parameter to track as growth takes back seat for now,https://economictimes.indiatimes.comhttps://economictimes.indiatimes.com/markets/stocks/news/rbi-policy-inflation-key-parameter-to-track-as-growth-takes-back-seat-for-now/articleshow/92086308.cms,RBI noted that inflation pressures have intensified and it expects inflation to remain above the upper tolerance band of 6% for the first three-quarters of FY23. The RBI hiked CPI inflation forecasts by 100bps to 6.7% (vs earlier forecast of 5.7%) on the assumption of a normal monsoon in 2022
RBI shifts towards policy tightening; expect bond yields to continue to harden this year,https://economictimes.indiatimes.comhttps://economictimes.indiatimes.com/markets/stocks/news/rbi-shifts-towards-policy-tightening-expect-bond-yields-to-continue-to-harden-this-year/articleshow/90741328.cms,The MPC while reiterating its accommodative stance has also rephrased with focus on withdrawal of accommodation as it ensures inflation remains in target with continuous support to growth.
ETMarkets Special Podcast: Will RBI policy deny D-Street a Santa rally?,https://economictimes.indiatimes.comhttps://economictimes.indiatimes.com/markets/stocks/etmarkets-podcast/etmarkets-special-podcast-decoding-rbi-policy-opec-output-cut-more/videoshow/72425472.cms,
"No more rate cuts likely before Budget: K Harihar, FirstRand Bank",https://economictimes.indiatimes.comhttps://economictimes.indiatimes.com/opinion/interviews/no-more-rate-cuts-likely-before-budget-k-harihar-firstrand-bank/articleshow/50009766.cms,"""We are on course to achieve the inflation target. It clearly suggests that any further rate cuts were not warranted at this point."""
"RBI's status quo on rates disappointing for markets: VG Kannan, SBI",https://economictimes.indiatimes.comhttps://economictimes.indiatimes.com/opinion/interviews/rbis-status-quo-on-rates-disappointing-for-markets-vg-kannan-sbi/articleshow/49994367.cms,"""The RBI will have to take some steps regarding liquidity — either by way OMOs or cancellation of some of the auctions. It's the only thing that can give some comfort to the markets."""
"Sensex gains 150 points ahead of RBI policy review; Nifty tops 13,200",https://economictimes.indiatimes.comhttps://economictimes.indiatimes.com/markets/stocks/news/sensex-gains-150-points-ahead-of-rbi-policy-review-nifty-tops-13200/videoshow/79559016.cms,
"Banks could cut base rates by 40 bps post RBI policy: Mythili Bhusnurmath, ET NOW",https://economictimes.indiatimes.comhttps://economictimes.indiatimes.com/opinion/interviews/banks-could-cut-base-rates-by-40-bps-post-rbi-policy-mythili-bhusnurmath-et-now/articleshow/49149150.cms,"""The cut is welcome, but I wished if he had done this kind of thing - even 25 bps - six or seven months ago, maybe we would not have been in the situation we are in today."""
"RBI move risky, inflation focus narrow-minded: D-Street experts",https://economictimes.indiatimes.comhttps://economictimes.indiatimes.com/markets/stocks/news/rbi-move-risky-inflation-focus-narrow-minded-d-street-experts/articleshow/66085074.cms,This is a risky move by RBI since the market was positioned for a rate hike: Abheek Barua.
Rupee opens 5 paise up at 71.49 against dollar,https://economictimes.indiatimes.comhttps://economictimes.indiatimes.com/markets/forex/rupee-opens-5-paise-up-at-71-49-against-dollar/articleshow/72377589.cms,The local currency on Wednesday settled 13 paise up at 71.53 against the greenback.
"Sensex gains 117 points ahead of RBI policy meet outcome, Nifty above 14,700",https://economictimes.indiatimes.comhttps://economictimes.indiatimes.com/markets/stocks/news/sensex-gains-117-points-ahead-of-rbi-policy-meet-outcome-nifty-above-14700/videoshow/81944433.cms,
"D-Street players keep a wary eye on US bond yield, RBI policy to also weigh",https://economictimes.indiatimes.comhttps://economictimes.indiatimes.com/markets/stocks/news/d-street-players-keep-a-wary-eye-on-us-bond-yield-rbi-policy-to-also-weigh/articleshow/86742978.cms,"The four-day losing run till Friday resulted in the benchmark indices snapping five weeks of gains and logging the worst weekly performance since April. On Friday, the Nifty ended at 17,532.05 and Sensex closed at 58,765.58, declining nearly 2% from their highs."
Data dependency not the right way to go for rate cuts: Mythili Bhusnurmath,https://economictimes.indiatimes.comhttps://economictimes.indiatimes.com/opinion/interviews/data-dependency-not-the-right-way-to-go-for-rate-cuts-mythili-bhusnurmath/articleshow/45345337.cms,I am not very sure whether the data dependency is the right way to go. So I do hope he has taken the right call.
"Expect RBI to hold on rates in Feb 3 meet: Rahul Bajoria, Barclays",https://economictimes.indiatimes.comhttps://economictimes.indiatimes.com/opinion/interviews/expect-rbi-to-hold-on-rates-in-feb-3-meet-rahul-bajoria-barclays/articleshow/46092359.cms,"Beyond the budget and the next couple of inflation trends, we cannot really discount the risk of another intermeeting cut before the April meeting."
"RBI policy review, Q3 results to drive stock markets: Experts",https://economictimes.indiatimes.comhttps://economictimes.indiatimes.com/markets/stocks/news/rbi-policy-review-q3-results-to-drive-stock-markets-experts/articleshow/46083929.cms,"Besides, global cues, investment by overseas investors, movement of rupee against the dollar and crude oil price would also influence trading."
"Street expects hawkish tone in RBI policy on Wednesday, possible rate hikes in future meets",https://economictimes.indiatimes.comhttps://economictimes.indiatimes.com/markets/stocks/news/street-expects-hawkish-tone-in-rbi-policy-on-wednesday-possible-rate-hikes-in-future-meets/articleshow/62784747.cms,"Over the next few policy conclaves, the MPC may change its stance to ‘hardening’ from ‘neutral’."
"RBI policy on expected lines, hope to see rate cut soon: India Inc",https://economictimes.indiatimes.comhttps://economictimes.indiatimes.com/news/company/corporate-trends/rbi-policy-on-expected-lines-hope-to-see-rate-cut-soon-india-inc/articleshow/63631708.cms,"The RBI's macro numbers like inflation forecasts as also the GDP look real and variables like Monsoon, crude oil prices in an election year would be the factors to watch for, he added."
"Nifty to move between 9,230 and 9,300 next week",https://economictimes.indiatimes.comhttps://economictimes.indiatimes.com/markets/stocks/news/nifty-to-move-between-9230-and-9300-next-week/articleshow/57942400.cms,"Accumulate cement stocks on dips in the coming week, says Swapneel V Mantri, Sushil Finance."
"Sensex, Nifty fall for 4th day ahead of RBI policy decision",https://economictimes.indiatimes.comhttps://economictimes.indiatimes.com/markets/stocks/news/sensex-nifty-fall-for-4th-day-ahead-of-rbi-policy-decision/articleshow/71423469.cms,"Bears were back in control, with eight shares in the red for every five that advanced on BSE."
"First rate cut by RBI unlikely before Feb 2013: Sujan Hajra, Anand Rathi",https://economictimes.indiatimes.comhttps://economictimes.indiatimes.com/opinion/interviews/first-rate-cut-by-rbi-unlikely-before-feb-2013-sujan-hajra-anand-rathi/articleshow/16835783.cms,"RBI will maintain monetary easing stance, but this will play out more through the liquidity channel rather than through the interest rate channel, says Hajra."
"Sensex rises 200 points ahead of RBI meet outcome; Nifty above 11,150",https://economictimes.indiatimes.comhttps://economictimes.indiatimes.com/markets/stocks/news/sensex-rises-200-points-ahead-of-rbi-meet-outcome-nifty-above-11150/articleshow/77385468.cms,Street analysts are expecting further rate cuts from the Shaktikanta Das-led panel
"Go long on oversold Bank Nifty, say analysts",https://economictimes.indiatimes.comhttps://economictimes.indiatimes.com/markets/stocks/news/go-long-on-oversold-bank-nifty-say-analysts/articleshow/55826232.cms,"The trade, if RBI cuts repo rate more than expected or announces other liquidity measures, could yield gross return of over 70% in less than a week."
Midcaps likely to outperform market in coming weeks: Ashwani Gujral,https://economictimes.indiatimes.comhttps://economictimes.indiatimes.com/markets/stocks/recos/midcaps-likely-to-outperform-market-in-coming-weeks-ashwani-gujral/articleshow/47771075.cms,"A further upside of 100-150 points could be easily be seen, before a correction kicks in, says Gujral in a chat with ET Now."
"Surprised by timing of the market recovery: Deepak Jasani, HDFC Securities",https://economictimes.indiatimes.comhttps://economictimes.indiatimes.com/markets/expert-view/surprised-by-timing-of-the-market-recovery-deepak-jasani-hdfc-securities/articleshow/64494609.cms,"""Logically a repo rate hike should have resulted in a selloff in the markets but the markets rose instead,"""
"Sensex ends 286 pts lower post DMK pull-out, RBI policy",https://economictimes.indiatimes.comhttps://economictimes.indiatimes.com/et-now/markets/sensex-ends-286-pts-lower-post-dmk-pull-out-rbi-policy/videoshow/19067590.cms,mkt1.jpg
Realty stocks mixed after RBI policy; all eyes on transmission of interest rate cuts by banks,https://economictimes.indiatimes.comhttps://economictimes.indiatimes.com/markets/stocks/news/realty-stocks-mixed-after-rbi-policy-all-eyes-on-transmission-of-interest-rate-cuts-by-banks/articleshow/71436943.cms,The real estate sector is still saddled with 6.56 lakh unsold housing units.
"Sensex, Nifty end at record closing high after RBI policy",https://economictimes.indiatimes.comhttps://economictimes.indiatimes.com/et-now/markets/sensex-nifty-end-at-record-closing-high-after-rbi-policy/videoshow/35998830.cms,
"RBI policy: MPC leaves repo rate unchanged, keeps accommodative stance",https://economictimes.indiatimes.comhttps://economictimes.indiatimes.com/markets/stocks/news/rbi-policy-mpc-leaves-repo-rate-unchanged-keeps-accommodative-stance/articleshow/81944643.cms,Economists had expected the MPC to stand pat on policy rate as well as on growth projections for this financial year.
"Consumer durable, auto, FMCG indices gain after RBI policy",https://economictimes.indiatimes.comhttps://economictimes.indiatimes.com/markets/stocks/news/consumer-durable-auto-fmcg-indices-gain-after-rbi-policy/articleshow/11131066.cms,"Shares in consumer durable, auto and FMCG indices advanced between 1-2% post the policy announcement by the Reserve Bank of India."
"RBI policy, Q3 results key for stock mkts this week",https://economictimes.indiatimes.comhttps://economictimes.indiatimes.com/markets/stocks/news/rbi-policy-q3-results-key-for-stock-mkts-this-week/articleshow/50791731.cms,The announcement of Purchasing Managers' Index (PMI) data for services and manufacturing sector due this week would influence trading.
ETMarkets Investors' Guide: Why is bond market not buying RBI policy?,https://economictimes.indiatimes.comhttps://economictimes.indiatimes.com/markets/stocks/etmarkets-podcast/etmarkets-investors-guide-why-is-bond-market-not-buying-rbi-policy/videoshow/80721011.cms,
Top rate sensitive stocks to track post the RBI policy review,https://economictimes.indiatimes.comhttps://economictimes.indiatimes.com/markets/stocks/news/top-rate-sensitive-stocks-to-track-post-the-rbi-policy-review/articleshow/21481895.cms,"The S&P BSE PSU index was trading 2% lower, followed by the BSE Realty index which was down 2.1%, while the BSE Banking index plunged 0.4%."
D-Street party continues as market players cheer RBI policy,https://economictimes.indiatimes.comhttps://economictimes.indiatimes.com/markets/stocks/news/d-street-party-continues-as-market-cheers-rbi-policy/articleshow/89477636.cms,"The 30-share pack Sensex advanced 460.06 points or 0.79 per cent to close at 58,926.03. Its broader peer NSE Nifty rose 142.05 points or 0.81 per cent to 17,605.85. Both indices rose for the third straight day."
Rupee declines by 10 paise to 74.84 ahead of RBI policy,https://economictimes.indiatimes.comhttps://economictimes.indiatimes.com/markets/forex/rupee-declines-by-10-paise-to-74-84-ahead-of-rbi-policy/articleshow/89456263.cms,"Investors are cautious ahead of the RBI monetary policy to be announced on Thursday, analysts said."
RBI policy on expected lines and very balanced: Tanvee Gupta Jain,https://economictimes.indiatimes.comhttps://economictimes.indiatimes.com/markets/expert-view/rbi-policy-on-expected-lines-and-very-balanced-tanvee-gupta-jain/articleshow/94556856.cms,“I do not see the credit policy as either hawkish or accommodative. There is a very balanced overview and it is very data dependent. We are expecting RBI to take the repo rate to 6.25% by the December policy and this is taking into account our US team forecast that the Fed rate peaks at 4.25-4.5% by the end of 2022. ”
RBI's policy committee meets to discuss first inflation target miss,https://economictimes.indiatimes.comhttps://economictimes.indiatimes.com/news/economy/policy/rbis-policy-committee-meets-to-discuss-first-inflation-target-miss/articleshow/95224104.cms,The central bank aims to keep retail inflation within 2 percentage points on either side of its 4% target over the medium-term.
What debt mutual fund managers think about RBI policy,https://economictimes.indiatimes.comhttps://economictimes.indiatimes.com/mf/analysis/what-debt-mutual-fund-managers-think-about-rbi-policy/articleshow/55854556.cms,The RBI has kept key policy rates unchanged in it's policy review. Debt mutual fund managers interpret the policy for you.
"Jewellery stocks plunge 20% on falling gold prices, RBI policy",https://economictimes.indiatimes.comhttps://economictimes.indiatimes.com/markets/stocks/news/jewellery-stocks-plunge-20-on-falling-gold-prices-rbi-policy/articleshow/20739419.cms,"Gitanjali Gems fell by its daily limit of 20% and was locked in lower circuit at Rs 400.90. PC Jeweller was down 10.36%, while TBZ fell 12.85%."
RBI policy status quo: Rate-sensitive stocks go higher,https://economictimes.indiatimes.comhttps://economictimes.indiatimes.com/markets/stocks/news/rbi-policy-status-quo-rate-sensitives-stocks-go-higher/articleshow/63626809.cms,Public sector banks outperformed other major indices on bourses.
Pre-market: Nifty seen opening flat; RBI policy eyed,https://economictimes.indiatimes.comhttps://economictimes.indiatimes.com/markets/stocks/news/pre-market-nifty-seen-opening-flat-rbi-policy-eyed/articleshow/46103390.cms,"Tracking the momentum, the Nifty index may reclaim its crucial psychological level of 8,800 in trade today."
Liquidity tightness in India's banking system: Rethinking RBI's policy tools,https://economictimes.indiatimes.comhttps://economictimes.indiatimes.com/industry/banking/finance/banking/liquidity-tightness-in-indias-banking-system-rethinking-rbis-policy-tools/articleshow/117583508.cms,"The RBI faces challenges providing liquidity amidst India's banking system issues, as traditional OMOs have limited impact due to regulatory and structural constraints. Reforms in CRR and LCR requirements could inject direct liquidity, while innovative measures like long-term repo operations and dynamic LCR adjustments might support broader credit growth and equitable economic growth."
India bond yields flat as traders shrug off RBI policy,https://economictimes.indiatimes.comhttps://economictimes.indiatimes.com/markets/bonds/india-bond-yields-flat-as-traders-shrug-off-rbi-policy/articleshow/105830943.cms,The RBI refrained from any major announcements - unlike in August and October - while Governor Shaktikanta Das said liquidity situations in the last two months did not warrant open market sale of bonds.
All eyes on RBI policy meet on Tuesday; rate-sensitives in focus,https://economictimes.indiatimes.comhttps://economictimes.indiatimes.com/markets/stocks/news/all-eyes-on-rbi-policy-meet-on-tuesday-rate-sensitives-in-focus/articleshow/19037594.cms,"Following today's negative performance, markets are likely to trade slightly in negative zone ahead of the RBI meet."
"RBI policy, Q3 results key for stock mkts this week",https://economictimes.indiatimes.comhttps://economictimes.indiatimes.com/markets/stocks/news/rbi-policy-q3-results-key-for-stock-mkts-this-week/articleshow/50791731.cms,The announcement of Purchasing Managers' Index (PMI) data for services and manufacturing sector due this week would influence trading.
"RBI policy, earnings from Airtel, Tata Motors key for market",https://economictimes.indiatimes.comhttps://economictimes.indiatimes.com/markets/stocks/news/rbi-policy-earnings-from-airtel-tata-motors-key-for-market/articleshow/48315505.cms,"Besides, progress of monsoon, investment trend by overseas investors and rupee movement would influence trading at the bourses."
Pre-market: Nifty seen opening flat; RBI policy eyed,https://economictimes.indiatimes.comhttps://economictimes.indiatimes.com/markets/stocks/news/pre-market-nifty-seen-opening-flat-rbi-policy-eyed/articleshow/48338584.cms,"All eyed would be on Reserve Bank of India's monetary policy meet due later today, which will dictate trend for Indian markets."
RBI policy desolates realtors; want rate cut to boost sector,https://economictimes.indiatimes.comhttps://economictimes.indiatimes.com/news/economy/policy/rbi-policy-desolates-realtors-want-rate-cut-to-boost-sector/articleshow/48345690.cms,"CREDAI, the apex body of real estate developers, said the industry is struggling due to low demand, rise in input cost and high interest rates."
"Good monsoon, RBI's policy to further ease inflation: Pranab Mukherjee",https://economictimes.indiatimes.comhttps://economictimes.indiatimes.com/news/economy/policy/good-monsoon-rbis-policy-to-further-ease-inflation-pranab-mukherjee/articleshow/9622409.cms,"Encouraged by the marginal decline in rate of price rise to 9.22%, Pranab said inflation pressure would ease further on back of good monsoon."
Short-term yield drops 17 bps after RBI policy,https://economictimes.indiatimes.comhttps://economictimes.indiatimes.com/markets/bonds/short-term-government-bond-yields-drop-up-to-17-basis-points-after-rbi-policy/articleshow/73980050.cms,Four-year sovereign bonds are now yielding 6.07 percent dropping about 14 basis points since Wednesday.
Pre-market: Nifty seen opening flat; RBI policy eyed,https://economictimes.indiatimes.comhttps://economictimes.indiatimes.com/markets/stocks/news/pre-market-nifty-seen-opening-flat-rbi-policy-eyed/articleshow/47508699.cms,"The index may retest its crucial level of 8400, if the central bank keep do not cut rates by 25 bps or infuse liquidity in the system."
"RBI policy boost, separate liquidity window for hotels, transport, tourism",https://economictimes.indiatimes.comhttps://economictimes.indiatimes.com/news/economy/policy/rbi-policy-boost-separate-liquidity-window-for-hotels-transport-tourism/articleshow/83227822.cms,"The central bank also announced a fresh liquidity support of Rs 16,000 crore for Small Industries Development Bank of India for on-lending or providing refinance to micro, small and medium enterprises (MSMEs), particularly smaller MSMEs and other businesses including those in credit deficient and aspirational districts."
RBI policy: What should debt mutual fund investors do?,https://economictimes.indiatimes.comhttps://economictimes.indiatimes.com/mf/analysis/rbi-policy-what-should-debt-mutual-fund-investors-do/articleshow/66085474.cms,The Reserve Bank of India has taken the market by surprise by keeping the policy rates unchanged at 6.5 per cent.
"RBI policy, IIP data to guide stock markets next week",https://economictimes.indiatimes.comhttps://economictimes.indiatimes.com/markets/stocks/news/rbi-policy-iip-data-to-guide-stock-markets-next-week/articleshow/46812078.cms,"This week is laced with events like RBI monetary policy in the early part of the week and IIP data, which is scheduled to be released on April 10."
RBI policy may change if industrial growth slides further: Basu,https://economictimes.indiatimes.comhttps://economictimes.indiatimes.com/news/economy/indicators/rbi-policy-may-change-if-industrial-growth-slides-further-basu/articleshow/6935131.cms,"A top government economic advisor said industry is expected post a recovery in October, else the RBI will have to change its tight money policy stance."
Top rate sensitive stocks to track post the RBI policy review,https://economictimes.indiatimes.comhttps://economictimes.indiatimes.com/markets/stocks/news/top-rate-sensitive-stocks-to-track-post-the-rbi-policy-review/articleshow/21481895.cms,"The S&P BSE PSU index was trading 2% lower, followed by the BSE Realty index which was down 2.1%, while the BSE Banking index plunged 0.4%."
Realty industry body CREDAI terms RBI policy stand as 'stubborn',https://economictimes.indiatimes.comhttps://economictimes.indiatimes.com/news/economy/policy/realty-industry-body-credai-terms-rbi-policy-stand-as-stubborn/articleshow/17669174.cms,"RBI today left the short-term lending (repo) rate to banks, and the cash reserve ratio (CRR) -- the amount of deposits banks have to park with RBI-- unchanged."
"On Dalal Street, focus firmly on RBI policy meet, EPFO debut",https://economictimes.indiatimes.comhttps://economictimes.indiatimes.com/markets/stocks/news/on-dalal-street-focus-firmly-on-rbi-policy-meet-epfo-debut/articleshow/48323178.cms,The outcome of the Reserve Bank of India’s rate-setting meeting on Tuesday may set the tone for Dalal Street in the days ahead.
Rate sensitive stocks gain ahead of RBI policy meet on Tuesday,https://economictimes.indiatimes.comhttps://economictimes.indiatimes.com/markets/stocks/news/rate-sensitive-stocks-gain-ahead-of-rbi-policy-meet-on-tuesday/articleshow/17649309.cms,"Rate-sensitive stocks gained momentum in an otherwise weak market on Monday, ahead of the Reserve Bank of India’s policy review on Tuesday."
Expect RBI policy to give some direction to markets: Sharmila Joshi,https://economictimes.indiatimes.comhttps://economictimes.indiatimes.com/opinion/interviews/expect-rbi-policy-to-give-some-direction-to-markets-sharmila-joshi/articleshow/16966254.cms,"If we do see a rate cut, then people will be more positive on the market going ahead and if that does not come through, then I am afraid that some amount of disappointment might come our way."
Montek Singh Ahluwalia on RBI policy: Growth should be higher on agenda,https://economictimes.indiatimes.comhttps://economictimes.indiatimes.com/news/economy/policy/montek-singh-ahluwalia-on-rbi-policy-growth-should-be-higher-on-agenda/articleshow/17019911.cms,"""I can see that the RBI remains concerned about inflation. I think we need to watch what happens in inflation but probably the need to push the growth at this moment is little higher on agenda than the concern about inflation,"" Ahluwalia told."
Rupee ends flat at 71.56 ahead of RBI policy decision,https://economictimes.indiatimes.comhttps://economictimes.indiatimes.com/markets/forex/rupee-ends-flat-at-71-56-ahead-of-rbi-policy-decision/articleshow/67872646.cms,"The domestic currency has been trading in a narrow range ahead of RBI's monetary policy meeting outcome, scheduled for February 7."
"Rate sensitive bank, realty stocks in demand after RBI policy",https://economictimes.indiatimes.comhttps://economictimes.indiatimes.com/markets/stocks/news/rate-sensitive-bank-realty-stocks-in-demand-after-rbi-policy/articleshow/52639981.cms,"Realty stocks were on the buyers' radar, with Indiabulls Real Estate gaining 4.14%, Godrej Properties rising 2.14%, DLF 2%, Oberoi Realty 1.66% Unitech 1.30%."
For the first time one member differed on RBI policy rate decision,https://economictimes.indiatimes.comhttps://economictimes.indiatimes.com/news/economy/policy/for-the-first-time-one-member-differed-on-rbi-policy-rate-decision/articleshow/59034577.cms,"Of the six members, both external and internal, one external member Ravindra Dholakia was not in favour of a pause in policy rate."
Market Watch: Which sectors benefitted most from the RBI policy?,https://economictimes.indiatimes.comhttps://economictimes.indiatimes.com/markets/stocks/etmarkets-podcast/market-watch-which-sectors-benefitted-most-from-the-rbi-policy/videoshow/77394870.cms,
India benchmark bonds fall on supply reshuffle before RBI policy,https://economictimes.indiatimes.comhttps://economictimes.indiatimes.com/markets/bonds/india-benchmark-bonds-fall-on-supply-reshuffle-before-rbi-policy/articleshow/124213240.cms,"Benchmark Indian government bonds fell on Monday following an increase in the share of their issuance in New Delhi's fiscal second half borrowing plan, with traders also turning cautious ahead of Wednesday's central bank policy decision."
RBI MPC Meeting: Trump tariff turmoil puts pressure on Reserve Bank of India to act,https://economictimes.indiatimes.comhttps://economictimes.indiatimes.com/news/economy/policy/rbi-mpc-meeting-trump-tariff-turmoil-puts-pressure-on-reserve-bank-of-india-to-act/articleshow/120082844.cms,"RBI Monetary Policy Meeting: India's central bank is anticipated to lower interest rates, coinciding with the implementation of US import tariffs. Investors are bracing for potential market instability, with expectations that Governor Sanjay Malhotra will implement measures to strengthen the economy against a slowdown. Economists predict a 25 basis point cut to 6%, while also monitoring inflation, liquidity management, and bond/rupee reactions."
Will tomato prices push RBI to hike rates? Check old footprints of onion & potato,https://economictimes.indiatimes.comhttps://economictimes.indiatimes.com/markets/stocks/news/will-tomato-prices-push-rbi-to-hike-rates-check-old-footprints-of-onion-potato/articleshow/102564096.cms,"While tomato prices increase almost every June-July, potato prices increase after every two years and onion prices rise after every 2.5 years. Given the seasonal nature of price shocks and the fact that these spikes fizzle out within a few months, the RBI has mostly refrained from making its decision while looking at the vegetable basket."
"RBI keeps repo rate unchanged, maintains focus on withdrawal of accommodation; market steady",https://economictimes.indiatimes.comhttps://economictimes.indiatimes.com/markets/stocks/news/rbi-keeps-repo-rate-unchanged-maintains-focus-on-withdrawal-of-accommodation-market-steady/articleshow/100838330.cms,"Equity markets were largely steady after the policy outcome. Both Sensex and Nifty 50 were up 0.1% each at 63,221.02 points and 18,749.15 points, respectively. The Nifty Bank index was 0.2% up at 44,382.15 points."
Das says RBI won’t prejudge the liquidity situation: Policy Highlights,https://economictimes.indiatimes.comhttps://economictimes.indiatimes.com/markets/stocks/news/das-says-rbi-wont-prejudge-the-liquidity-situation-policy-highlights/articleshow/67881143.cms,RBI said the decision to change the monetary policy stance was unanimous.
RBI rate review: Growth concerns likely to outweigh rise in inflation,https://economictimes.indiatimes.comhttps://economictimes.indiatimes.com/markets/stocks/news/rbi-rate-review-growth-concerns-likely-to-outweigh-rise-in-inflation/articleshow/72330363.cms,The MPC had modestly revised its CPI inflation forecast for Q2 of FY2020 to 3.4 per cent.
"India optimism soars as bond yields hit yearly low; 4 ways it impacts market, economy & sectors",https://economictimes.indiatimes.comhttps://economictimes.indiatimes.com/markets/bonds/india-optimism-soars-as-bond-yields-hit-yearly-low-4-ways-it-impacts-market-economy-sectors/articleshow/100445412.cms,"Indian 10-year government rates fell to a one-year low of 6.99% due to the drop in crude oil prices and the release of liquidity into the market by the RBI. The decline in bond yields is expected to benefit the economy by stimulating consumption and investment. Sectors such as real estate, infrastructure, and utilities are anticipated to gain from the lower borrowing costs. However, the Reserve Bank of India's decision to retain or lower interest rates in response to the declining bond yields is still uncertain and dependent on several factors such as inflation rate, crude oil prices, and global economic growth."
"Sensex, Nifty recovers from low levels; auto, healthcare stocks gain",https://economictimes.indiatimes.comhttps://economictimes.indiatimes.com/markets/stocks/news/sensex-nifty-recovers-from-low-levels-auto-healthcare-stocks-gain/articleshow/39675130.cms,"The Sensex was trading in a range with a negative bias, after rallying over 100 points as the RBI kept policy rates unchanged at its policy meet today."
"Post RBI credit policy, Nifty50 slips below 7650",https://economictimes.indiatimes.comhttps://economictimes.indiatimes.com/et-now/markets/post-rbi-credit-policy-nifty50-slips-below-7650/videoshow/51695597.cms,
Forex Reserves Dip $6.7 b to $564 billion,https://economictimes.indiatimes.comhttps://economictimes.indiatimes.com/markets/forex/forex-reserves-dip-6-7-b-to-564-billion/articleshow/93811636.cms,"This reflects more outflows of dollars amid uncertain global growth outlook. RBI does not provide reasons behind the movement in reserves. Out of the current reserves, foreign currency assets stood at $501.21 billion while reserves in gold were valued at $39.91 billion."
RBI to undertake mid-quarter policy reviews,https://economictimes.indiatimes.comhttps://economictimes.indiatimes.com/news/economy/policy/rbi-to-undertake-mid-quarter-policy-reviews/articleshow/6222592.cms,"The Reserve Bank of India (RBI) will undertake mid-quarter policy reviews, it said in its first quarter review on Tuesday."
Interest rates to remain same in near term: OP Bhatt,https://economictimes.indiatimes.comhttps://economictimes.indiatimes.com/et-now/experts/interest-rates-to-remain-same-in-near-term-op-bhatt/videoshow/4830370.cms,sbi.jpg
10-year-bond yields rise to 7.9%,https://economictimes.indiatimes.comhttps://economictimes.indiatimes.com/markets/bonds/10-year-bond-yields-rise-to-7-9/articleshow/18234727.cms,Yields on ten year bonds rose to 7.90% after opening at 7.88 per cent in the morning as many in the bond market expect the RBI to pause or at best do a token rate cut of 25 basis points.
"Sensex, Nifty rangebound as RBI maintains status quo",https://economictimes.indiatimes.comhttps://economictimes.indiatimes.com/markets/stocks/news/sensex-nifty-rangebound-as-rbi-maintains-status-quo/articleshow/39673475.cms,"Sensex was trading in a range with a positive bias, after briefly slipping in the red as the RBI kept policy rates unchanged at its policy meet today."
"RBI for intense scrutiny on NBFCs, but no AQR likely",https://economictimes.indiatimes.comhttps://economictimes.indiatimes.com/markets/stocks/news/rbi-for-intense-scrutiny-on-nbfcs-but-no-aqr-likely/articleshow/67886716.cms,NBFCs have been on thick of things and showed high growth taking the advantage of poor financial health of several public sector banks.
Share market update: Realty stocks mixed ahead of RBI's policy outcome; Unitech dips over 3%,https://economictimes.indiatimes.comhttps://economictimes.indiatimes.com/markets/stocks/news/share-market-update-realty-stocks-mixed-ahead-of-rbis-policy-outcome-unitech-dips-over-3nbspbr/articleshow/67879244.cms,The Nifty Realty index was trading 0.38 per cent up at 225.95 around 10:44 am.
"Assembly poll results, RBI policy among 7 factors that will drive Dalal Street this week",https://economictimes.indiatimes.comhttps://economictimes.indiatimes.com/markets/stocks/news/assembly-poll-results-rbi-policy-among-7-factors-that-will-drive-dalal-street-next-week/articleshow/105685089.cms,"The strong momentum seen last week has led to the hope of the momentum continuing in the week ahead. However, sustenance of the momentum depends on the outcome of certain crucial events such as the outcome of the assembly elections that took place in 5 states, the outcome of which will be out on Sunday."
"The week that was: Financial, infra stocks rule the roost as earnings, RBI policy contribute to rally",https://economictimes.indiatimes.comhttps://economictimes.indiatimes.com/markets/stocks/news/the-week-that-was-banks-infra-rule-the-roost-as-earnings-rbi-policy-contribute-to-rally/articleshow/80733429.cms,A good earnings performance by some companies and the RBI's policy tweaks also contributed to the rally.
RBI Policy Meeting 2025: Key highlights and governor Sanjay Malhotra’s major announcements,https://economictimes.indiatimes.comhttps://economictimes.indiatimes.com/news/economy/policy/rbi-policy-meeting-highlights-october-1-2025-governor-sanjay-malhotra-monetary-policy-key-announcements/articleshow/124247122.cms,"The RBI kept the repo rate at 5.5% with a neutral stance, citing low inflation and strong GDP growth of 7.8% in Q1:2025-26. Moderate inflation, a good monsoon, and GST reforms support the economy, while global uncertainties and trade risks may affect growth in H2:2025-26."
India bonds rise before RBI policy minutes; break of 6.50% remains elusive,https://economictimes.indiatimes.comhttps://economictimes.indiatimes.com/markets/bonds/india-bonds-rise-before-rbi-policy-minutes-break-of-6-50-remains-elusive/articleshow/124567796.cms,"Indian government bonds saw gains early Wednesday. Investors await the Reserve Bank of India's policy meeting minutes. The benchmark 10-year bond yield stayed close to 6.50%. Lower retail inflation fuels expectations of interest rate cuts. Market participants anticipate a rate reduction in December, with some predicting another cut in February."
"RBI Monetary Policy: Repo rate unchanged at 4%, policy stance remains accommodative",https://economictimes.indiatimes.comhttps://economictimes.indiatimes.com/news/economy/policy/rbi-monetary-policy-repo-rate-unchanged-at-4-policy-stance-remains-accommodative/videoshow/89470634.cms,
"RBI Policy Rate: No tango with repo, yet RBI moves ease rates",https://economictimes.indiatimes.comhttps://economictimes.indiatimes.com/news/economy/policy/rbi-policy-rate-no-tango-with-repo-yet-rbi-moves-ease-rates/articleshow/108775528.cms,"The Reserve Bank of India (RBI) has indirectly eased policy rates through consistent liquidity injections, leading to a decline in the weighted average call rate (WACR) towards the benchmark repo rate. This trend reflects increased confidence in liquidity management strategies, supported by government spending and proactive RBI operations. Analysts suggest a shift towards containing inflation while maintaining stable borrowing costs."
6 fundamentally strong stocks with up to 45% upside potential,https://economictimes.indiatimes.comhttps://economictimes.indiatimes.com/wealth/invest/6-fundamentally-strong-stocks-with-up-to-45-upside-potential/articleshow/99333628.cms,Stocks that ace most financial parameters are fundamentally strong and can generate above average returns.
RBI rate pause a prudent move: ASSOCHAM,https://economictimes.indiatimes.comhttps://economictimes.indiatimes.com/news/economy/policy/rbi-rate-pause-a-prudent-move-assocham/articleshow/99301135.cms,"ASSOCHAM Secretary General Mr. Deepak Sood said the policy statement has made a correct reading of the global economy and its possible impact on India which has done well in terms of growth, billed as the fastest amongst the major economies without losing sight of the inflationary risks."
Experts bet on RBI to hold rates steady at Tuesday's policy meet,https://economictimes.indiatimes.comhttps://economictimes.indiatimes.com/news/economy/policy/experts-bet-on-rbi-to-hold-rates-steady-at-tuesdays-policy-meet/articleshow/49968285.cms,Reserve Bank Governor Raghuram Rajan will announce the fifth bi-monthly monetary policy review on December 1.
"RBI Policy: MPC keeps repo rate unchanged, pegs FY22 GDP growth at 10.5%",https://economictimes.indiatimes.comhttps://economictimes.indiatimes.com/markets/stocks/news/rbi-policy-mpc-unanimously-votes-to-leave-repo-rate-unchanged/articleshow/80700407.cms,The central bank retained the repo rate at their record low of 4 per cent and the reverse repo rate at 3.35 per cent.
"Not just a 25 bps rate cut, Street demands unorthodox steps from RBI this time",https://economictimes.indiatimes.comhttps://economictimes.indiatimes.com/markets/stocks/news/not-just-a-25-bps-rate-cut-street-demands-unorthodox-steps-from-rbi-this-time/articleshow/72379068.cms,Market mavens don’t see much effect on the market if the rate cut is on expected lines.
Market consolidation or rebound? Daylynn Pinto on the road ahead for investors,https://economictimes.indiatimes.comhttps://economictimes.indiatimes.com/markets/expert-view/market-consolidation-or-rebound-daylynn-pinto-on-the-road-ahead-for-investors/articleshow/119586350.cms,"Daylynn Pinto of Bandhan AMC explains the current market consolidation after five strong years, highlighting concerns such as the slowdown, global recession risks, and potential tariffs impact. Pinto justifies underweighting capital goods due to stretched valuations and anticipated limited private capex, while stressing the positive outlook on financial services and autos amid favorable regulatory and liquidity factors."
"Next rate cut by RBI may be post Budget 2015: Sajjid Z Chinoy, JP Morgan",https://economictimes.indiatimes.comhttps://economictimes.indiatimes.com/opinion/interviews/next-rate-cut-by-rbi-may-be-post-budget-2015-sajjid-z-chinoy-jp-morgan/articleshow/46172579.cms,"'If there are downside surprises, that opens up more space for the RBI. If there are upside surprises in the new CPI index, that will constraint the space for easing.'"
Did RBI shrug off rupee fall? Key highlights of October money policy,https://economictimes.indiatimes.comhttps://economictimes.indiatimes.com/markets/stocks/news/did-rbi-shrug-off-rupee-fall-key-highlights-of-october-money-policy/articleshow/66086166.cms,RBI tweaked its policy stance to 'calibrated tightening' from 'neutral'.
"RBI policy: Banks, realty, auto stocks recover post Raghuram Rajan's comments on rates",https://economictimes.indiatimes.comhttps://economictimes.indiatimes.com/markets/stocks/news/rbi-policy-banks-realty-auto-stocks-recover-post-raghuram-rajans-comments-on-rates/articleshow/39673846.cms,Raghuram Rajan assured investors that short-term risks are more balanced currently and the RBI has room to cut rates if disinflation continues.
"Don’t want rupee to depreciate, aim to fight inflation: RBI",https://economictimes.indiatimes.comhttps://economictimes.indiatimes.com/markets/forex/dont-want-rupee-to-depreciate-aim-to-fight-inflation-rbi/articleshow/39678322.cms,The partially convertible rupee trimmed early gains and slipped to 60.89 per dollar after touching intraday high of 60.83 before the policy outcome.
"Rate hike cycle likely over in short and medium term: Jaideep Iyer, RBL Bank",https://economictimes.indiatimes.comhttps://economictimes.indiatimes.com/markets/expert-view/rate-hike-cycle-likely-over-in-short-and-medium-term-jaideep-iyer-rbl-bank/articleshow/66964309.cms,"Right now, the RBI seems to be quite comfortable with the current projection of GDP, says Iyer"
"RBI policy: Central bank needs to take measures to support liquidity, says SK Ghosh, SBI",https://economictimes.indiatimes.comhttps://economictimes.indiatimes.com/markets/expert-view/rbi-policy-central-bank-needs-to-take-measures-to-support-liquidity-sk-ghosh-sbi/articleshow/64480828.cms,“Agricultural sector is showing signs of distress while the industry and service sectors have been peaking up.”
RBI pause like Sachin Tendulkar stroke on tricky pitch: Nilesh Shah,https://economictimes.indiatimes.comhttps://economictimes.indiatimes.com/markets/stocks/news/rbi-pause-like-sachin-tendulkar-stroke-on-tricky-pitch-nilesh-shah/articleshow/99287304.cms,"“The RBI’s pause is like Sachin's stroke on a tricky pitch but with eyes set in and having the luxury of hitting the ball wherever he wanted. The RBI had the option of a rate hike or a pause. The pause was not entirely unexpected,"" said Nilesh Shah, MD, Kotak AMC."
How to read RBI Governor's policy moves? Top D-Street mavens decode,https://economictimes.indiatimes.comhttps://economictimes.indiatimes.com/markets/stocks/news/how-to-read-rbi-governors-policy-moves-top-d-street-mavens-decode/articleshow/97724931.cms,"With headline inflation under check, comfortable projections around fiscal and current account deficit, strong FDI, bumper harvest, comfortable forex reserves, stable rupee and a consistent monetary policy, the markets should take this announcement as a positive."
3 reasons why the wait for more RBI rate cuts may not end today,https://economictimes.indiatimes.comhttps://economictimes.indiatimes.com/markets/stocks/news/3-reasons-why-the-wait-for-more-rbi-rate-cuts-may-not-end-today/articleshow/73976223.cms,Chetan Ghate noted that the counter-cyclical money policy had been ineffective.
RBI likely to go for a prolonged policy rate pause: ICICI Bank report,https://economictimes.indiatimes.comhttps://economictimes.indiatimes.com/news/economy/indicators/rbi-likely-to-go-for-a-prolonged-policy-rate-pause-icici-bank-report/articleshow/128631839.cms,"ICICI Bank Global Markets said the chances of a policy rate hike are low due to benign core inflation and expects a prolonged pause in rates through 2026-27, with the focus shifting to regular durable liquidity infusion to support monetary transmission."
RBI Monetary Policy meet: When and where to watch Guv Shaktikanta Das' live address,https://economictimes.indiatimes.comhttps://economictimes.indiatimes.com/news/economy/policy/rbi-monetary-policy-meet-when-and-where-to-watch-guv-shaktikanta-das-live-address/articleshow/115993085.cms,RBI policy date and time: The Reserve Bank of India's Monetary Policy Committee (MPC) will announce its bi-monthly policy decisions on December 6. Experts predict a potential focus on liquidity measures and a steady repo rate of 6.5%. The MPC will address slowing GDP growth and elevated inflation amidst diverse expert opinions on necessary policy adjustments.
"RBI Policy: Hope for easier home loan, car loan becomes slim",https://economictimes.indiatimes.comhttps://economictimes.indiatimes.com/wealth/personal-finance-news/rbi-policy-hope-for-easier-home-loan-car-loan-becomes-slim/articleshow/58047595.cms,"The central bank raises reverse repo rate by 25 basis points to 6%, a measure to reward banks for parking excess fund with it."
RBI policy: Invest in short-term and credit opportunities mutual fund schemes,https://economictimes.indiatimes.comhttps://economictimes.indiatimes.com/mf/analysis/rbi-policy-invest-in-short-term-and-credit-opportunities-mutual-fund-schemes/articleshow/63627099.cms,The Reserve Bank of India has once again kept its key rates unchanged in its policy review today.
Banks drag Sensex 350 points lower ahead of RBI policy decision,https://economictimes.indiatimes.comhttps://economictimes.indiatimes.com/markets/stocks/news/banks-drag-sensex-nifty-lower-ahead-rbi-policy-decision/articleshow/102558474.cms,"From the Sensex stocks, ICICI Bank, Maruti, HCL Tech, Wipro, HUL, and Reliance Industries opened in the red, whereas Sun Pharma, NTPC, Power Grid, Titan, Bajaj Finserv, and Nestle opened higher."
India bonds flat as traders look ahead to RBI policy; liquidity ebbs,https://economictimes.indiatimes.comhttps://economictimes.indiatimes.com/markets/bonds/india-bonds-flat-as-traders-look-ahead-to-rbi-policy-liquidity-ebbs/articleshow/122829479.cms,Indian government bonds remained stable. Traders avoided major new investments before the upcoming monetary policy review. Banking system liquidity tightened. The yield on the benchmark 10-year bond was at 6.2993%. The Reserve Bank of India's next monetary policy decision is due on August 6. Some traders anticipate another rate cut. Overnight index swap rates remained rangebound in early deals.
RBI policy turns out to be a non-event for forex and bonds markets,https://economictimes.indiatimes.comhttps://economictimes.indiatimes.com/markets/bonds/rbi-policy-turns-out-to-be-a-non-event-for-forex-and-bonds-markets/articleshow/24861216.cms,"At 11:35 hrs the 10-benchmark government securities were trading at 8.59%, down four basis points from early morning trades."
Govt bond market witnesses lukewarm trading ahead of RBI policy review,https://economictimes.indiatimes.comhttps://economictimes.indiatimes.com/markets/bonds/govt-bond-market-witnesses-lukewarm-trading-ahead-of-rbi-policy-review/articleshow/24856842.cms,"At 10:35 hrs, the 10-year benchmark government securities were on Tuesday trading at 8.64%, little changed from yesterday’s closing price. Total volume was low at around Rs 3,030 crore."
ET Explains: What's making the pass-through of RBI's policy decisions sticky,https://economictimes.indiatimes.comhttps://economictimes.indiatimes.com/news/et-explains/et-explains-whats-making-the-pass-through-of-rbis-policy-decisions-sticky/articleshow/72472497.cms,The issue of lack of monetary transmission hasn't cropped up suddenly and is something that has been a matter of concern for the RBI in ensuring the pass-through of its policy decisions. The matter snowballed in the last few months after the RBI observed that the effects of its rate cuts are not being felt in terms of interest rates coming down.
Rupee faces stiff resistance at 58.50 – 58/$; RBI policy eyed,https://economictimes.indiatimes.comhttps://economictimes.indiatimes.com/markets/forex/rupee-faces-stiff-resistance-at-58-50-58/-rbi-policy-eyed/articleshow/21339299.cms,RBI continuous efforts to stem rupee fall seems to paying off as the Indian unit is not only is off its all-time low of 61.21 but has turned around to trade at more than a one-month high today.
"Sensex ends flat post RBI policy meet; banks, metals down",https://economictimes.indiatimes.comhttps://economictimes.indiatimes.com/et-now/markets/sensex-ends-flat-post-rbi-policy-meet-banks-metals-down/videoshow/43902415.cms,
"Sensex ends flat post RBI policy meet; banks, metals down",https://economictimes.indiatimes.comhttps://economictimes.indiatimes.com/markets/stocks/news/sensex-ends-flat-post-rbi-policy-meet-banks-metals-down/articleshow/43895876.cms,"The 30-share index ended at 26,594.09, down 3.02 points or 0.01 per cent. It touched a high of 26,851.33 and a low of 26,481.31 in trade today."
RBI policy rally fizzled out; traders should cut longs: Analysts,https://economictimes.indiatimes.comhttps://economictimes.indiatimes.com/markets/stocks/news/rbi-policy-rally-fizzled-out-traders-should-cut-longs-analysts/articleshow/43893924.cms,"According to RBI, there are number of disinflationary factors underway such as lower oil prices and stable rates are positive for inflation."
"Short-term swaps good bets after RBI policy, says Jhingan",https://economictimes.indiatimes.comhttps://economictimes.indiatimes.com/markets/expert-view/short-term-swaps-good-bets-after-rbi-policy-says-shailendra-jhingan-isec-pd/articleshow/86869274.cms,"Shailendra Jhingan, Head of ICICI Securities Primary Dealership, the largest standalone primary dealership in the country, believes the market is prepared for normalisation."
Top debt fund managers speak about the hits and misses of RBI policy,https://economictimes.indiatimes.comhttps://economictimes.indiatimes.com/mf/analysis/top-debt-fund-managers-speak-about-the-hits-and-misses-of-rbi-policy/articleshow/85093890.cms,The monetary policy committee decided to even retain the status quo of the stance as ‘accommodative’ through unanimous voting.
"Focus on growth, but bond market unimpressed: What experts say on RBI policy",https://economictimes.indiatimes.comhttps://economictimes.indiatimes.com/markets/stocks/news/focus-on-growth-but-bond-market-unimpressed-what-experts-say-on-rbi-policy/articleshow/80705345.cms,"In the absence of explicit guidance on open market operations to support bond yields, the RBI may need to continue to fight yield volatility amid an expanded bond issuance programme, Barclays said in a note."
"Sensex cheered RBI policy, but ended day with marginal gains; here's why",https://economictimes.indiatimes.comhttps://economictimes.indiatimes.com/markets/stocks/news/sensex-cheered-rbi-policy-but-ended-day-with-marginal-gains-heres-why/articleshow/43895420.cms,If inflation moves above RBI's comfort level of 6 per cent in the same period then the central bank may be forced to hike rates.
"RBI's policy on expected lines, signal softening of rate hike intensity: Experts",https://economictimes.indiatimes.comhttps://economictimes.indiatimes.com/news/economy/policy/rbis-policy-on-expected-lines-signal-softening-of-rate-hike-intensity-experts/articleshow/96058728.cms,"The Reserve Bank on Wednesday also lowered the country's GDP growth forecast to 6.8 per cent for the current fiscal from 7 per cent earlier, on account of continued geo-political tensions and tightening of global financial conditions. India, however, remains a bright spot in the otherwise gloomy world and will be among the fastest-growing major economies, said RBI Governor Das."
Yield hardens though traders expect lower rate rise in RBI policy,https://economictimes.indiatimes.comhttps://economictimes.indiatimes.com/markets/bonds/bond-yields-harden-ahead-of-rbis-policy-even-as-market-expects-a-rate-hike-at-slower-pace/articleshow/96036431.cms,RBI had hiked repo rate by 50 basis points thrice after the 40 bps initial hike to start the tightening cycle in April
RBI's policy rate hike likely to hit housing demand: Realty industry,https://economictimes.indiatimes.comhttps://economictimes.indiatimes.com/industry/services/property-/-cstruction/rbis-policy-rate-hike-likely-to-hit-housing-demand-realty-industry/articleshow/91318800.cms,"Commenting on the policy, industry body CREDAI's President Harsh Vardhan Patodia, said, ""The low repo rates had given a boost to the real estate sector during the course of the pandemic. Raising of repo rate by RBI is a surprise for real estate industry given the inflationary trends."""
Share market update: Realty stocks gain ahead of RBI's policy outcome,https://economictimes.indiatimes.comhttps://economictimes.indiatimes.com/markets/stocks/news/share-market-update-realty-stocks-gain-ahead-of-rbis-policy-outcomebr/articleshow/68716314.cms,The Nifty Realty index was trading 0.66 per cent up at 274.40 around 10:09 am.
"Sensex, Nifty rangebound ahead of RBI policy; top 14 stocks in focus",https://economictimes.indiatimes.comhttps://economictimes.indiatimes.com/markets/stocks/news/sensex-nifty-rangebound-ahead-of-rbi-policy-top-14-stocks-in-focus/articleshow/46104510.cms,Investors await the outcome of Reserve Bank of India's policy review meeting today. The central bank is likely to leave interest rates unchanged today.
Rupee rises 7 paise vs US dollar ahead of RBI policy,https://economictimes.indiatimes.comhttps://economictimes.indiatimes.com/et-now/commodities/rupee-rises-7-paise-vs-us-dollar-ahead-of-rbi-policy/videoshow/46099458.cms,
RBI Policy: Loans cheaper after first rate cut since 2020,https://economictimes.indiatimes.comhttps://economictimes.indiatimes.com/news/economy/policy/rbi-governors-maiden-policy-announcement-brings-relief-to-home-auto-and-msme-borrowers/articleshow/118001832.cms,"RBI Governor Sanjay Malhotra announced a 25-basis point cut in the policy repo rate, aligned with the Union Budget to boost consumer spending. This is the first reduction in five years, leading banks to likely lower their loan rates similarly, impacting home, auto, and MSME borrowers positively after a series of previous rate hikes."
State polls and RBI policy to be big triggers in volatile market: Nischal Maheshwari,https://economictimes.indiatimes.comhttps://economictimes.indiatimes.com/markets/stocks/recos/state-polls-and-rbi-policy-to-be-big-triggers-in-volatile-market-nischal-maheshwari/articleshow/26367949.cms,"""A small trigger would be the December 8th RBI policy review and the big trigger would be what really happens in the state elections. """
"Market looking ahead to RBI policy now: Piyush Garg, ICICI Securities",https://economictimes.indiatimes.comhttps://economictimes.indiatimes.com/opinion/interviews/market-looking-ahead-to-rbi-policy-now-piyush-garg-icici-securities/articleshow/12636951.cms,1 month data is not to be taken as something which is a confirmed trend and this has happened earlier also. This number is less and less reliable.
RBI's policy stance turning accommodative shows signs of easing: SBI Report,https://economictimes.indiatimes.comhttps://economictimes.indiatimes.com/news/economy/policy/rbis-policy-stance-turning-accommodative-shows-signs-of-easing-sbi-report/articleshow/120145190.cms,"The RBI has adopted a more accommodative policy stance as inflation expectations ease. A State Bank of India report says the shift is linked to changing household expectations, not just past data. With inflation forecast at 8.9% over the next three months, the RBI appears focused on supporting growth while keeping inflation in check."
"Banks, autos, realty stocks crack upto 8% post RBI policy",https://economictimes.indiatimes.comhttps://economictimes.indiatimes.com/markets/stocks/news/banks-autos-realty-stocks-crack-upto-8-post-rbi-policy/articleshow/47510645.cms,"Shares in rate sensitive sectors such as banks, realty, auto and capital goods plunged on Tuesday, after the RBI policy."
Stock market update: Realty stocks mixed ahead of RBI's policy outcome,https://economictimes.indiatimes.comhttps://economictimes.indiatimes.com/markets/stocks/news/stock-market-update-realty-stocks-mixed-ahead-of-rbis-policy-outcome/articleshow/73975384.cms,The Nifty Realty index was trading 0.12 per cent down at 326.
"Latest RBI policy very much on expected lines: Arundhati Bhattacharya, SBI",https://economictimes.indiatimes.comhttps://economictimes.indiatimes.com/opinion/interviews/latest-rbi-policy-very-much-on-expected-lines-arundhati-bhattacharya-sbi/articleshow/46848481.cms,"""It is very difficult to predict whether or not the RBI will come up with another 25 basis points rate cut."""
"Earnings and RBI policy to be next big triggers for markets: Tushar Mahajan, Nomura",https://economictimes.indiatimes.comhttps://economictimes.indiatimes.com/opinion/interviews/earnings-and-rbi-policy-to-be-next-big-triggers-for-markets-tushar-mahajan-nomura/articleshow/29151351.cms,"""Markets will be stay stuck in a range and on the downside, 6150-odd levels may narrow down to 6240, whereas the upside looks capped around 6330-6340."""
Analysis: RBI policy fine print shows some marked contrasts with action,https://economictimes.indiatimes.comhttps://economictimes.indiatimes.com/markets/stocks/news/rbi-policy-has-the-central-bank-lost-the-plot-in-terms-of-communication/articleshow/85103842.cms,RBI Governor Shaktikanta Das and Deputy Governor Michael Patra raised more questions than answers on Friday. Das was repeatedly asked at a press conference as to why the central bank has taken the step of increasing liquidity withdrawal operations – variable rate reverse repos -- from Rs 2 lakh crore to Rs 4 lakh crore.
"Sensex Week Ahead: RBI policy, IPOs, macro data to steer market",https://economictimes.indiatimes.comhttps://economictimes.indiatimes.com/markets/stocks/news/sensex-week-ahead-rbi-policy-ipos-macro-data-to-steer-market/articleshow/60898609.cms,"The market will remain closed on Monday, October 2, 2017, on account of Gandhi Jayanti."
RBI Policy: Stressed firms get longer access to dedicated liquidity window,https://economictimes.indiatimes.comhttps://economictimes.indiatimes.com/news/economy/policy/rbi-extends-access-to-dedicated-liquidity-window/articleshow/85092848.cms,The Reserve Bank of India allows Covid-affected sectors to avail soft loans until year-end to help nurse a fragile recovery.
Share market update: Bank shares in the red ahead of RBI policy outcome,https://economictimes.indiatimes.comhttps://economictimes.indiatimes.com/markets/stocks/news/share-market-update-bank-shares-trade-in-the-red-idfc-bank-dips-over-2nbspbr/articleshow/66949531.cms,"Benchmark NSE Nifty50 index was down 79.30 points at 10,790.2 while BSE Sensex was down 222.91 points at 35,911.4 around 11:44 am."
"View: RBI policy, US-China trade talks to guide rupee in October",https://economictimes.indiatimes.comhttps://economictimes.indiatimes.com/markets/forex/view-rbi-policy-us-china-trade-talks-to-guide-rupee-in-october/articleshow/71408671.cms,"In September, the rupee appreciated after FM Nirmala Sitharaman announced corporate tax cut."
What to expect from debt mutual funds after budget and RBI policy?,https://economictimes.indiatimes.comhttps://economictimes.indiatimes.com/mf/analysis/what-to-expect-from-debt-mutual-funds-after-budget-and-policy/articleshow/80874837.cms,"This time the budget has estimated a higher deficit, if the government underspends the deficit might surprise on the positive side."
ETMarkets Evening Podcast: Will market hit fresh highs after RBI policy?,https://economictimes.indiatimes.comhttps://economictimes.indiatimes.com/markets/stocks/news/etmarkets-evening-podcast-will-market-hit-fresh-highs-after-rbi-policy/articleshow/64482520.cms,
Trade Setup: RBI policy & weekly options expiry to keep Nifty shaky,https://economictimes.indiatimes.comhttps://economictimes.indiatimes.com/markets/stocks/news/trade-setup-rbi-policy-weekly-options-expiry-to-keep-nifty-shaky/articleshow/77377029.cms,"Nifty is likely to see a tentative start and the 11,065 and 11,200 levels are likely to act as key resistance points."
What should be your debt investment strategy after RBI's policy review,https://economictimes.indiatimes.comhttps://economictimes.indiatimes.com/mf/analysis/what-should-be-your-debt-investment-strategy-after-rbis-policy-review/articleshow/52635085.cms,Several investment advisors believe that investors should consider the characteristic of debt funds they are going to invest before allocating money.
Share market update: Auto stocks mixed ahead of RBI's policy outcome,https://economictimes.indiatimes.comhttps://economictimes.indiatimes.com/markets/stocks/news/share-market-update-auto-stocks-mixed-ahead-of-rbis-policy-outcomebr/articleshow/77385835.cms,The Nifty Auto index was trading 0.51 per cent down at 7450.8.
Share market update: Realty stocks rise ahead of RBI's policy outcome,https://economictimes.indiatimes.comhttps://economictimes.indiatimes.com/markets/stocks/news/share-market-update-realty-stocks-rise-ahead-of-rbis-policy-outcomebr/articleshow/77386079.cms,The Nifty Realty index was trading 1.51 per cent up at 205.45.
Share market update: Bank stocks up ahead of RBI's policy outcome,https://economictimes.indiatimes.comhttps://economictimes.indiatimes.com/markets/stocks/news/share-market-update-bank-stocks-up-ahead-of-rbis-policy-outcomenbspbr/articleshow/77385933.cms,The Nifty Bank index was trading 0.36 per cent up at 21587.8.
Interest rate decision only after RBI policy: K V Kamath,https://economictimes.indiatimes.comhttps://economictimes.indiatimes.com/industry/banking/finance/banking/interest-rate-decision-only-after-rbi-policy-k-v-kamath/articleshow/2959258.cms,"Private sector lender, ICICI Bank, would wait for signals from the Reserve Bank's monetary policy statement before taking a call on its interest rates, a top bank official said."
"Nifty likely to be in 8,000-8,450 range till RBI policy",https://economictimes.indiatimes.comhttps://economictimes.indiatimes.com/markets/stocks/news/nifty-likely-to-be-in-8000-8450-range-till-rbi-policy/articleshow/47370556.cms,"In absence of any triggers in the near term, the index is likely to trade in a narrow-band between 8,000 and 8,450."
"Nifty seen in 8,000-8,450 range till RBI policy",https://economictimes.indiatimes.comhttps://economictimes.indiatimes.com/markets/stocks/news/nifty-seen-in-8000-8450-range-till-rbi-policy/articleshow/47379776.cms,Nifty is on a modest recovery path after a sharp fall to sub 8000 levels recently. The declines are becoming shallow.
"ICICI Bank, Axis Bank, BOB rally ahead of RBI policy meet",https://economictimes.indiatimes.comhttps://economictimes.indiatimes.com/markets/stocks/news/icici-bank-axis-bank-bob-rally-ahead-of-rbi-policy-meet/articleshow/15270538.cms,Rate sensitive sector stocks such as banking & realty have rallied in opening trades on Monday ahead of the Reserve Bank of India policy review on July 31.
"Indian bonds flat ahead of state debt supply, RBI policy decision",https://economictimes.indiatimes.comhttps://economictimes.indiatimes.com/markets/bonds/indian-bonds-flat-ahead-of-state-debt-supply-rbi-policy-decision/articleshow/121588026.cms,Indian government bonds saw limited movement early Tuesday. Investors are watching for state debt supply later today. The Reserve Bank of India's monetary policy decision is due this week. GDP growth exceeded expectations. The central bank is expected to cut rates. Liquidity surplus is supporting the market. States are set to sell bonds worth 294 billion rupees.
"RBI policy and GST boost fuel interest in consumption, financial services stocks",https://economictimes.indiatimes.comhttps://economictimes.indiatimes.com/markets/stocks/news/rbi-policy-and-gst-boost-fuel-interest-in-consumption-financial-services-stocks/articleshow/124280600.cms,"Consumption and financial services stocks are in focus due to recent GST boosts and RBI policy changes. Analysts highlight several stocks, including United Spirits, Aditya Birla Capital, and Axis Bank, which saw above-average rollovers to the October series. Based on technical and derivatives data, experts recommend fresh long positions and anticipate potential northward moves for these scrips."
Market Movers: All eyes on RBI policy; oil prices down; US-China trade war back in focus & more,https://economictimes.indiatimes.comhttps://economictimes.indiatimes.com/markets/stocks/news/market-movers-all-eyes-on-rbi-policy-oil-prices-move-down-us-china-trade-war-back-in-focus-more/articleshow/65221649.cms,A look at top macro triggers that may move market on Wednesday.
"IPOs, RBI policy, auto sales, FII flows among key factors that may guide D-St this truncated week",https://economictimes.indiatimes.comhttps://economictimes.indiatimes.com/markets/stocks/news/rbi-policy-auto-sales-fii-flows-among-key-factors-that-may-guide-d-st-this-truncated-week/articleshow/78343830.cms,"Going by the buzz on Dalal Street, here are the top factors that are likely to guide the stock market this week."
Share market update: Bank stocks gain ahead of RBI's policy outcome; Yes Bank rises 3%,https://economictimes.indiatimes.comhttps://economictimes.indiatimes.com/markets/stocks/news/share-market-update-bank-stocks-gain-ahead-of-rbis-policy-outcome-yes-bank-rises-3br/articleshow/73975275.cms,The Nifty Bank index was trading 0.18 per cent up at 31057.25 .
RBI policies aggravating manufacturing sector problems: Barclays Capital,https://economictimes.indiatimes.comhttps://economictimes.indiatimes.com/news/economy/policy/rbi-policies-aggravating-manufacturing-sector-problems-barclays-capital/articleshow/10643617.cms,Barclays Capital said the Reserve Bank's prolonged tight monetary policy has only aggravated the problem for the manufacturing sector.
RBI policy stance to depend on inflation situation: Subir Gokarn,https://economictimes.indiatimes.comhttps://economictimes.indiatimes.com/news/economy/policy/rbi-policy-stance-to-depend-on-inflation-situation-subir-gokarn/articleshow/10328749.cms,"Amid growing industry clamour for a pause in policy rate hikes,RBI said any change in its monetary policy will depend on inflation."
Re rise may upset RBI's policy tightening plans,https://economictimes.indiatimes.comhttps://economictimes.indiatimes.com/news/economy/finance/re-rise-may-upset-rbis-policy-tightening-plans/articleshow/5764822.cms,"Forex experts advise exporters to hedge future receivables at the best possible rates. Gainers, losers & recommendations | Top 5 picks | Mid-term picks"
"Sensex, Nifty50 choppy ahead of RBI policy outcome",https://economictimes.indiatimes.comhttps://economictimes.indiatimes.com/et-now/markets/sensex-nifty50-choppy-ahead-of-rbi-policy-outcome/videoshow/57034842.cms,
Rate-sensitive stocks gain ahead of RBI policy outcome,https://economictimes.indiatimes.comhttps://economictimes.indiatimes.com/markets/stocks/news/rate-sensitive-stocks-gain-ahead-of-rbi-policy-outcome/articleshow/57033500.cms,"The BSE Realty and Auto indices were trading higher by 0.86 per cent and 0.54 per cent, respectively, around 9.40 am (IST). However, the BSE Bankex was almost flat around the same time."
"Sensex, Nifty trade negative ahead of RBI policy outcome",https://economictimes.indiatimes.comhttps://economictimes.indiatimes.com/et-now/markets/sensex-nifty-trade-negative-ahead-of-rbi-policy-outcome/videoshow/58043681.cms,
"Sensex hit by RBI policy, ends 400 pts down",https://economictimes.indiatimes.comhttps://economictimes.indiatimes.com/et-now/markets/sensex-hit-by-rbi-policy-ends-400-pts-down/videoshow/5168727.cms,sensex.jpg
Market open: Indian shares fall ahead of RBI policy,https://economictimes.indiatimes.comhttps://economictimes.indiatimes.com/et-now/markets/market-open-indian-shares-fall-ahead-of-rbi-policy/videoshow/6857066.cms,ET2.jpg
RBI policy: status-quo for debt mutual fund investors?,https://economictimes.indiatimes.comhttps://economictimes.indiatimes.com/mf/analysis/rbi-policy-status-quo-for-debt-mutual-fund-investors/articleshow/71437082.cms,"The Reserve Bank of India (RBI) on Friday, cut key policy rates by 25 basis points for the fifth time this year."
RBI policy: Why repo rate cut failed to cheer,https://economictimes.indiatimes.comhttps://economictimes.indiatimes.com/wealth/personal-finance-news/rbi-policy-why-repo-rate-cut-failed-to-cheer/articleshow/71451242.cms,"While rate cut of 25 bps was in line with consensus estimates, it was below bond market’s expectations."
RBI policy a move in the right direction: C Rangarajan,https://economictimes.indiatimes.comhttps://economictimes.indiatimes.com/et-now/experts/rbi-policy-a-move-in-the-right-direction-c-rangarajan/videoshow/19060966.cms,Rangarajan.jpg
"RBI Policy Preview: Balancing growth, inflation and global risks",https://economictimes.indiatimes.comhttps://economictimes.indiatimes.com/markets/stocks/news/rbi-policy-preview-balancing-growth-inflation-and-global-risks/slideshow/122895957.cms,
RBI policy emphasises stability without impeding growth: Kochhar,https://economictimes.indiatimes.comhttps://economictimes.indiatimes.com/news/economy/policy/rbi-policy-emphasises-stability-without-impeding-growth-kochhar/articleshow/6860974.cms,"RBI's second-quarter review of its monetary policy endorses the continuing growth momentum, despite uncertainties in the global economy, says ICICI Bank chief Chanda Kochhar."
Bankers unsure on direction of rate moves following RBI policy,https://economictimes.indiatimes.comhttps://economictimes.indiatimes.com/news/economy/policy/bankers-unsure-on-direction-of-rate-moves-following-rbi-policy/articleshow/24880887.cms,Bankers remained ambivalent on the impact of today's policy announcement by Reserve Bank on the cost of funds.
RBI Policy: What pause means to mutual fund investors,https://economictimes.indiatimes.comhttps://economictimes.indiatimes.com/mf/analysis/rbi-policy-what-pause-means-to-mutual-fund-investors/articleshow/109068012.cms,"Higher interest rates are considered bad for mutual fund investors, especially debt fund investors. Bond yields and prices have an inverse relationship, which means when the interest rate or bond yields go up, the net asset value of debt funds goes down"
RBI policy review: Rajan faces calls to pull trigger,https://economictimes.indiatimes.comhttps://economictimes.indiatimes.com/et-now/policy/rbi-policy-review-rajan-faces-calls-to-pull-trigger/videoshow/51689479.cms,
Likely dollar outflows in September may weigh on RBI policy,https://economictimes.indiatimes.comhttps://economictimes.indiatimes.com/news/economy/policy/likely-dollar-outflows-in-september-may-weigh-on-rbi-policy/articleshow/51679994.cms,"According to SBI chairman Arundhati Bhattacharya, the RBI may look at addressing the market participants' concern about the potential dollar shortages in Sept/Oct 2016."
Today's RBI policy may be Subbarao's last major initiative,https://economictimes.indiatimes.comhttps://economictimes.indiatimes.com/news/economy/policy/todays-rbi-policy-may-be-subbaraos-last-major-initiative/articleshow/21489918.cms,"Today's monetary policy announcements will be the last major action by Reserve Bank Governor D Subbarao, unless he gets another extension."
RBI's policy status quo leaves India Inc cold,https://economictimes.indiatimes.comhttps://economictimes.indiatimes.com/news/company/corporate-trends/rbis-policy-status-quo-leaves-india-inc-cold/articleshow/61949857.cms,"The RBI could have joined the government in helping the exporters by reducing the cost of borrowing, said EEPC India Chairman T S Bhasin."
RBI policy short on specific measures for exporters: EEPC India,https://economictimes.indiatimes.comhttps://economictimes.indiatimes.com/news/economy/foreign-trade/rbi-policy-short-on-specific-measures-for-exporters-eepc-india/articleshow/49994481.cms,"EEPC India chairman T S Bhasin said that some out of the box solutions are needed to help the exports, particularly in the engineering goods."
BCIC comes up with report on RBI policy to revive businesses,https://economictimes.indiatimes.comhttps://economictimes.indiatimes.com/news/economy/policy/bcic-comes-up-with-report-on-rbi-policy-to-revive-businesses/articleshow/87763226.cms,"The chamber sought a slew of support to revive businesses, especially the small and medium businesses which it said were battling a liquidity crisis and the government needs to provide financial support."
Rupee falls below 60/dollar after RBI policy,https://economictimes.indiatimes.comhttps://economictimes.indiatimes.com/markets/forex/rupee-falls-below-60/dollar-after-rbi-policy/articleshow/21482991.cms,RBI's comments raised questions about it's resolve in sustaining cash-draining measures that have sent bond yields surging.
Market Watch: Investors on sidelines ahead of RBI policy decision,https://economictimes.indiatimes.comhttps://economictimes.indiatimes.com/markets/stocks/etmarkets-podcast/market-watch-investors-on-sidelines-ahead-of-rbi-policy-decision/videoshow/96033762.cms,
Rupee slips 2 paise ahead of RBI policy call,https://economictimes.indiatimes.comhttps://economictimes.indiatimes.com/markets/forex/rupee-slips-2-paise-ahead-of-rbi-policy-call/articleshow/65222746.cms,The domestic currency on Tuesday gained 13 paise to close at a fresh two-week high of 68.54.
Bank stocks face selling pressure ahead of RBI policy,https://economictimes.indiatimes.comhttps://economictimes.indiatimes.com/markets/stocks/news/bank-stocks-face-selling-pressure-ahead-of-rbi-policy/articleshow/50808524.cms,"Shares of ICICI Bank plunged 5.63 per cent to Rs 217.15, the most among the 30 bluechips of the Sensex."
Here's how RBI policy impacted government bond market,https://economictimes.indiatimes.comhttps://economictimes.indiatimes.com/markets/bonds/heres-how-rbi-policy-impacted-government-bond-market/articleshow/27602345.cms,The benchmark ten year bond yields on Wednesday dropped 12 basis points or 135 per cent to close at 8.78 per cent hitting two-week low.
RBI policy to drive markets higher: Swiss and Global AM,https://economictimes.indiatimes.comhttps://economictimes.indiatimes.com/et-now/experts/rbi-policy-to-drive-markets-higher-swiss-and-global-am/videoshow/17240467.cms,Expert_invest.jpg
Bankers expect fresh dose of liquidity booster in RBI policy,https://economictimes.indiatimes.comhttps://economictimes.indiatimes.com/industry/banking/finance/banking/bankers-expect-fresh-dose-of-liquidity-booster-in-rbi-policy/articleshow/3615139.cms,After a series of cut in CRR the amount banks need to keep with the central bank RBI is scheduled to announce fresh measures in its review on October 24.
"Sensex, Nifty trade in range ahead of RBI policy review",https://economictimes.indiatimes.comhttps://economictimes.indiatimes.com/et-now/markets/sensex-nifty-trade-in-range-ahead-of-rbi-policy-review/videoshow/47509282.cms,
Rupee hits one-week high post RBI policy,https://economictimes.indiatimes.comhttps://economictimes.indiatimes.com/et-now/commodities/rupee-hits-one-week-high-post-rbi-policy/videoshow/18240319.cms,Rupee_11.jpg
Sensex ends on flat note ahead of RBI policy meet,https://economictimes.indiatimes.comhttps://economictimes.indiatimes.com/et-now/markets/sensex-ends-on-flat-note-ahead-of-rbi-policy-meet/videoshow/18222286.cms,bse2.jpg
Corporates see no action at Thursday's RBI policy review: RBS,https://economictimes.indiatimes.comhttps://economictimes.indiatimes.com/news/company/corporate-trends/corporates-see-no-action-at-thursdays-rbi-policy-review-rbs/articleshow/7101234.cms,A large majority of India Inc thinks the Reserve Bank will leave the key policy rates and the mandatory cash balance requirements of banks unchanged at its mid-quarter review on Thursday.
Rupee ends flat at 69.26 ahead of RBI policy,https://economictimes.indiatimes.comhttps://economictimes.indiatimes.com/markets/forex/rupee-ends-flat-at-69-26-ahead-of-rbi-policy/articleshow/69658938.cms,The domestic currency finally closed at 69.26 against the US dollar.
"RBI policy not to impact growth, economy to do better: Montek",https://economictimes.indiatimes.comhttps://economictimes.indiatimes.com/news/economy/policy/rbi-policy-not-to-impact-growth-economy-to-do-better-montek/articleshow/5836560.cms,The Planning Commission on Tuesday said the Reserve Bank's decision to tighten the money supply will not have any impact on growth and the economy would do better than 8 per cent expansion rate projected by the bank.
'Global markets turmoil fails to cripple RBI's policy independence',https://economictimes.indiatimes.comhttps://economictimes.indiatimes.com/markets/stocks/news/global-markets-turmoil-fails-to-cripple-rbis-policy-independence/articleshow/64003116.cms,It examined how RBI responds to global volatility-driven stress through its monetary policy tools in a market like India that are reasonably well-integrated into the global financial cycle.
PNB to review interest rates post RBI policy: Kamath,https://economictimes.indiatimes.comhttps://economictimes.indiatimes.com/industry/banking/finance/banking/pnb-to-review-interest-rates-post-rbi-policy-kamath/articleshow/7973421.cms,PNB today said there is an upward pressure on interest rates and it would take a call revising them after RBI's annual policy review next month.
Bonds fall most in a week before RBI policy,https://economictimes.indiatimes.comhttps://economictimes.indiatimes.com/markets/bonds/bonds-fall-most-in-a-week-before-rbi-policy/articleshow/5500553.cms,India’s 10-year bonds fell the most in a week on speculation the Reserve Bank of India will act to curb money supply at its policy meeting
What mutual fund managers say about RBI policy,https://economictimes.indiatimes.comhttps://economictimes.indiatimes.com/mf/analysis/what-mutual-fund-managers-say-about-rbi-policy/articleshow/66953815.cms,The Reserve Bank of India (RBI) kept its key policy rates – repo and reverse repo – unchanged in its fifth bi-monthly monetary policy.
10 year bond yield rise ahead of RBI policy,https://economictimes.indiatimes.comhttps://economictimes.indiatimes.com/markets/bonds/10-year-bond-yield-rise-ahead-of-rbi-policy/articleshow/19856919.cms,"Ahead of the monetary policy announcement by the Reserve Bank of India, the 10-year bond yield went up."
"Rupee, inflation to weigh on upcoming RBI policy review: PMEAC",https://economictimes.indiatimes.comhttps://economictimes.indiatimes.com/news/economy/policy/rupee-inflation-to-weigh-on-upcoming-rbi-policy-review-pmeac/articleshow/22627264.cms,Inflation and forex market conditions are expected to weigh on the Reserve Bank decision as it reviews monetary policy later this week.
'Expect market to consolidate at current levels post RBI policy',https://economictimes.indiatimes.comhttps://economictimes.indiatimes.com/et-now/experts/expect-market-to-consolidate-at-current-levels-post-rbi-policy/videoshow/22802289.cms,Expert.jpg
'RBI policy augurs well for return to high-growth path',https://economictimes.indiatimes.com/RBI-policy-augurs-well-for-return-to-high-growth-path/videoshow/4831315.cms,
Recent moves hint at steady rates in RBI policy review,https://economictimes.indiatimes.comhttps://economictimes.indiatimes.com/news/economy/policy/recent-moves-hint-at-steady-rates-in-rbi-policy-review/articleshow/3521414.cms,"The funds raised can be used for direct investment overseas in joint ventures and wholly-owned subsidiaries, or even in group companies."
"RBI policy overall positive, growth-oriented, say experts",https://economictimes.indiatimes.comhttps://economictimes.indiatimes.com/news/economy/policy/rbi-policy-overall-positive-growth-oriented-say-experts/articleshow/78571068.cms,"Friday's monetary policy was as aggressively accommodative as possible without cutting the policy rate, said Abheek Barua, Chief Economist, HDFC Bank."
Bank stocks witness nervous trading ahead of RBI policy,https://economictimes.indiatimes.comhttps://economictimes.indiatimes.com/markets/stocks/news/bank-stocks-witness-nervous-trading-ahead-of-rbi-policy/articleshow/4428789.cms,"Stocks of banking firms, including SBI and ICICI, on Tuesday dipped as much as four per cent in the morning trade on the Bombay Stock Exchange ahead of the RBI's annual monetary policy to be unveiled later in the day."
Sell a strangle on Bank Nifty to play RBI policy,https://economictimes.indiatimes.comhttps://economictimes.indiatimes.com/markets/stocks/news/sell-a-strangle-on-bank-nifty-to-play-rbi-policy/articleshow/59873853.cms,The lower breakeven below which losses start is 1.9 per cent from Monday's close.
"Good monsoon, RBI's policy to further ease inflation: FM",https://economictimes.indiatimes.comhttps://economictimes.indiatimes.com/et-now/experts/good-monsoon-rbis-policy-to-further-ease-inflation-fm/videoshow/9623019.cms,ET2.jpg
Rupee falls 5 paise ahead of RBI policy meet,https://economictimes.indiatimes.comhttps://economictimes.indiatimes.com/markets/forex/rupee-falls-5-paise-ahead-of-rbi-policy-meet/articleshow/64452692.cms,"Overall, forex market sentiment turned little nervous and witnessed lethargic trade."
"Economists split on rate hike, unanimous on hawkish RBI policy",https://economictimes.indiatimes.comhttps://economictimes.indiatimes.com/news/economy/indicators/economists-split-on-rate-hike-unanimous-on-hawkish-rbi-policy/articleshow/2987378.cms,"The Reserve Bank, which is in an unenvious position, thanks to high inflation, is bound to take a tough stand in its monetary policy which will be unveiled on April 29, experts said."
Sensex rallies nearly 100 points ahead of RBI policy,https://economictimes.indiatimes.comhttps://economictimes.indiatimes.com/et-now/markets/sensex-rallies-nearly-100-points-ahead-of-rbi-policy-review/videoshow/52630748.cms,
Pre-RBI Policy: Here's how bonds and rupee react,https://economictimes.indiatimes.comhttps://economictimes.indiatimes.com/markets/forex/pre-rbi-policy-heres-how-bonds-and-rupee-react/articleshow/29483338.cms,"Ahead of RBI's Q3 monetary policy, the ten-year benchmark bond yield fell four basis points or 0.46 per cent pushing prices higher in the early trade on Tuesday."
Banks not passing on RBI policy rate benefits: Congress in RS,https://economictimes.indiatimes.comhttps://economictimes.indiatimes.com/news/politics-and-nation/banks-not-passing-on-rbi-policy-rate-benefits-congress-in-rs/articleshow/52089825.cms,Congress member said the banks were quick to raise interest rates as soon as the RBI increased the key policy rate or repo rate (short term lending rate).
Omicron effect & data signs indicate RBI may keep an accommodative policy,https://economictimes.indiatimes.comhttps://economictimes.indiatimes.com/markets/stocks/news/omicron-effect-data-signs-indicate-rbi-may-keep-an-accommodative-policy/articleshow/88138507.cms,"The RBI has already embarked on a policy normalisation path with the introduction of variable rate reverse repo (VRRR) auctions. This has also bumped up the short end of the rates, which were earlier hugging the reverse repo rate."
"RBI policy fails to impress market; Sensex falls 250 pts, Nifty below 10,800",https://economictimes.indiatimes.comhttps://economictimes.indiatimes.com/markets/stocks/news/rbi-policy-fails-to-impress-market-sensex-falls-250-pts-nifty-below-10800/articleshow/66953643.cms,"On NSE, barring Nifty IT index all other major indices ended lower."
"Trump tariff, RBI policy, FII selloff among 5 factors to impact stock market this week",https://economictimes.indiatimes.comhttps://economictimes.indiatimes.com/markets/stocks/news/trumps-tariffs-rbi-policy-fii-selloff-among-5-factors-to-impact-stock-markets-this-week/articleshow/123071550.cms,"Indian stock markets face a crucial week. Global and domestic factors are creating pressure. These include US tariffs a strong dollar, and foreign investor selling. Weak corporate earnings also contribute. The Reserve Bank of India's policy decision is keenly awaited. Diplomatic efforts on India-US trade are important. Investors are watching these factors for market direction."
Omicron seen slowing India’s policy normalisation path,https://economictimes.indiatimes.comhttps://economictimes.indiatimes.com/news/economy/policy/omicron-seen-slowing-indias-policy-normalisation-path/articleshow/88138611.cms,All 28 economists surveyed by Bloomberg as of Monday expect the six-member monetary policy committee to leave the repurchase rate unchanged at 4% on Wednesday. Even bets on the reverse repurchase rate -- the level at which the RBI absorbs cash from banks -- are heavily skewed toward a hold.
RBI allows rupee derivatives in IFSC,https://economictimes.indiatimes.comhttps://economictimes.indiatimes.com/markets/stocks/news/rbi-allows-rupee-derivatives-in-ifsc/articleshow/71437919.cms,The central bank also allowed rupee derivatives (with settlement in foreign currency) to be traded in International Financial Services Centres (IFSCs).
RBI cheers governments fiscal discipline and measures to boost supplies,https://economictimes.indiatimes.comhttps://economictimes.indiatimes.com/news/economy/finance/rbi-cheers-governments-fiscal-discipline-and-measures-to-boost-supplies/articleshow/51695683.cms,"“In Budget 2016-17, the govt has adhered to the path of fiscal consolidation and this will support disinflation going forward,” RBI said in its statement."
'Don’t expect global markets to recover in near term',https://economictimes.indiatimes.comhttps://economictimes.indiatimes.com/et-now/experts/dont-expect-global-markets-to-recover-in-near-term-morgan-stanley/videoshow/51694550.cms,
Watch: Market outlook for tomorrow,https://economictimes.indiatimes.comhttps://economictimes.indiatimes.com/et-now/markets/watch-market-outlook-for-tomorrow/videoshow/51684227.cms,
RBI credit policy highlights,https://economictimes.indiatimes.comhttps://economictimes.indiatimes.com/et-now/policy/rbi-credit-policy-highlights/videoshow/51699232.cms,
"A pre-policy rate cut will send wrong signals to the markets: Sudhir Agrawal, UTI MF",https://economictimes.indiatimes.comhttps://economictimes.indiatimes.com/markets/expert-view/a-pre-policy-rate-cut-will-send-wrong-signals-to-the-markets-sudhir-agrawal-uti-mf/articleshow/51325573.cms,"""Government can disinvest by bits and pieces every month instead of leaving the big ticket divestment for the end of the year"""
"Key rates need to go up quickly to deal with inflation: Chetan Ahya, MD, Morgan Stanley",https://economictimes.indiatimes.comhttps://economictimes.indiatimes.com/opinion/interviews/key-rates-need-to-go-up-quickly-to-deal-with-inflation-chetan-ahya-md-morgan-stanley/articleshow/6219239.cms,"Chetan Ahya, MD, Morgan Stanley, says policy rates need to go up by 100 bps. Strategies in results season | Q1 Earnings | Gainers & losers | Monetary policy"
"Infra, construction sectors sorely need active govt backing: Hemant Kanoria, SREI Infra",https://economictimes.indiatimes.comhttps://economictimes.indiatimes.com/opinion/interviews/infra-construction-sectors-sorely-need-active-govt-backing-hemant-kanoria-srei-infra/articleshow/49996353.cms,"""There are some steps that can help in addressing this malady. The government needs to provide from subvention for infra investments like it does to exporters."""
Policy rate pass-through improves in EBLR regime,https://economictimes.indiatimes.comhttps://economictimes.indiatimes.com/markets/stocks/news/transmission-of-policy-rates-improved-the-most-under-eblr/articleshow/90917458.cms,"The weighted average lending rates (WALRs) on fresh as well as outstanding rupee loans have declined across sectors. Banks have extended the benefits to existing borrowers by reducing the WALR more than the repo rate cuts during the EBLR period according to a study titled "" Monetary Transmission to Banks’ Interest Rates: Implications of External Benchmark Regime"" published in the latest monthly bulletin."
RBI eases bond holding norms in liquidity boost,https://economictimes.indiatimes.comhttps://economictimes.indiatimes.com/markets/bonds/rbi-eases-bond-holding-norms-in-liquidity-boost/articleshow/68725380.cms,The move is expected to free up resources for banks to meet the rising loan demand.
RBI proposes new route for FII investments in debt,https://economictimes.indiatimes.comhttps://economictimes.indiatimes.com/markets/stocks/news/rbi-proposes-new-route-for-fii-investments-in-debt/articleshow/66085478.cms,"Under the proposed Route, FIIs will have more operational flexibility."
Banks may be allowed to up stake in troubled projects: RBI Governor Raghuram Rajan,https://economictimes.indiatimes.comhttps://economictimes.indiatimes.com/industry/banking/finance/banking/banks-may-be-allowed-to-up-stake-in-troubled-projects-rbi-governor-raghuram-rajan/articleshow/45348527.cms,"Rajan explained that as part of a restructuring process, banks' holding in a company had been capped at 10% through a notification issued in May 2013."
"RBI may cut repo rate by 25 bps in September meet or before: Manish Sonthalia, Motilal Oswal AMC",https://economictimes.indiatimes.comhttps://economictimes.indiatimes.com/opinion/interviews/rbi-may-cut-repo-rate-by-25-bps-in-september-meet-or-before-manish-sonthalia-motilal-oswal-amc/articleshow/48340685.cms,"""However, if not today, then chances are we should see a rate cut of 25 bps at the next policy meeting sometime in September or even before that."""
ETMarkets Morning Podcast: What's buzzing on Dalal Street this morning?,https://economictimes.indiatimes.comhttps://economictimes.indiatimes.com/markets/stocks/etmarkets-podcast/etmarkets-morning-podcast-whats-buzzing-on-dalal-street-this-morning/videoshow/66080241.cms,
RBI proposes expert panel to study MSME distress,https://economictimes.indiatimes.comhttps://economictimes.indiatimes.com/markets/stocks/news/rbi-proposes-expert-panel-to-study-msme-distress/articleshow/66964820.cms,The MSME sector contributes to nearly a third of the gross domestic product.
RBI’s mid-quarter review likely to be non-event in terms of rate action,https://economictimes.indiatimes.comhttps://economictimes.indiatimes.com/news/economy/indicators/rbis-mid-quarter-review-likely-to-be-non-event-in-terms-of-rate-action/articleshow/17651192.cms,"This view is backed not just by the decline in the headline WPI number, but also by core inflation, which, in November, dropped sharply."
"Rising tomato prices, farm waiver give Team Patel a worry on inflation, fiscs",https://economictimes.indiatimes.comhttps://economictimes.indiatimes.com/markets/stocks/news/rising-tomato-price-farm-waiver-raise-inflation-fiscal-woes-for-urjit-co/articleshow/59879738.cms,The central bank noted that administered prices of LPG and kerosene are set to rise.
"How this monetary policy brought simmering tension between RBI, government to the fore",https://economictimes.indiatimes.comhttps://economictimes.indiatimes.com/news/economy/policy/how-this-monetary-policy-brought-simmering-tension-between-rbi-government-to-the-fore/articleshow/59043415.cms,Urjit Patel set the cat among the pigeons when he declared that all the officials of the MPC had declined the finance ministry’s request for a meeting.
Why RBI hiking repo rate may signal start of interest rate tightening cycle,https://economictimes.indiatimes.comhttps://economictimes.indiatimes.com/wealth/borrow/why-rbi-hiking-repo-rate-may-signal-start-of-interest-rate-tightening-cycle/articleshow/64518539.cms,"RBI has raised the key repo rate by 25 bps to 6.25%, signalling the start of a rate tightening cycle."
"So, how RBI really fared in its ‘whatever it takes’ moment",https://economictimes.indiatimes.comhttps://economictimes.indiatimes.com/markets/stocks/news/so-how-rbi-really-fared-in-its-whatever-it-takes-moment/articleshow/74091634.cms,We expect the spread of sovereign curve over repo to compress even more as we go along.
"Gainers & Losers: Britannia, Godfrey Phillips among 5 stocks in limelight today",https://economictimes.indiatimes.comhttps://economictimes.indiatimes.com/markets/web-stories/gainers-amp-losers-britannia-godfrey-phillips-among-5-stocks-in-limelight-today/slideshow/123141831.cms,
Wise or adventurous: How to read RBI policy action amid evolving geopolitical risk?,https://economictimes.indiatimes.comhttps://economictimes.indiatimes.com/markets/stocks/news/wise-or-adventurous-how-to-read-rbi-policy-action-amid-evolving-geopolitical-risk/articleshow/89845949.cms,"Since the time RBI reduced the repo rate by over 120 bps during the period of Feb-May 2020, the repo rate has stayed put at 4%. The same is the case with a reverse repo with its rate ruling at 3.35%. But, of late, bond markets have refused to buy into this stability."
Data vacuum an opportunity for time correction in Nifty: Anand James,https://economictimes.indiatimes.comhttps://economictimes.indiatimes.com/markets/expert-view/data-vacuum-an-opportunity-for-time-correction-in-nifty-anand-james/articleshow/107597129.cms,"“But our modest objectives of 22240-22450/550 continue to be in play though, along with an optimistic target of 22800-23000. But any prospects of potential delay in the onset of rate cuts, could jolt the ride, but may not be enough to trigger a collapse per se,” he says."
Rupee opens 8 paise down at 71.09 against dollar,https://economictimes.indiatimes.comhttps://economictimes.indiatimes.com/markets/forex/rupee-opens-8-paise-down-at-71-09-against-dollar/articleshow/71287191.cms,Rupee consolidated in a narrow range for the third successive session on Tuesday.
"Today's policy reflects a very balanced approach on RBI's part: Shaktikanta Das, DEA Secretary",https://economictimes.indiatimes.comhttps://economictimes.indiatimes.com/opinion/interviews/todays-policy-reflects-a-very-balanced-approach-on-rbis-part-shaktikanta-das-dea-secretary/articleshow/49995852.cms,"""We are looking at about 7.5% or so of GDP growth. I will tell you why. Over the last few months, the government has undertaken a series of reform measures."""
"Rajan's dovish post-policy statement did come as a surprise: Jayesh Mehta, BofA-ML",https://economictimes.indiatimes.comhttps://economictimes.indiatimes.com/opinion/interviews/rajans-dovish-post-policy-statement-did-come-as-a-surprise-jayesh-mehta-bofa-ml/articleshow/49996678.cms,"""While others are saying there were no surprises in the policy, I for one found a little surprise and a pleasant one at that."""
Market Watch: What should equity investors expect from RBI policy review next week?,https://economictimes.indiatimes.comhttps://economictimes.indiatimes.com/markets/stocks/etmarkets-podcast/market-watch-what-should-equity-investors-expect-from-rbi-policy-review-next-week/videoshow/91944762.cms,
View: Time to pick high quality midcaps and smallcaps,https://economictimes.indiatimes.comhttps://economictimes.indiatimes.com/markets/stocks/news/view-time-to-pick-high-quality-midcaps-and-smallcaps/articleshow/72433284.cms,The risk-reward continues to be favourable in mid and smallcaps compared to large caps.
Sell Zee Telefilms at a price target of Rs 205 : Mitesh Thacker,https://economictimes.indiatimes.comhttps://economictimes.indiatimes.com/markets/stocks/recos/sell-zee-telefilms-at-a-price-target-of-rs-205-mitesh-thacker/articleshow/18254986.cms,Sell Zee Telefilms at a stop loss of Rs 225.5 - Rs 226.
Tweet Buster: What to do when you've more negatives to deal with on D-Street,https://economictimes.indiatimes.comhttps://economictimes.indiatimes.com/markets/stocks/news/tweet-buster-what-to-do-when-youve-more-negatives-to-deal-with-on-d-street/articleshow/72425048.cms,The market had more negative cues to deal with than any positive.
"Trade in IDBI, L&T and SBI ahead of RBI policy meet, say experts",https://economictimes.indiatimes.comhttps://economictimes.indiatimes.com/markets/stocks/news/trade-in-idbi-lt-and-sbi-ahead-of-rbi-policy-meet-say-experts/articleshow/39665062.cms,100 per cent respondents to ET Now poll expect the key rates and cash reserve ratio to remain unchanged.
"Easier housing loans, promise of liquidity - What RBI announcements mean for you",https://economictimes.indiatimes.comhttps://economictimes.indiatimes.com/markets/stocks/news/easier-housing-loans-promise-of-liquidity-what-rbi-announcements-mean-for-you/articleshow/78569302.cms,"A relatively higher inflation is also keeping RBI from further lowering the policy rates. So, if inflation cools off, we can see some more action from the central bank to support the economy."
RBI has done more than the market had expected,https://economictimes.indiatimes.comhttps://economictimes.indiatimes.com/markets/expert-view/rbi-has-done-more-than-the-market-had-expected/articleshow/78572425.cms,"The Governor is very focussed on making sure that borrowing programmes happen effectively, sovereign rates remain low and the transmission of that low sovereign rate happens to the real economy, says Jayesh Mehta."
Traders can use iron condor strategy,https://economictimes.indiatimes.comhttps://economictimes.indiatimes.com/markets/stocks/news/traders-can-use-iron-condor-strategy/articleshow/64472541.cms,"The maximum gain happens if Bank Nifty expires at 26,300 or at 26,200."
Sell Zee Telefilms at a price target of Rs 205 : Mitesh Thacker,https://economictimes.indiatimes.comhttps://economictimes.indiatimes.com/markets/stocks/recos/sell-zee-telefilms-at-a-price-target-of-rs-205-mitesh-thacker/articleshow/18254986.cms,Sell Zee Telefilms at a stop loss of Rs 225.5 - Rs 226.
Rupee rises 3 paise to 88.69 against US dollar in early trade,https://economictimes.indiatimes.comhttps://economictimes.indiatimes.com/markets/forex/rupee-rises-3-paise-to-88-69-against-us-dollar-in-early-trade/articleshow/124204819.cms,"The rupee rose 3 paise to 88.69 against the US dollar, trading in a tight range due to capital outflows and geopolitical developments. The RBI's upcoming policy meeting and potential intervention are closely watched amidst new US tariffs on drugs. Meanwhile, India's forex reserves dropped, even as domestic equity markets rebounded."
"Narendra Solanki prefers Aptus over Bajaj Housing, betting on PSBs, not private banks; here's why",https://economictimes.indiatimes.comhttps://economictimes.indiatimes.com/markets/expert-view/narendra-solanki-prefers-aptus-over-bajaj-housing-betting-on-psbs-not-private-banks-heres-why/articleshow/125733731.cms,"Market outlook turns favourable for PSBs, with analysts seeing stronger upside than private banks ahead of the RBI policy. Anand Rathi’s Narendra Solanki prefers Aptus Value Housing in housing finance, Union Bank and Indian Bank among PSBs, and Vishal Mega Mart over Trent in retail. Here’s the full breakdown of his sector strategy and stock preferences."
"Select rebound: 50 smallcaps gain in double-digits, returning up to 33% last week",https://economictimes.indiatimes.comhttps://economictimes.indiatimes.com/markets/stocks/news/select-rebound-50-smallcaps-gain-in-double-digits-returning-up-to-33-last-week/articleshow/125360617.cms,"Smallcap stocks delivered impressive double-digit gains last week. VTM, Yatra Online, and Indigo Paints led the rally. Textiles, consumer, and niche manufacturing sectors saw notable increases. Healthcare and pharma stocks also performed well. This revival is linked to improving macroeconomics and earnings. Investors are anticipating further catalysts from upcoming RBI policy and trade deal news."
"RBI policy shows steady follow up action to Budget announcements, say experts",https://economictimes.indiatimes.comhttps://economictimes.indiatimes.com/news/economy/policy/rbi-policy-shows-steady-follow-up-action-to-budget-announcements-say-experts/articleshow/128001248.cms,"The Reserve Bank of India kept its benchmark interest rate unchanged on Friday, as expected, as inflation remained at manageable levels and growth concerns eased following increased government spending in the Budget and reduced tariff pressures after a trade deal with the United States."
"Monetary Policy highlights: RBI restores CRR, allows online access to government securities market",https://economictimes.indiatimes.comhttps://economictimes.indiatimes.com/news/economy/policy/monetary-policy-highlights-rbi-restores-crr-allows-online-access-to-government-securities-market/videoshow/80705850.cms,
GDP shocker: RBI cuts FY20 growth forecast to 5%,https://economictimes.indiatimes.comhttps://economictimes.indiatimes.com/markets/stocks/news/gdp-shocker-rbi-cuts-fy20-growth-forecast-to-5/articleshow/72379884.cms,CPI inflation projection wad revised upwards to 5.1-4.7 per cent for the second half of FY20.
"Weather, veggies and peer pressure: All that can shape RBI MPC’s rate verdict",https://economictimes.indiatimes.comhttps://economictimes.indiatimes.com/news/economy/policy/weather-veggies-and-peer-pressure-all-that-can-shape-rbi-mpcs-rate-verdict-tomorrow/articleshow/102571515.cms,The Reserve Bank of India's (RBI) Monetary Policy Committee (MPC) is expected to keep the repo rate fixed and maintain its withdrawal of accommodative stance when it makes its policy announcement on August 10. The RBI is most likely to focus on how it will be coping with the rising inflation print.
"RBI in pause mode, but Das keeps rate cut hopes alive: 10 key takeaways",https://economictimes.indiatimes.comhttps://economictimes.indiatimes.com/markets/stocks/news/rbi-in-pause-mode-but-das-keeps-rate-cut-hopes-alive-10-key-takeaways/articleshow/73979936.cms,The monetary policy committee recognised that there is policy space available for future action.
Rupee largely quiet before RBI policy; risk-off sentiment may weigh,https://economictimes.indiatimes.comhttps://economictimes.indiatimes.com/markets/forex/forex-news/rupee-largely-quiet-before-rbi-policy-risk-off-sentiment-may-weigh/articleshow/127966546.cms,"On Friday morning, the Indian rupee is set to maintain a stable opening. Market experts believe it will trade within a tight corridor leading up to the Reserve Bank of India's policy update. With investors showing heightened risk aversion, the rupee—along with many emerging market currencies—faces limited demand."
"RBI Policy: Repo rate left unchanged at 6.50%, but D-Street hit by incremental CRR on banks",https://economictimes.indiatimes.comhttps://economictimes.indiatimes.com/markets/stocks/news/rbi-policy-repo-rate-left-unchanged-at-6-5-withdrawal-of-accommodation-stance-retained/articleshow/102594815.cms,"While the policy stance was on the expected lines, the RBI’s decision to impose an incremental Cash Reserve Ratio (CRR) of 10% of NDTL on banks dampened Dalal Street’s mood. The incremental CRR has been imposed for May 19-July 28 period, and the RBI will review the same on September 8, Das said, adding that the move is “purely” a temporary measure."
"Bank of Baroda, Union Bank awaiting RBI policy review to decide on rate cut",https://economictimes.indiatimes.comhttps://economictimes.indiatimes.com/industry/banking/finance/banking/bank-of-baroda-union-bank-awaiting-rbi-policy-review-to-decide-on-rate-cut/articleshow/12178212.cms,Bank of Baroda and Union Bank of India today said they would take a call on slashing interest rates in specific segments once the RBI has announced the mid-term policy review.
"Sensex, Nifty bounce back after a day's breather post RBI policy",https://economictimes.indiatimes.comhttps://economictimes.indiatimes.com/markets/stocks/news/sensex-nifty-bounce-back-after-a-days-breather-post-rbi-policy/articleshow/93371351.cms,"The BSE Sensex remained choppy in the last hour but settled 89 points higher at 58,388. Its NSE counterpart, Nifty50, recovered from day's lows to add another 16 points but ended the week below 17,400."
"Budget 2021, RBI policy among key factors that may move market this week",https://economictimes.indiatimes.comhttps://economictimes.indiatimes.com/markets/stocks/news/budget-2021-rbi-policy-among-key-factors-that-may-move-market-this-week/articleshow/80609560.cms,The Union Budget and its announcement will remain the biggest focus point for the market as investors hope that the government will deliver a pro-cyclical stimulus to further strengthen the ongoing economic recovery.
"RBI policy: Start of normalisation process is a big positive, says Mythili Bhushnurmath",https://economictimes.indiatimes.comhttps://economictimes.indiatimes.com/markets/stocks/news/rbi-policy-start-of-normalisation-process-is-a-big-positive-says-mythili-bhushnurmath/videoshow/90722111.cms,
RBI policy: Mint Street likely raise inflation outlook to reflect costlier oil,https://economictimes.indiatimes.comhttps://economictimes.indiatimes.com/news/economy/indicators/rbi-policy-mint-street-likely-raise-inflation-outlook-to-reflect-costlier-oil/articleshow/90716894.cms,"Investors will be looking for clarity on how the RBI -- which acts as the government’s debt manager, in addition to its main role of maintaining price stability -- plans to support the administration’s 14.31 trillion rupee ($189 billion) debt program and keep the sovereign’s borrowing costs in check when faster global policy normalization is pushing yields higher."
"Sensex, Nifty rise as UP polls begin; all eyes on RBI policy outcome",https://economictimes.indiatimes.comhttps://economictimes.indiatimes.com/markets/stocks/news/sensex-nifty-rise-as-up-polls-begins-all-eyes-on-rbi-policy-outcome/articleshow/89468850.cms,"Global cues were firm, helping the BSE Sensex rise 148.16 points or 0.25 per cent to 58,614.13 in early trade. The NSE Nifty50 stood at 17,530.35, up 66.55 points or 0.38 per cent"
"RBI policy outcome, oil, bond yields & other factors to watch out for this week",https://economictimes.indiatimes.comhttps://economictimes.indiatimes.com/markets/stocks/news/rbi-policy-outcome-oil-bond-yields-other-factors-to-watch-out-for-this-week/articleshow/89378282.cms,"With the earnings season in full swing, as many as 1,625 companies will report their quarterly earnings this week."
"Coin vending, UPI for NRIs & everything MPC had beyond RBI policy rates",https://economictimes.indiatimes.comhttps://economictimes.indiatimes.com/news/economy/policy/coin-vending-upi-for-nris-everything-mpc-had-beyond-rbi-policy-rates/articleshow/97720929.cms,"RBI Monetary Policy Meet: beyond the policy rate and macro outlook tweaks, the central bank today also proposed a range of measures including QR code-based coin vending machine, extending UPI for inbound travellers to India & regulatory initiatives on climate risk."
Should you alter your debt mutual fund strategy ahead of RBI policy?,https://economictimes.indiatimes.comhttps://economictimes.indiatimes.com/mf/analysis/should-you-alter-your-debt-mutual-fund-strategy-ahead-of-rbi-policy/articleshow/66931757.cms,Will RBI hike rates? Or will it hold rates? Do I need to change my debt mutual fund investment strategy?
"Sensex, Nifty50 start on a positive note ahead of RBI policy decision",https://economictimes.indiatimes.comhttps://economictimes.indiatimes.com/markets/stocks/news/sensex-nifty50-start-on-a-positive-note-ahead-of-rbi-policy-decision/articleshow/55847262.cms,"Apart from rate cut and inflation and growth commentary, the market will look for clarity on market stabilisation scheme and CRR measures announced of late."
"RBI policy stance has turned de facto neutral: Pranjul Bhandari, HSBC",https://economictimes.indiatimes.comhttps://economictimes.indiatimes.com/markets/expert-view/rbi-policy-stance-has-turned-de-facto-neutral-pranjul-bhandari-hsbc/articleshow/67050688.cms,"In FY20, BoP deficit may not be as wide if oil averages $65-70 a barrel, says HSBC chief India economist"
"Rate sensitive stocks tank post RBI policy; SBI, PNB down 2%",https://economictimes.indiatimes.comhttps://economictimes.indiatimes.com/markets/stocks/news/rate-sensitive-stocks-tank-post-rbi-policy-sbi-pnb-down-2/articleshow/19857308.cms,"Rate sensitive sectors like banks, realty and auto, which had run-up sharply earlier today, came under selling pressure soon after the RBI policy."
RBI Policy Preview: Team Das set to follow Powell to raise rates again,https://economictimes.indiatimes.comhttps://economictimes.indiatimes.com/markets/stocks/news/rbi-policy-preview-team-das-set-to-follow-powell-to-raise-rates-again/articleshow/94478165.cms,UST 10 year is almost at 3.70 per cent levels and is not suggesting a breather anytime soon. Even the US policymakers seem to be in no rush to put a break on the rate hike accelerator yet. The guidance suggests more rate hikes in the months ahead.
"Banks, autos, realty stocks stuck in a range ahead of RBI policy review",https://economictimes.indiatimes.comhttps://economictimes.indiatimes.com/markets/stocks/news/banks-autos-realty-stocks-stuck-in-a-range-ahead-of-rbi-policy-review/articleshow/46104390.cms,"According to a poll, 80% of poll participants says that RBI will not cut rates, while 20% bankers are predicting a 25 basis points repo rate cut."
RBI Policy: Here's how India Inc reacted to 25 bps rate cut,https://economictimes.indiatimes.comhttps://economictimes.indiatimes.com/markets/stocks/news/rbi-policy-heres-how-india-inc-reacted-to-25-bps-rate-cut/videoshow/68724781.cms,
"RBI policy, Budget after-effects and Q3 numbers to steer market this week",https://economictimes.indiatimes.comhttps://economictimes.indiatimes.com/markets/stocks/news/rbi-policy-budget-after-effects-and-q3-numbers-to-steer-market-this-week/articleshow/62775166.cms,Speculations and reports suggest the central bank may tighten its stance in the policy review.
"Budget impact, RBI policy among 8 factors that will shape market direction this week",https://economictimes.indiatimes.comhttps://economictimes.indiatimes.com/markets/stocks/news/budget-impact-rbi-policy-among-8-factors-will-shape-the-market-direction-this-week/articleshow/117849756.cms,"Budget: Indian markets remained flat after Budget announcements. Key factors this week include the Budget's impact on sectors, RBI's expected rate cuts, upcoming Q3 earnings of major companies, foreign investors' activities, rupee-dollar movements, global market trends, technical levels of Nifty, and crude oil prices. Analysts expect market direction to unfold as these events progress."
"Nifty Bank closes flat ahead of RBI policy; resistance seen at 47,000",https://economictimes.indiatimes.comhttps://economictimes.indiatimes.com/markets/options/nifty-bank-closes-flat-ahead-of-rbi-policy-resistance-seen-at-47000/articleshow/105814214.cms,"The index closed flat with a positive bias at 46,841. It touched an intraday high of 46,927 and an intraday low of 46,507. The Nifty50 index, too, fell but managed to close above 20,900."
"RBI policy on expected lines, upgrading GDP growth estimate reposes confidence: Bankers",https://economictimes.indiatimes.comhttps://economictimes.indiatimes.com/budget-2021/sectors-in-focus/banking-finance/rbi-policy-on-expected-lines-upgrading-gdp-growth-estimate-reposesconfidence-bankers/articleshow/110802350.cms,"Bankers welcomed the Reserve Bank of India's decision to maintain interest rates, as it was in line with expectations, with an upward revision of the growth estimate. The move, including the unchanged repo rate, was seen as positive for the economy. The revised GDP growth forecast for FY25 instilled confidence in the central bank's outlook. Industry leaders praised the regulatory measures and highlighted the importance of collaboration for financial sector growth."
SMC’s five picks to beat market volatility ahead of RBI policy review,https://economictimes.indiatimes.comhttps://economictimes.indiatimes.com/markets/stocks/recos/smcs-five-picks-to-beat-market-volatility-ahead-of-rbi-policy-review/articleshow/19014613.cms,The volatility trend is likely to be choppy with large intraday swings and stock-specific movements will be the theme.
"RBI policy, FII action among 7 factors to impact D-Street this week",https://economictimes.indiatimes.comhttps://economictimes.indiatimes.com/markets/stocks/news/rbi-policy-fii-action-among-7-factors-to-impact-d-street-this-week/articleshow/121545205.cms,"Indian markets closed cautiously, consolidating for the second week amid global trade tensions and anticipation of domestic policy announcements. The RBI's upcoming MPC meeting on June 6 is crucial, with its rate stance expected to significantly influence market direction."
Lending rates to fall by 30 bps after RBI policy cut: SBI Report,https://economictimes.indiatimes.comhttps://economictimes.indiatimes.com/news/economy/policy/lending-rates-to-fall-by-30-bps-after-rbi-policy-cut-sbi-report/articleshow/121687991.cms,State Bank of India projects a drop in lending rates. This follows the policy rate cut. Loans linked to external benchmarks will see immediate impact. Banks' margins may be affected. Reserve Bank of India's CRR cut could help. Fixed deposit rates are already declining. Further cuts are expected. The report anticipates no change in policy rates next quarter.
"FOMC meet, RBI policy will be crucial for market direction: Tushar Mahajan, Nomura India",https://economictimes.indiatimes.comhttps://economictimes.indiatimes.com/opinion/interviews/fomc-meet-rbi-policy-will-be-crucial-for-market-direction-tushar-mahajan-nomura-india/articleshow/22658000.cms,"With the indications from the FOMC and the Fed, markets can shift down back to the 5700-5720 odd levels, says Tushar Mahajan."
RBI policy likely to dictate trend for market; top 5 trading ideas for the week,https://economictimes.indiatimes.comhttps://economictimes.indiatimes.com/markets/stocks/news/rbi-policy-likely-to-dictate-trend-for-market-top-5-trading-ideas-for-the-week/articleshow/48326140.cms,"Traders in derivatives markets are creating bullish bets on select interest rate-sensitive stocks, like banking and automobiles."
"RBI policy should act as catalyst for continuation of positive sentiment: Gautam Chhaocharia, UBS",https://economictimes.indiatimes.comhttps://economictimes.indiatimes.com/opinion/interviews/rbi-policy-should-act-as-catalyst-for-continuation-of-positive-sentiment-gautam-chhaocharia-ubs/articleshow/17016918.cms,"""The rate cycle does help that sentiment. So indirectly it does benefit the investment cycle, but directly it is not that significant,"" says Gautam Chhaocharia."
Rupee opens 3 paise down at 71.24 ahead of RBI policy outcome,https://economictimes.indiatimes.comhttps://economictimes.indiatimes.com/markets/forex/rupee-opens-3-paise-down-at-71-24-ahead-of-rbi-policy-outcome/articleshow/73974985.cms,"""USDINR pair is expected to quote in the range of 71.05 and 71.50,” said Motilal Oswal Financial Services."
Rupee rises 13 paise to 2-week high ahead of RBI policy move,https://economictimes.indiatimes.comhttps://economictimes.indiatimes.com/markets/forex/rupee-rises-13-paise-to-2-week-high-ahead-of-rbi-policy-move/articleshow/65216744.cms,A rally in domestic equities further supplemented the recovery momentum.
RBI policy outcome at 2.30 PM today: Here's what experts say,https://economictimes.indiatimes.comhttps://economictimes.indiatimes.com/markets/stocks/news/rbi-policy-outcome-at-2-30-pm-today-heres-what-experts-say/articleshow/59030263.cms,Experts believe MPC may sound dovish and open doors for rate cuts in coming reviews.
Industry upbeat on RBI policy decision; says more room to slash rates ahead,https://economictimes.indiatimes.comhttps://economictimes.indiatimes.com/news/economy/policy/industry-upbeat-on-rbi-policy-decision-says-more-room-to-slash-rates-ahead/articleshow/69678368.cms,RBI cut the repo -- short term lending rate at which it gives loan to banks -- third time in a row to 5.75 per cent.
"Gold rate today: Gold, silver trade lower ahead of the RBI policy decision",https://economictimes.indiatimes.comhttps://economictimes.indiatimes.com/markets/commodities/news/gold-rate-today-gold-silver-trade-lower-ahead-of-the-rbi-policy-decision/articleshow/71435089.cms,"MCX Gold (Dec) futures were trading 0.14 per cent lower at Rs 38,350."
RBI policy review: MPC likely to cut repo rate by 25 basis points,https://economictimes.indiatimes.comhttps://economictimes.indiatimes.com/markets/stocks/news/rbi-policy-review-mpc-likely-to-cut-repo-rate-by-25-basis-points/videoshow/71433531.cms,
RBI's policy rate cut to boost growth as inflation eases: BoB report,https://economictimes.indiatimes.comhttps://economictimes.indiatimes.com/news/economy/policy/rbis-policy-rate-cut-to-boost-growth-as-inflation-eases-bob-report/articleshow/121783521.cms,Reserve Bank of India will cut the policy rate. This move aims to boost economic growth. Price pressures are expected to ease. Liquidity will increase and credit flow will be supported. The Monetary Policy Committee maintained India's GDP growth forecast. The focus now shifts to the US Federal Reserve. A pause in rate changes is expected from the US Fed.
India bond yields inch down on quarter-end buying; RBI policy key,https://economictimes.indiatimes.comhttps://economictimes.indiatimes.com/markets/bonds/india-bond-yields-inch-down-on-quarter-end-buying-rbi-policy-key/articleshow/124225743.cms,"Indian government bond yields eased on the quarter's last day, with investors anticipating the RBI's monetary policy decision. While most expect unchanged rates, some firms foresee a surprise cut. India will also auction a new 10-year bond on Friday, having increased its share in the borrowing plan, as overnight index swaps moved lower."
Market eyes RBI policy outcome after Budget 2023 & US Fed last week: Kunal Shah,https://economictimes.indiatimes.comhttps://economictimes.indiatimes.com/markets/expert-view/market-eye-rbi-policy-outcome-after-budget-2023-us-fed-last-week-kunal-shah/articleshow/97639018.cms,"The Indian indices witnessed a sharp fall in the past week on the back of the Adani news. The Nifty and the Bank Nifty breached their critical support zones of 18000 and 42000, respectively."
Second wave impact on GDP less than feared; expect RBI policy normalisation by year-end: Nomura,https://economictimes.indiatimes.comhttps://economictimes.indiatimes.com/markets/stocks/news/second-wave-impact-on-gdp-less-than-feared-expect-rbi-policy-normalisation-by-year-end-nomura/articleshow/83139229.cms,"“Although the second wave will likely constrain sequential growth momentum in Q2CY21, we expect the damage to be significantly less than during the first wave and less than currently feared,” said Sonal Verma, chief economist at Nomura Securities."
RBI holds policy rates; what should mutual fund investors do?,https://economictimes.indiatimes.comhttps://economictimes.indiatimes.com/mf/analysis/rbi-holds-policy-rates-what-should-mutual-fund-investors-do/articleshow/90721070.cms,The Reserve Bank of India held the policy repo rate in its policy review on Friday. A status-quo policy means investors should also stick to their investments.
RBI signals caution despite softer inflation; corporate bonds still attractive,https://economictimes.indiatimes.comhttps://economictimes.indiatimes.com/markets/bonds/rbi-signals-caution-despite-softer-inflation-corporate-bonds-still-attractive/articleshow/123181630.cms,"The MPC maintained policy rates and a neutral stance, forecasting lower FY26 inflation at 3.10% but emphasizing core inflation concerns. Despite robust growth projections, the MPC remains data-dependent, hinting at potential future rate cuts. Bond yields rose post-announcement, but corporate bonds remain attractive for investors with medium-term horizons."
Rupee opens 9 paise down at 70.97 against dollar,https://economictimes.indiatimes.comhttps://economictimes.indiatimes.com/markets/forex/rupee-opens-9-paise-down-at-70-97-against-dollar/articleshow/71322441.cms,The local currency advanced 16 paise to 70.88 against the US dollar on Thursday.
"After solid Budget rally, wait for some adverse action to deploy fresh money",https://economictimes.indiatimes.comhttps://economictimes.indiatimes.com/markets/stocks/news/after-solid-budget-rally-wait-for-some-adverse-action-to-deploy-fresh-money/articleshow/80719155.cms,Market participants should focus solely on quality names as the indices have already run up quite a bit. One should remain invested in quality stocks and wait for a decent knee-jerk reaction to add fresh money.
"RBI policy review: Investors upset with no-action; no rate change, nor any timeline for easing liquidity",https://economictimes.indiatimes.comhttps://economictimes.indiatimes.com/news/economy/indicators/rbi-policy-review-investors-upset-with-no-action-no-rate-change-nor-any-timeline-for-easing-liquidity/articleshow/21495698.cms,RBI lowered its economic growth rate forecast to 5.5% and warned that inflation could rear its head again.
Geopolitical tensions new challenge to monetary policy: RBI governor,https://economictimes.indiatimes.comhttps://economictimes.indiatimes.com/industry/banking/finance/banking/russias-invasion-of-ukraine-worsens-rbis-policy-option-shaktikanta-das/articleshow/89990311.cms,"``Recent geo-political developments have further aggravated the challenges and dilemmas for the central banks. Amidst these uncertainties, central banks have to find the optimal grounds with attendant communication challenges'' Das said at a conference speaking on ""Monetary Policy and Central Bank Communication "" at the National Defence College, New Delhi."
"RBI policy-driven euphoria to be short-lived, D-St to take cues from Q3 results, state polls",https://economictimes.indiatimes.comhttps://economictimes.indiatimes.com/markets/stocks/news/rbi-policy-driven-euphoria-to-be-short-lived-d-st-to-take-cues-from-q3-results-state-polls/articleshow/89482599.cms,"Though the intent of the RBI to support the recovery in the economy in the face of disruption due to Covid is commendable, economists will now fear whether the RBI will fall behind the curve, having maintained the easy monetary stance longer than most other central banks had"
A status quo on rates was RBI's best option in the current scenario: Mythili Bhusnurmath,https://economictimes.indiatimes.comhttps://economictimes.indiatimes.com/opinion/interviews/a-status-quo-on-rates-was-rbis-best-option-in-the-current-scenario-mythili-bhusnurmath/articleshow/50010434.cms,"""I don't think the RBI is wrong. The RBI’s policy of wait-and-watch is entirely in keeping with the uncertainty that we are seeing globally."""
Stock market falls further: Sensex down 792 pts post RBI move,https://economictimes.indiatimes.comhttps://economictimes.indiatimes.com/markets/stocks/news/rbi-policy-spooks-d-street-sensex-tanks-600-pts-nifty-below-10400/articleshow/66084645.cms,The rupee also breached the 74-mark against the dollar for first time after the policy.
"Sensex drops 70 points, Nifty slips below 12,000 ahead of RBI policy meet",https://economictimes.indiatimes.comhttps://economictimes.indiatimes.com/markets/stocks/news/sensex-drops-70-points-nifty-slips-below-12000-ahead-of-rbi-policy-meet/videoshow/69671104.cms,
Reserve Bank of India seen on hold as liquidity provides support,https://economictimes.indiatimes.comhttps://economictimes.indiatimes.com/news/economy/finance/reserve-bank-of-india-seen-on-hold-as-liquidity-provides-support/articleshow/59010745.cms,The RBI is still grappling with more than $60 billion in excess liquidity after the government’s crackdown on high-denomination notes last year.
Use any dip as a buying opportunity for short to long-term gain,https://economictimes.indiatimes.comhttps://economictimes.indiatimes.com/markets/stocks/news/use-any-dip-as-a-buying-opportunity-for-short-to-long-term-gain/articleshow/69719788.cms,"After fresh highs, the index witnessed strong selloff hinting some more pressure in near term."
"Sensex zooms 250 pts ahead of RBI policy outcome, Nifty above 11,350; bank stocks gain",https://economictimes.indiatimes.comhttps://economictimes.indiatimes.com/markets/stocks/news/sensex-zooms-250-pts-ahead-of-rbi-policy-outcome-nifty-above-11350-bank-stocks-gain/videoshow/71434092.cms,
RBI to mandate interoperability among prepaid payments instruments: Shaktikanta Das,https://economictimes.indiatimes.comhttps://economictimes.indiatimes.com/news/economy/policy/rbi-to-mandate-interoperability-among-prepaid-payments-instruments-shaktikanta-das/articleshow/81947534.cms,"Governor Shaktikanta Das on Wednesday said prepaid payments instruments (PPIs) were given the option to become interoperable, wherein customers of one company can send funds to customers of other PPIs or banks, in 2018 in cases where a full KYC is done."
"FM sees inflation staying around 7%, emphasises food supply-side reforms",https://economictimes.indiatimes.comhttps://economictimes.indiatimes.com/news/economy/indicators/fm-sees-inflation-staying-around-7-emphasises-food-supply-side-reforms/articleshow/12710536.cms,"FM has said urgent structural measures were required to address supply gap in food products, but inflation would remain within 6-7% range."
Indian bonds post biggest monthly dip since April 2024 on change in RBI policy stance,https://economictimes.indiatimes.comhttps://economictimes.indiatimes.com/markets/bonds/indian-bonds-post-biggest-monthly-dip-since-april-2024-on-change-in-rbi-policy-stance/articleshow/122161196.cms,"Indian government bonds tumbled in June, logging their biggest fall in 15 months, pressured by a shift of policy stance by the local central bank and higher crude oil prices following Iran-Israel strikes."
Transmission of this rate cut has to be a lot faster: Sachin Chaturvedi,https://economictimes.indiatimes.comhttps://economictimes.indiatimes.com/markets/expert-view/transmission-of-this-rate-cut-has-to-be-a-lot-faster-sachin-chaturvedi/articleshow/74843733.cms,"Three-month moratorium will help banks' re-assessment mechanisms, says Board Member, RBI."
"Sensex jumps 175 pts, Nifty reclaims 12,000 on fresh trade deal hopes",https://economictimes.indiatimes.comhttps://economictimes.indiatimes.com/markets/stocks/news/sensex-jumps-175-pts-nifty-reclaims-12000-on-fresh-trade-deal-hopes/articleshow/72366620.cms,Markets fluctuated between gains and losses as investors avoided long positions.
"Sensex falls 127 pts, Nifty below 12,000; market breadth worsens",https://economictimes.indiatimes.comhttps://economictimes.indiatimes.com/markets/stocks/news/sensex-drops-126-points-nifty-slips-below-12000-yes-bank-plunges-7/articleshow/72348172.cms,Market participants now await the RBI’s monetary policy review for further cues.
"RBI revises economic growth downwards, pegs it at 7.2% for FY23",https://economictimes.indiatimes.comhttps://economictimes.indiatimes.com/news/economy/indicators/rbi-revises-economic-growth-downwards-pegs-it-at-7-2-for-fy23/articleshow/90720178.cms,"The RBI, which has been stubbornly pro-growth, kept interest rates unchanged in the first monetary policy review of the current financial year. The stance has also been kept accommodative and any changes are expected only in the June policy review."
"RBI's rate status quo an appropriate move given global uncertainties: Sajjid Z Chinoy, JPMorgan",https://economictimes.indiatimes.comhttps://economictimes.indiatimes.com/opinion/interviews/rbis-rate-status-quo-an-appropriate-move-given-global-uncertainties-sajjid-z-chinoy-jpmorgan/articleshow/49993598.cms,"""We need to understand that the Fed looms large. It is going to be a very legitimate risk for all emerging markets including India."""
Top 10 rate-sensitive stocks to bet on post RBI money policy,https://economictimes.indiatimes.comhttps://economictimes.indiatimes.com/markets/stocks/news/top-10-rate-sensitive-stocks-to-bet-on-post-rbi-money-policy/articleshow/49995005.cms,A fall in interest rates will be a big booster for the banks as well as for the debt-laden companies. Most analysts expect up to 100 bps cut in repo rate over the next 12 months.
Rupee climbs 15 paise to 68.07 against dollar ahead of RBI monetary policy review,https://economictimes.indiatimes.comhttps://economictimes.indiatimes.com/markets/forex/rupee-climbs-15-paise-to-68-07-against-dollar-ahead-of-rbi-monetary-policy-review/articleshow/55827957.cms,Rupee opened nearly 12 paise up at 68.09 against dollar. The local currency on Monday settled almost flat with negative bias at 68.21 against the US dollar.
Decoding today's policy status quo: The factors at play behind RBI's rate decision,https://economictimes.indiatimes.comhttps://economictimes.indiatimes.com/news/economy/policy/decoding-todays-policy-status-quo-the-factors-at-play-behind-rbis-rate-decision/articleshow/79564916.cms,"As the excess liquidity seeps through the financial system to the economy, the central bank is raising the game on financial stability by barring dividend payouts by banks for last fiscal. The Monetary Policy Committee voted unanimously to keep rates unchanged and maintain the accommodative stance."
"RBI says economy to contract 7.5% for FY21, predicts growth to turn positive in second half",https://economictimes.indiatimes.comhttps://economictimes.indiatimes.com/news/economy/indicators/rbi-says-economy-to-contract-at-7-5-for-fy21-predicts-growth-to-turn-positive-in-second-half/articleshow/79559390.cms,"The second half of the fiscal year is expected to show positive growth, Shaktikanta Das said."
DBS focus: RBI views on liquidity; sees 25bp hike,https://economictimes.indiatimes.comhttps://economictimes.indiatimes.com/markets/stocks/news/dbs-focus-rbi-views-on-liquidity-sees-25bp-hike/articleshow/65225806.cms,The bank sees a 25 bp hike accompanied by a neutral stance triggering a small uptick in the 10-year yields.
RBI keeps rates unchanged but lowers inflation expectations in surprise move,https://economictimes.indiatimes.comhttps://economictimes.indiatimes.com/markets/stocks/news/rbi-keeps-rates-unchanged-but-lowers-inflation-expectations-in-surprise-move/articleshow/63627451.cms,The central bank forecast economic growth in the current year at 7.4 per cent.
Watch: ET headlines @ 4 PM,https://economictimes.indiatimes.comhttps://economictimes.indiatimes.com/et-now/daily/watch-et-headlines-4-pm/videoshow/51683290.cms,
RBI keeps boat steady with status quo; but is inflation maelstrom lurking?,https://economictimes.indiatimes.comhttps://economictimes.indiatimes.com/markets/stocks/news/rbi-keeps-boat-steady-with-status-quo-but-is-inflation-maelstrom-lurking/articleshow/88183562.cms,"The monetary policy statement that Das read out on Wednesday bore the marks of a central bank which, perhaps understandably, was weighed down by the unenviable task of pinpointing the least-disruptive juncture to inform markets that it was finally time to let go off the safety blanket of extraordinary accommodation."
"RBI may signal policy normalisation on October 8, Standard Chartered says",https://economictimes.indiatimes.comhttps://economictimes.indiatimes.com/news/economy/policy/rbi-may-signal-policy-normalisation-on-october-8-standard-chartered-says/articleshow/86681172.cms,The consensus view is that the RBI will leave interest rates unchanged at its Oct. 8 MPC meeting and only start to unwind its accommodative monetary policy by reducing the gap between the repo and reverse repo rates early next year.
RBI hikes key policy rate by 50 bps to tame prices,https://economictimes.indiatimes.comhttps://economictimes.indiatimes.com/markets/stocks/news/rbi-hikes-key-policy-rate-by-50-bps-to-tame-prices/articleshow/92093049.cms,The Reserve Bank of India (RBI) raised the key policy interest rate by half a percentage point as expected and signalled sustained monetary tightening to rein in inflation that's forecast to remain above the legally sanctioned upper tolerance level for the fiscal year.
India Inc expects sterner RBI measures on Nov 2: RBS survey,https://economictimes.indiatimes.comhttps://economictimes.indiatimes.com/news/economy/policy/india-inc-expects-sterner-rbi-measures-on-nov-2-rbs-survey/articleshow/6802923.cms,"A quarter of corporate India is expecting 0.25 per cent each hike in the mandatory CRR and the key policy rates by the RBI, says a survey."
"Are variable pay, incentives driving risky growth at NBFCs?",https://economictimes.indiatimes.comhttps://economictimes.indiatimes.com/industry/banking/finance/are-variable-pay-incentives-driving-risky-growth-at-nbfcs/articleshow/114075267.cms,"As India's NBFC sector grows rapidly, driving financial inclusion, some of these companies are taking risky paths to growth through exuberant lending and pushing credit growth through targets to employees."
MPC member Michael Patra dissents this time in favour of a rate hike,https://economictimes.indiatimes.comhttps://economictimes.indiatimes.com/markets/stocks/news/mpc-member-michael-patra-dissents-this-time-in-favour-of-a-rate-hike/articleshow/62819764.cms,The justification of the stance by Patra will be in public domain only on February 21.
Proposal for FPIs to play in rate swaps,https://economictimes.indiatimes.comhttps://economictimes.indiatimes.com/markets/stocks/news/proposal-for-fpis-to-play-in-rate-swaps/articleshow/63636917.cms,Move will help wean off business from abroad.
Surprisingly dovish MPC lights up Dalal Street,https://economictimes.indiatimes.comhttps://economictimes.indiatimes.com/markets/stocks/news/surprisingly-dovish-mpc-lights-up-dalal-street/articleshow/63637016.cms,"GDP growth is expected to hit 7.4 per cent, a big mark-up from 6.6 per cent in FY18."
"Farm loan waiver undermines honest credit culture, says Urjit Patel",https://economictimes.indiatimes.comhttps://economictimes.indiatimes.com/news/economy/policy/farm-loan-waiver-undermines-honest-credit-culture-says-urjit-patel/articleshow/58046894.cms,"UP government waived loans worth Rs 30,729 crore of 2.15 crore small and marginalised farmers who had taken crop loan up to Rs 1 lakh."
RBI announces slew of measures to drive growth of UPI-based payments,https://economictimes.indiatimes.comhttps://economictimes.indiatimes.com/news/economy/policy/rbi-announces-slew-of-measures-to-drive-growth-of-upi-based-payments/articleshow/102606052.cms,"The RBI proposed to facilitate offline transactions using Near Field Communication (NFC) technology on UPI-Lite. This feature will not only enable retail digital payments in situations where internet and telecom connectivity is weak or not available, it will also ensure speed, with minimal transaction declines."
Don't expect rate cuts before August monetary policy: Siddhartha Sanyal,https://economictimes.indiatimes.comhttps://economictimes.indiatimes.com/markets/expert-view/dont-expect-rate-cuts-before-august-monetary-policy-siddhartha-sanyal/articleshow/107516086.cms,"Well, on the growth front, one would have to give the RBI the benefit of doubt because the projections they have done of late have actually turned out to be true more often than not and there had been some upside surprise on growth numbers, at least at the headline level."
"RBI rate decision on expected lines: Niranjan Hiranandani, ASSOCHAM",https://economictimes.indiatimes.comhttps://economictimes.indiatimes.com/news/economy/policy/rbi-rate-decision-on-expected-lines-niranjan-hiranandani-assocham/articleshow/79563310.cms,Mr Hiranandan stated that the Reserve Bank of India needs to have a hawkish stance while looking at the inflation figures and try to taper it further in order to mitigate the supply-side pressure.
ETMarkets Special Podcast: Festival sales numbers will be more important than earnings,https://economictimes.indiatimes.comhttps://economictimes.indiatimes.com/markets/stocks/etmarkets-podcast/etmarkets-special-podcast-festival-sales-numbers-will-be-more-important-than-earnings/videoshow/71358600.cms,
External member Ravindra Dholakia again bats for a rate cut against the odds,https://economictimes.indiatimes.comhttps://economictimes.indiatimes.com/news/economy/policy/external-member-ravindra-dholakia-again-bats-for-a-rate-against-the-odds/articleshow/60938527.cms,"Ravindra Dholakia, a professor at Indian Institute of Management, Ahmedabad voted in favour of for a policy rate reduction of at least 25 basis points."
Market update: Sensex tanks over 200 points,https://economictimes.indiatimes.comhttps://economictimes.indiatimes.com/et-now/markets/market-update-sensex-tanks-over-200-points/videoshow/53614389.cms,
Raghuram Rajan warns against fake e-mails promising money in RBI's name,https://economictimes.indiatimes.comhttps://economictimes.indiatimes.com/news/economy/policy/raghuram-rajan-warns-against-fake-e-mails-promising-money-in-rbis-name/articleshow/53614774.cms,"He said that such e-mails are not from ""me and the RBI does not give out money directly to ordinary citizens, even though we print plenty of it""."
India rate cut is too close to call on CPI risks: Decision guide,https://economictimes.indiatimes.comhttps://economictimes.indiatimes.com/markets/stocks/news/india-rate-cut-is-too-close-to-call-on-cpi-risks-decision-guide/articleshow/77364766.cms,"Das has already led the Monetary Policy Committee in cutting interest rates by 115 basis points this year, taking the repurchase rate down to 4%, the lowest since it was introduced in 2000."
"Don't shock bond market with sudden hike in reverse repo ops, banks tell RBI",https://economictimes.indiatimes.comhttps://economictimes.indiatimes.com/markets/bonds/dont-shock-bond-market-with-sudden-hike-in-reverse-repo-ops-banks-tell-rbi/articleshow/84468866.cms,"In the recent past, the RBI, as the government's debt manager, has been known to have taken on board several suggestions made by the bond market in order to push through the borrowing programme."
Raghuram Rajan's 'rate-cut' talk cheer markets; Sensex rallies,https://economictimes.indiatimes.comhttps://economictimes.indiatimes.com/markets/stocks/news/raghuram-rajans-rate-cut-talk-cheer-markets-sensex-rallies/articleshow/39681389.cms,RBI Governor Raghuram Rajan assured investors in a press conference on Tuesday that there is still room to cut rates in the near future.
Experts see room for rate cuts in 2nd half of FY'17,https://economictimes.indiatimes.comhttps://economictimes.indiatimes.com/news/economy/policy/experts-see-room-for-rate-cuts-in-2nd-half-of-fy17/articleshow/53615456.cms,"The larger than average monsoon rainfall will help maintain moderate food price inflation, contributing to keeping headline inflation within or close to target this year, Moody's said."
"Currency war going on; if rupee declines, RBI won't put a stopper: Jayesh Mehta, BofA-Merrill Lynch",https://economictimes.indiatimes.comhttps://economictimes.indiatimes.com/opinion/interviews/currency-war-going-on-if-rupee-declines-rbi-wont-put-a-stopper-jayesh-mehta-bofa-merrill-lynch/articleshow/47512216.cms,"""They may move by 5-10 bps on either side. However, the bias is likely to be more on the downside."""
Money policy: Will RBI go for Shift Enter this time around?,https://economictimes.indiatimes.comhttps://economictimes.indiatimes.com/markets/stocks/news/money-policy-will-rbi-go-for-shift-enter-this-time-around/articleshow/64425830.cms,The RBI will have four key issues to contend with as it goes into the policy rate decision.
Monsoon holds the key to next policy rate cut as RBI pauses for now,https://economictimes.indiatimes.comhttps://economictimes.indiatimes.com/news/economy/policy/monsoon-holds-the-key-to-next-policy-rate-cut-as-rbi-pauses-for-now/articleshow/52633063.cms,The focus has now clearly shifted to monsoon as a normal ranfall could offset the inflationary pressure and create rooms for further rate cut.
India's inflation likely edged up to seven-month high in June,https://economictimes.indiatimes.comhttps://economictimes.indiatimes.com/news/economy/indicators/indias-inflation-likely-edged-up-to-seven-month-high-in-june/articleshow/84226773.cms,"While many of India's states have eased restrictions imposed to contain the coronavirus, supply-side disruptions remain and higher taxes on petroleum products continue to exert upward pressure on inflation."
Ombudsman scheme on anvil for PPI issuers,https://economictimes.indiatimes.comhttps://economictimes.indiatimes.com/industry/banking/finance/ombudsman-scheme-on-anvil-for-ppi-issuers/articleshow/71439466.cms,The internal Ombudsman is intended to facilitate a swift and cost-effective complaint redressal mechanism.
"Scope for more aggressive RBI rate cuts: Ravi Sehgal, EEPC",https://economictimes.indiatimes.comhttps://economictimes.indiatimes.com/markets/stocks/news/scope-for-more-aggressive-rbi-rate-cuts-ravi-sehgal-eepc/articleshow/71438767.cms,Exports have a major role to play in pushing the GDP growth and they must be given due support.
ETMarkets Special Podcast: Festival sales numbers will be more important than earnings,https://economictimes.indiatimes.comhttps://economictimes.indiatimes.com/markets/stocks/etmarkets-podcast/etmarkets-special-podcast-festival-sales-numbers-will-be-more-important-than-earnings/videoshow/71358600.cms,
Rupee climbs 15 paise to 68.07 against dollar ahead of RBI monetary policy review,https://economictimes.indiatimes.comhttps://economictimes.indiatimes.com/markets/forex/rupee-climbs-15-paise-to-68-07-against-dollar-ahead-of-rbi-monetary-policy-review/articleshow/55827957.cms,Rupee opened nearly 12 paise up at 68.09 against dollar. The local currency on Monday settled almost flat with negative bias at 68.21 against the US dollar.
"Don't shock bond market with sudden hike in reverse repo ops, banks tell RBI",https://economictimes.indiatimes.comhttps://economictimes.indiatimes.com/markets/bonds/dont-shock-bond-market-with-sudden-hike-in-reverse-repo-ops-banks-tell-rbi/articleshow/84468866.cms,"In the recent past, the RBI, as the government's debt manager, has been known to have taken on board several suggestions made by the bond market in order to push through the borrowing programme."
Experts see room for rate cuts in 2nd half of FY'17,https://economictimes.indiatimes.comhttps://economictimes.indiatimes.com/news/economy/policy/experts-see-room-for-rate-cuts-in-2nd-half-of-fy17/articleshow/53615456.cms,"The larger than average monsoon rainfall will help maintain moderate food price inflation, contributing to keeping headline inflation within or close to target this year, Moody's said."
Market update: Sensex tanks over 200 points,https://economictimes.indiatimes.comhttps://economictimes.indiatimes.com/et-now/markets/market-update-sensex-tanks-over-200-points/videoshow/53614389.cms,
Raghuram Rajan warns against fake e-mails promising money in RBI's name,https://economictimes.indiatimes.comhttps://economictimes.indiatimes.com/news/economy/policy/raghuram-rajan-warns-against-fake-e-mails-promising-money-in-rbis-name/articleshow/53614774.cms,"He said that such e-mails are not from ""me and the RBI does not give out money directly to ordinary citizens, even though we print plenty of it""."
Money policy: Will RBI go for Shift Enter this time around?,https://economictimes.indiatimes.comhttps://economictimes.indiatimes.com/markets/stocks/news/money-policy-will-rbi-go-for-shift-enter-this-time-around/articleshow/64425830.cms,The RBI will have four key issues to contend with as it goes into the policy rate decision.
India rate cut is too close to call on CPI risks: Decision guide,https://economictimes.indiatimes.comhttps://economictimes.indiatimes.com/markets/stocks/news/india-rate-cut-is-too-close-to-call-on-cpi-risks-decision-guide/articleshow/77364766.cms,"Das has already led the Monetary Policy Committee in cutting interest rates by 115 basis points this year, taking the repurchase rate down to 4%, the lowest since it was introduced in 2000."
Monsoon holds the key to next policy rate cut as RBI pauses for now,https://economictimes.indiatimes.comhttps://economictimes.indiatimes.com/news/economy/policy/monsoon-holds-the-key-to-next-policy-rate-cut-as-rbi-pauses-for-now/articleshow/52633063.cms,The focus has now clearly shifted to monsoon as a normal ranfall could offset the inflationary pressure and create rooms for further rate cut.
RBI policy will help regain economic growth momentum: Pranab Mukherjee,https://economictimes.indiatimes.comhttps://economictimes.indiatimes.com/news/economy/policy/rbi-policy-will-help-regain-economicampnbspgrowth-momentum-ampnbsppranab-mukherjee/articleshow/11130754.cms,"The RBI left interest rates on hold and said further rate increases may not be warranted, with future policy actions likely to respond to risks to growth."
RBI policy rate cuts to depend on inflation scene: C Rangarajan,https://economictimes.indiatimes.comhttps://economictimes.indiatimes.com/news/economy/policy/rbi-policy-rate-cuts-to-depend-on-inflation-scene-c-rangarajan/articleshow/12219144.cms,Rangarajan also said that present decision of cutting CRR by 75 basis points is an important step towards easing of the monetary policy.
"RBI's policy decision slightly negative for India equities, rupee: Nomura",https://economictimes.indiatimes.comhttps://economictimes.indiatimes.com/markets/stocks/news/rbis-policy-decision-slightly-negative-for-india-equities-rupee-nomura/articleshow/57056011.cms,According to Nomura expectations for a rate cut had built up after the government had stuck to its path of fiscal consolidation in a prudent (rather than a populist) budget.
Sensex starts on a cautious note ahead of RBI policy outcome,https://economictimes.indiatimes.comhttps://economictimes.indiatimes.com/markets/stocks/news/sensex-starts-on-a-cautious-note-ahead-of-rbi-policy-outcome/articleshow/57032816.cms,"The Nifty50 was trading mixed supported by gains in realty, power, oil & gas, consumer durable, and capital goods stocks."
RBI policy: Invest in accrual funds with a horizon of three years,https://economictimes.indiatimes.comhttps://economictimes.indiatimes.com/mf/analysis/rbi-policy-invest-in-accrual-funds-with-a-horizon-of-three-years/articleshow/57037693.cms,Most money market participants were hoping for a 25-basis-points cut as the system was awash with liquidity after the demonetisation drive.
RBI policy: Rate cut is not in focus this time around; something else is,https://economictimes.indiatimes.comhttps://economictimes.indiatimes.com/markets/stocks/news/rbi-policy-rate-cut-is-not-in-focus-this-time-around-something-else-is/articleshow/58022763.cms,Minutes from RBI’s February 7-8 policy review suggested that the central bank was worried about a slowdown in bank credit to industry.
"Bond market sheds worries after RBI policy, rupee steady",https://economictimes.indiatimes.comhttps://economictimes.indiatimes.com/markets/stocks/news/bond-market-sheds-worries-after-rbi-policy-rupee-steady/articleshow/62819378.cms,The benchmark bond yield dipped eight basis points to 7.52% pushing prices up in afternoon trade.
Market Now: Realty stocks rise ahead of RBI policy review,https://economictimes.indiatimes.comhttps://economictimes.indiatimes.com/markets/stocks/news/market-now-realty-stocks-rise-ahead-of-rbi-policy-review/articleshow/63622901.cms,The Nifty Realty index was trading 2.06 per cent up at 300 around 10:10 am (IST) with all components in the green.
"Call may track RBI policy stand, Re seen up",https://economictimes.indiatimes.comhttps://economictimes.indiatimes.com/markets/bonds/call-may-track-rbi-policy-stand-re-seen-up/articleshow/1502286.cms,"Call money rates ruled at around 7.75-8% last week. Demand remained modest despite a scheduled auction of Rs 5,000 crore and was adequately matched by available supplies. Consequently, call rates were steady."
"Rupee marginally stronger as eyes turn to RBI policy, US inflation",https://economictimes.indiatimes.comhttps://economictimes.indiatimes.com/markets/forex/rupee-marginally-stronger-as-eyes-turn-to-rbi-policy-us-inflation/articleshow/102573616.cms,The Indian rupee ended flat on Wednesday due to limited risk appetite as traders awaited cues from two key events on Thursday - the Reserve Bank of India's (RBI) monetary policy decision and consumer inflation print in the United States.
"Bond yields ease ahead of RBI policy, close at 7.55%",https://economictimes.indiatimes.comhttps://economictimes.indiatimes.com/markets/bonds/bond-yields-ease-ahead-of-rbi-policy-close-at-7-55/articleshow/5507173.cms,Bond yields eased on Wednesday but were off the day’s low as uncertainty on policy moves and profit booking surfaced in late trade.
Sensex ends 160 pts down after RBI policy meet,https://economictimes.indiatimes.comhttps://economictimes.indiatimes.com/et-now/markets/sensex-ends-160-pts-down-after-rbi-policy-meet/videoshow/19863878.cms,market.jpg
Rupee ends at 54.17 against dollar; RBI policy eyed,https://economictimes.indiatimes.comhttps://economictimes.indiatimes.com/et-now/commodities/rupee-ends-at-54-17-against-dollar-rbi-policy-eyed/videoshow/19040019.cms,Rupee_toi_1.jpg
India Inc hails RBI policy; hopes for further cut in future,https://economictimes.indiatimes.comhttps://economictimes.indiatimes.com/news/economy/policy/india-inc-hails-rbi-policy-hopes-for-further-cut-in-future/articleshow/19067652.cms,India Inc today welcomed the 0.25 per cent interest rate cut by the Reserve Bank saying it would help revive confidence of industry.
"Banks, real estate, auto stocks rally ahead of RBI policy",https://economictimes.indiatimes.comhttps://economictimes.indiatimes.com/markets/stocks/news/banks-real-estate-auto-stocks-rally-ahead-of-rbi-policy/articleshow/19058901.cms,"BSE Auto Index was trading 0.7 per cent higher, led by gains in Ashok Leyland which was up 1.3 pc, and Bajaj Auto which rose 1.6 pc."
Market update: Nifty moves higher after RBI policy meet,https://economictimes.indiatimes.comhttps://economictimes.indiatimes.com/et-now/markets/market-update-nifty-moves-higher-after-rbi-policy-meet/videoshow/24862959.cms,market-update.jpg
"Sensex, Nifty cautious ahead of RBI policy outcome, key earnings",https://economictimes.indiatimes.comhttps://economictimes.indiatimes.com/markets/stocks/news/sensex-nifty-cautious-ahead-of-rbi-policy-outcome-key-earnings/articleshow/70564750.cms,The RBI MPC will announce its third bi-monthly policy of the ongoing fiscal today.
RBI policy review: Raghuram Rajan faces calls to pull the trigger,https://economictimes.indiatimes.comhttps://economictimes.indiatimes.com/news/economy/policy/rbi-policy-review-raghuram-rajan-faces-calls-to-pull-the-trigger/articleshow/51687913.cms,Experts are expecting lower borrowing costs as the inflation trajectory is down and the govt has pledged to stay on the fiscal consolidation path.
RBI policy: Investors to benefit from falling interest rate regime,https://economictimes.indiatimes.comhttps://economictimes.indiatimes.com/markets/stocks/news/rbi-policy-investors-to-benefit-from-falling-interest-rate-regime/articleshow/100850325.cms,"The Reserve Bank of India (RBI) has kept interest rates on hold and maintained its stance to mitigate inflationary risks, at its latest monetary policy meeting. India's GDP growth forecast remained unchanged at 6.5%, with a marginal cut in CPI inflation from 5.2% to 5.1%. While some expected a change in the policy stance following the sharp fall in CPI inflation to 4.7% in April 2023, RBI MPC chose a wait-and-watch approach, conscious of global geopolitical uncertainty and potential El-Nino disruption to food inflation. The debt market outlook remains positive as rate easing expectations build up for the end of FY2024 locally and globally."
"RBI policy, Q2 GDP data to steer market this week",https://economictimes.indiatimes.comhttps://economictimes.indiatimes.com/markets/stocks/news/rbi-policy-q2-gdp-data-to-steer-market-this-week/articleshow/49957677.cms,"Nifty50 is likely to move towards 8,000 level this week as the bias is still on the upside. Traders should trade with strict stop losses."
Rupee gains 9 paise against dollar after RBI policy,https://economictimes.indiatimes.comhttps://economictimes.indiatimes.com/markets/forex/rupee-gains-9-paise-against-dollar-after-rbi-policy/articleshow/20628114.cms,The rupee strengthened 9 paise against the US dollar after the Reserve Bank of India's mid-quarter monetary policy announcement.
RBI policy to drive markets in a holiday-shortened week ahead,https://economictimes.indiatimes.comhttps://economictimes.indiatimes.com/markets/stocks/news/rbi-policy-to-drive-markets-in-a-holiday-shortened-week-ahead/articleshow/43707003.cms,The Reserve Bank of India's monetary policy review on Tuesday would set the tone for the stock market in a holiday-shortened week ahead.
RBI policy transmitted better via short-term rates: Study,https://economictimes.indiatimes.comhttps://economictimes.indiatimes.com/markets/stocks/news/rbi-policy-transmitted-better-via-short-term-rates-study/articleshow/67156202.cms,"Between August 2017 and May 2018, the yield on 10-year G-Secs increased by 140 bps."
"RBI's policy reflects 'very balanced approach', says Shaktikanta Das",https://economictimes.indiatimes.comhttps://economictimes.indiatimes.com/news/economy/policy/rbis-policy-reflects-very-balanced-approach-says-shaktikanta-das/articleshow/49997391.cms,"In its fifth bi-monthly policy statement for 2015-16, RBI has held policy rates and stuck to its GDP growth forecast of 7.4% for the current fiscal."
"Watch: Sensex, Nifty fall marginally ahead of RBI policy call",https://economictimes.indiatimes.comhttps://economictimes.indiatimes.com/markets/stocks/news/watch-sensex-nifty-fall-marginally-ahead-of-rbi-policy-call/videoshow/61931003.cms,
"Sensex rangebound, Nifty tests 7950 levels ahead of RBI policy",https://economictimes.indiatimes.comhttps://economictimes.indiatimes.com/markets/stocks/news/sensex-rangebound-nifty-tests-7950-levels-ahead-of-rbi-policy/articleshow/43868129.cms,"RBI monetary policy stance at its 4th bi-monthly policy review at 11:00 a.m., is likely to dictate near-term trend for the markets."
Focus now shifts to RBI's policy action after global tightening,https://economictimes.indiatimes.comhttps://economictimes.indiatimes.com/markets/stocks/news/focus-now-shifts-to-rbis-policy-action-after-global-tightening/articleshow/88351190.cms,"Bank of England's (BoE) surprise quarter-percentage-point interest rate hike on Thursday has put the focus on how the Reserve Bank of India will manage its transition towards normalisation of rates, as global central banks shift their focus for 2022 to inflation from growth."
RBI's policy normalisation may get delayed to April: Kaushik Das,https://economictimes.indiatimes.comhttps://economictimes.indiatimes.com/markets/expert-view/rbis-policy-rate-normalisation-may-get-delayed-to-april-kaushik-das/articleshow/88776109.cms,"'You will not get a broad-based kind of support the way we got in 2021 because we are learning to live with the virus. To some extent, people are adjusting their work ethics and how they run their businesses after having learnt in the last two years what kind of disruptions can happen'"
"Sensex shrugs off RBI policy action, down 192 pts",https://economictimes.indiatimes.comhttps://economictimes.indiatimes.com/markets/stocks/news/sensex-shrugs-off-rbi-policy-action-down-192-pts/articleshow/68722949.cms,The advance-decline ratio on BSE stood at around 2:3.
Rupee slumps 76 paise to 69.17 post RBI policy,https://economictimes.indiatimes.comhttps://economictimes.indiatimes.com/markets/forex/rupee-slumps-76-paise-to-69-17-post-rbi-policy/articleshow/68726733.cms,The rupee had surged by 33 paise to 68.41 against the US dollar Wednesday.
Markets are waiting for the first bi-monthly RBI Policy of FY20,https://economictimes.indiatimes.comhttps://economictimes.indiatimes.com/news/economy/policy/markets-are-waiting-for-the-first-bi-monthly-rbi-policy-of-fy20/videoshow/68717678.cms,
"Sensex pares losses post RBI policy, Nifty below 8550",https://economictimes.indiatimes.comhttps://economictimes.indiatimes.com/et-now/markets/sensex-pares-losses-post-rbi-policy-nifty-below-8550/videoshow/45345955.cms,
Pre-market: Nifty seen opening lower; RBI policy eyed,https://economictimes.indiatimes.comhttps://economictimes.indiatimes.com/markets/stocks/news/pre-market-nifty-seen-opening-lower-rbi-policy-eyed/articleshow/45342971.cms,"Tracking the momentum, the Nifty index is expected to retest its crucial psychological level of 8540-8550 in trade today."
Nifty ends below 50-DMA ahead of RBI policy meet,https://economictimes.indiatimes.comhttps://economictimes.indiatimes.com/et-now/markets/nifty-ends-below-50-dma-ahead-of-rbi-policy-meet/videoshow/27533370.cms,mkt-close.jpg
"Need to focus on growth, says Arvind Mayaram ahead of RBI policy",https://economictimes.indiatimes.comhttps://economictimes.indiatimes.com/news/economy/policy/need-to-focus-on-growth-says-arvind-mayaram-ahead-of-rbi-policy/articleshow/28702042.cms,"Ahead of the RBI's monetary policy review, Economic Affairs Secretary Arvind Mayaram has pitched for shifting the policy focus to growth as interest rates do not have a bearing on food inflation."
RBI policy actions won't kill growth: D Subbarao,https://economictimes.indiatimes.comhttps://economictimes.indiatimes.com/et-now/experts/rbi-policy-actions-wont-kill-growth-d-subbarao/videoshow/8186087.cms,321.jpg
RBI policy surprised more than minutes of MPC: Jahangir Aziz,https://economictimes.indiatimes.comhttps://economictimes.indiatimes.com/markets/expert-view/if-oil-prices-head-north-indian-economy-will-be-under-great-pressure-jahangir-aziz/articleshow/63844581.cms,"If one look at growth performance of India, the only real driver has unfortunately been oil prices."
RBI policy augurs well for return to high-growth path: Kochhar,https://economictimes.indiatimes.comhttps://economictimes.indiatimes.com/news/economy/indicators/rbi-policy-augurs-well-for-return-to-high-growth-path-kochhar/articleshow/4830823.cms,"Commitment to managing borrowing prog in a non-disruptive manner to mkts should give confidence, says ICICI. Gainers: BSE ( A, B ), NSE | Losers: BSE ( A, B ), NSE"
RBI policy measures won't rein in inflation: Montek Singh,https://economictimes.indiatimes.comhttps://economictimes.indiatimes.com/news/economy/policy/rbi-policy-measures-wont-rein-in-inflation-montek-singh/articleshow/6567793.cms,The Planning Commission on Thursday said there was no co-relation between key policy rates that the apex bank has raised and inflation.
Garment industry wants 3% interest subvention post RBI policy,https://economictimes.indiatimes.comhttps://economictimes.indiatimes.com/industry/cons-products/garments-/-textiles/garment-industry-wants-3-interest-subvention-post-rbi-policy/articleshow/48343333.cms,"""We were expecting some reduction in repo rate in the third bi-monthly monetary policy of 2015-16, but unfortunately it has not happened,"" A Shaktivel said."
RBI policy statement tomorrow; 25 bps rate cut likely,https://economictimes.indiatimes.comhttps://economictimes.indiatimes.com/et-now/policy/rbi-policy-statement-tomorrow-25-bps-rate-cut-likely/videoshow/59867098.cms,
"Bond yields ease, all eyes on RBI policy next week",https://economictimes.indiatimes.comhttps://economictimes.indiatimes.com/markets/bonds/bond-yields-ease-all-eyes-on-rbi-policy-next-week/articleshow/6516816.cms,"Bond yields and overnight indexed swap (OIS) rates on Tuesday eased mirroring US yields, on renewed worries about European banks' capital reform and the sector's recent stress test."
Interest rate sensitive stocks dip post RBI policy review,https://economictimes.indiatimes.comhttps://economictimes.indiatimes.com/markets/stocks/news/interest-rate-sensitive-stocks-dip-post-rbi-policy-review/articleshow/47516287.cms,"Interest-rate sensitive stocks witnessed heavy selling pressure today, falling up to 8%, after the RBI hinted that there may not be any more cuts in the near-term."
Rupee ends flat at 69.26 ahead of RBI policy decision,https://economictimes.indiatimes.comhttps://economictimes.indiatimes.com/markets/forex/rupee-ends-flat-at-69-26-ahead-of-rbi-policy-decision/articleshow/69652257.cms,The RBI's Monetary Policy Committee (MPC) is slated to announce its bi-monthly policy on Thursday.
Bankers to wait till RBI policy before taking call on rates,https://economictimes.indiatimes.comhttps://economictimes.indiatimes.com/news/economy/finance/bankers-to-wait-till-rbi-policy-before-taking-call-on-rates/articleshow/2960135.cms,Bankers on Thursday said they would assess the liquidity situation and wait till RBI's monetary policy before taking any decision on interest rates.
Raghuram Rajan went by majority opinion of advisors on RBI policy rate,https://economictimes.indiatimes.comhttps://economictimes.indiatimes.com/news/economy/policy/raghuram-rajan-went-by-majority-opinion-of-advisors-on-rbi-policy-rate/articleshow/46371798.cms,"In the 6th bi-monthly Monetary Policy Review announced on February 3, Rajan had kept the key policy (repo) rate unchanged at 7.75 per cent."
"Subbarao meets Manmohan Singh, Pranab ahead of RBI policy review",https://economictimes.indiatimes.comhttps://economictimes.indiatimes.com/news/economy/policy/subbarao-meets-manmohan-singh-pranab-ahead-of-rbi-policy-review/articleshow/12663395.cms,It is a standard practice for RBI Governor to discuss the state of economy with the Finance Minister before review of the monetary policy.
How Sensex moved in the last five RBI policy review meetings,https://economictimes.indiatimes.comhttps://economictimes.indiatimes.com/markets/stocks/news/how-sensex-moved-in-the-last-five-rbi-policy-review-meetings/articleshow/39620758.cms,Analysts polled by ET Now expect the rate cut cycle to begin next year. 60% of respondents expect the rate cut cycle to begin from Q4 FY15.
"Sensex slips ahead of RBI policy review, Fed hike talk",https://economictimes.indiatimes.comhttps://economictimes.indiatimes.com/markets/stocks/news/sensex-slips-ahead-of-rbi-policy-review-fed-hike-talk/articleshow/49145308.cms,Indian stock markets declined nearly a percent in a late selloff sparked by weak European markets triggered by hinted possible rate hike at the end of the year.
Market Now: Realty stocks up ahead of RBI policy outcome,https://economictimes.indiatimes.comhttps://economictimes.indiatimes.com/markets/stocks/news/market-now-realty-stocks-up-ahead-of-rbi-policy-outcomebrbr/articleshow/60934753.cms,Sobha was the only component of the Nifty Realty index that was trading in the red.
RBI policy action has to be nuanced; cannot be unidirectional: Shaktikanta Das,https://economictimes.indiatimes.comhttps://economictimes.indiatimes.com/news/economy/policy/rbi-policy-action-has-to-be-nuanced-cannot-be-unidirectional-shaktikanta-das/articleshow/85099790.cms,"The RBI retained the real GDP growth at 9.5 per cent in the current financial year. It has projected real GDP growth for Q1, Q2, Q3 and Q4 of FY'22 at 21.4 per cent, 7.3 per cent, 6.3 per cent and 6.1 per cent, respectively."
Sensex rallies ahead of RBI policy review; Nifty regains 7700,https://economictimes.indiatimes.comhttps://economictimes.indiatimes.com/markets/stocks/news/sensex-rallies-ahead-of-rbi-policy-review-nifty-regains-7700/articleshow/39665910.cms,"The 50-share Nifty index reclaimed its crucial psychological level of 7700, supported by gains in FMCG, pharma, auto, metal and power stocks."
Gold rises by nearly Rs 100 ahead of RBI policy meet,https://economictimes.indiatimes.comhttps://economictimes.indiatimes.com/markets/commodities/news/gold-rises-by-nearly-rs-100-ahead-of-rbi-policy-meet/articleshow/54670843.cms,"The average trading price on the day stood at Rs 30,663.24 per 10 gm. The price of spot gold stood at Rs 30,940 per 10 gm, according to MCX data."
"Dalal Street glued to India-Pakistan events, RBI policy action",https://economictimes.indiatimes.comhttps://economictimes.indiatimes.com/markets/stocks/news/dalal-street-glued-to-india-pakistan-events-rbi-policy-action/articleshow/54648891.cms,"“Markets could react negatively if there is no rate cut on Tuesday,” said Dharmesh Kant, head-retail research at Motilal Oswal Financial Services."
ETMarkets Special Podcast: Impact of RBI's policy decision on market and the economy,https://economictimes.indiatimes.comhttps://economictimes.indiatimes.com/markets/stocks/etmarkets-podcast/etmarkets-special-podcast-how-rbi-policy-decision-willimpact-market-and-the-economy/videoshow/60942142.cms,
"RBI policy on expected lines, may cut rates in future: bankers",https://economictimes.indiatimes.comhttps://economictimes.indiatimes.com/news/economy/policy/rbi-policy-on-expected-lines-may-cut-rates-in-future-bankers/articleshow/4035909.cms,"Stating the Reserve Bank's credit policy to be ""on expected lines"", bankers said the RBI could cut key policy rates and ratios in the months to come with demand for credit picking up and inflation remaining subdued."
"RBI policy, budget to drive market in near term: Avinnash Gorakssakar",https://economictimes.indiatimes.comhttps://economictimes.indiatimes.com/opinion/interviews/rbi-policy-budget-to-drive-market-in-near-term-avinnash-gorakssakar/articleshow/18032695.cms,"""In all probability, looking at the kind of inflation numbers which came in yesterday, my sense is a 25 bps cut is definitely expected."""
Goldman expects rate cut at RBI policy meeting on poor IIP,https://economictimes.indiatimes.comhttps://economictimes.indiatimes.com/news/economy/indicators/goldman-expects-rate-cut-at-rbi-policy-meeting-on-poor-iip/articleshow/3580818.cms,"Goldman Sachs says the probability of a rate cut at RBI’s Oct 24 policy meeting has increased, with India’s Industrial Production Index growth for August falling to a low of 1.3% and WPI inflation easing to 11.8 per cent."
"Rupee falls to 50.47, bonds gather steam on RBI policy",https://economictimes.indiatimes.comhttps://economictimes.indiatimes.com/markets/forex/rupee-falls-to-50-47-bonds-gather-steam-on-rbi-policy/articleshow/4432319.cms,"The bond rally picked up steam on Tuesday, with the yield on the benchmark 10-year bond rallying to a one and a half month low of 6.18%."
RBI Policy: Why are bond yields falling despite no rate cut?,https://economictimes.indiatimes.comhttps://economictimes.indiatimes.com/markets/stocks/news/rbi-policy-why-are-bond-yields-falling-despite-no-rate-cut/articleshow/53611893.cms,"Bond yields and prices move in the opposite direction. The benchmark was yielding at 7.13%, three basis points less than the level seen in early trades before policy announcement."
Bond market rally to continue after RBI policy: Devang Shah,https://economictimes.indiatimes.comhttps://economictimes.indiatimes.com/markets/stocks/news/rbi-delivered-more-than-expected-focus-on-growth-revival-comforting-devang-shah/videoshow/78577169.cms,
Market Now: Nifty Auto in red post RBI policy meet,https://economictimes.indiatimes.comhttps://economictimes.indiatimes.com/markets/stocks/news/market-now-nifty-auto-hits-new-high-ahead-of-rbi-policy-meet/articleshow/59876072.cms,"In the Nifty50 pack, 20 stocks were trading in the green, while 31 stocks were in the red."
Why the rupee hit 2-year high post RBI policy,https://economictimes.indiatimes.comhttps://economictimes.indiatimes.com/markets/stocks/news/why-the-rupee-hit-2-year-high-post-rbi-policy/articleshow/59885615.cms,"Rupee gained about 0.60 per cent or 38 paisa to close at 63.70, the level last seen on July 23 two years ago. RBI is believed to have intervened to curb the local unit’s sharp rise, dealers said."
Long term bond funds gain currency after RBI policy,https://economictimes.indiatimes.comhttps://economictimes.indiatimes.com/mf/analysis/long-term-bond-funds-gain-currency-after-rbi-policy/articleshow/59052792.cms,"If RBI cuts rates in the future, long-term bond funds should regain the lost spark once again. Should you bet on them?"
"Auto stocks cheer RBI policy outcome, gain nearly 1%",https://economictimes.indiatimes.comhttps://economictimes.indiatimes.com/markets/stocks/news/auto-stocks-cheer-rbi-policy-outcome-zoom-nearly-1/articleshow/59035167.cms,"Shares of Bharat Forge, Eicher Motors and Mahindra & Mahindra were among top gainers."
What should be your debt fund strategy after RBI policy?,https://economictimes.indiatimes.comhttps://economictimes.indiatimes.com/mf/analysis/what-should-be-your-debt-fund-strategy-after-rbi-policy/articleshow/59035109.cms,"RBI has kept repo rate unchanged in its second bi-monthly monetary policy review. Against this backdrop, what should debt mutual fund investors do?"
Pre-market: Nifty seen opening higher; RBI policy eyed,https://economictimes.indiatimes.comhttps://economictimes.indiatimes.com/markets/stocks/news/pre-market-nifty-seen-opening-higher-rbi-policy-eyed/articleshow/46831845.cms,It is likely that Reserve Bank of India will keep the key rates unchanged but may signal of easing their stance further.
Hawks take hold in India as RBI policy looks set to tighten,https://economictimes.indiatimes.comhttps://economictimes.indiatimes.com/markets/stocks/news/hawks-take-hold-in-india-as-rbi-policy-looks-set-to-tighten/articleshow/64379539.cms,The central bank may be set to tighten policy next week to keep inflation in check.
"RBI policy: No immediate hike in rates; but pressure remains, say bankers",https://economictimes.indiatimes.comhttps://economictimes.indiatimes.com/industry/banking/finance/banking/rbi-policy-no-immediate-hike-in-rates-but-pressure-remains-say-bankers/articleshow/7359747.cms,"Oriental Bank of Commerce Executive Director S C Sinha, said that banks may have to increase the rates in case credit offtake goes up."
"Currency traders, beware! RBI policy puts unhedged positions in trouble",https://economictimes.indiatimes.comhttps://economictimes.indiatimes.com/markets/forex/currency-traders-beware-rbi-policy-puts-unhedged-positions-in-trouble/articleshow/52634260.cms,"We may sell dollar in extreme volatility but dollar selling cannot be taken for granted, Rajan told reporters after announcing the bi-monthly credit policy."
Rupee opens 13 paise up ahead of RBI policy outcome,https://economictimes.indiatimes.comhttps://economictimes.indiatimes.com/markets/forex/rupee-opens-13-paise-up-ahead-of-rbi-policy-outcome/articleshow/77386179.cms,The expectation of an announcement of the stimulus package from the US kept the dollar under pressure.
India bonds rise tracking US peers; RBI policy in focus,https://economictimes.indiatimes.comhttps://economictimes.indiatimes.com/markets/bonds/india-bonds-rise-tracking-us-peers-rbi-policy-in-focus/articleshow/123086712.cms,"Indian government bonds saw a rise early Monday, fueled by an increase in U.S. Treasuries and anticipation of the RBI's upcoming rate decision. The 10-year bond yield decreased to 6.3366%. Experts predict the RBI will likely maintain current interest rates. Lower inflation and U.S."
RBI keeps policy rates unchanged. How will it impact your debt mutual funds?,https://economictimes.indiatimes.comhttps://economictimes.indiatimes.com/mf/analysis/rbi-keeps-policy-rates-unchanged-how-will-it-impact-your-debt-mutual-funds/articleshow/89470823.cms,The Reserve Bank of India on Thursday surprised the money market participants by keeping the rates unchanged in its policy review. The central bank kept repo rate unchanged at 4% for the 10th time in a row. The reverse repo rate has also been kept unchanged at 3.35%.
"Containing inflation RBI's primary focus:Chanda Kochhar, ICICI MD, CEO",https://economictimes.indiatimes.comhttps://economictimes.indiatimes.com/news/economy/policy/containing-inflation-rbis-primary-focuschanda-kochhar-icici-md-ceo/articleshow/8153287.cms,"While the RBI's policy stance could result in interest rates rising, it would help maintain financial stability, she said."
"Stock market update: Market turns cautious, but these stock trade higher",https://economictimes.indiatimes.comhttps://economictimes.indiatimes.com/markets/stocks/news/stock-market-update-market-turns-cautious-but-these-stock-trade-higher/articleshow/65224029.cms,Market turned cautious ahead of the RBI's policy meet outcome.
Rupee falls 7 paise to all-time closing low of 88.79 against US dollar,https://economictimes.indiatimes.comhttps://economictimes.indiatimes.com/markets/forex/rupee-falls-7-paise-to-all-time-closing-low-of-88-79-against-us-dollar/articleshow/124211699.cms,"The rupee settled at an all-time closing low of 88.79 against the US dollar, pressured by persistent foreign capital outflows and global risk-off sentiments. Investors remain concerned over trade uncertainties and US visa fee hikes, with the upcoming RBI policy meeting and US economic data expected to further influence its trajectory."
"RBI policy just a trigger, high valuations caused market fall: Sachin Shah, Emkay Investment Managers",https://economictimes.indiatimes.comhttps://economictimes.indiatimes.com/opinion/interviews/rbi-policy-just-a-trigger-high-valuations-caused-market-fall-sachin-shah-emkay-investment-managers/articleshow/47536926.cms,"""The valuations were running ahead of the time. The Q4 numbers did not actually support that. So, RBI policy was just a trigger."""
"GDP shocker & 7 other factors to decide Sensex, Nifty movement this week",https://economictimes.indiatimes.comhttps://economictimes.indiatimes.com/markets/stocks/news/gdp-shocker-7-other-factors-to-decide-sensex-nifty-movement-this-week/articleshow/115859077.cms,"Sensex and Nifty movements this week will be influenced by several factors, including weak Q2 GDP data, auto sales figures, FII selling trends, and the upcoming RBI meeting. Other key considerations include technical analysis, geopolitical tensions, global economic data points, and crude oil prices. Analysts expect market sideways movements for the next 6-12 months."
RBI needs to take the cue and cut rates aggressively: Sandip Sabharwal,https://economictimes.indiatimes.comhttps://economictimes.indiatimes.com/markets/expert-view/rbi-needs-to-take-the-cue-and-cut-rates-aggressively-sandip-sabharwal/articleshow/70530412.cms,"At Rs 2 lakh crore, it is the highest liquidity in the system ex demonetisation impact."
"No silver bullet, government working on rate transmission: Jayant Sinha",https://economictimes.indiatimes.comhttps://economictimes.indiatimes.com/news/economy/policy/no-silver-bullet-government-working-on-rate-transmission-jayant-sinha/articleshow/51698178.cms,"Sinha said that deposit growth has been a little slower than the past, but there is plenty of deposit in the system to finance projects."
Monetary policy: Time for the RBI to bite the bullet on interest rates?,https://economictimes.indiatimes.comhttps://economictimes.indiatimes.com/opinion/et-commentary/monetary-policy-is-it-time-for-the-rbi-to-bite-the-bullet-on-interest-rates/articleshow/86850026.cms,The RBI has been patient and optimistic about inflation so far. But the ripples of inflationary speculation are beginning to be felt in both the financial markets and industry. The bonds and the rupee have come under pressure because of the concerns about the detrimental impact of high energy prices on India's economic recovery and growth.
RBI hikes Repo rate by 35bps; what should be your mutual fund strategy?,https://economictimes.indiatimes.comhttps://economictimes.indiatimes.com/mf/analysis/rbi-hikes-repo-rate-by-35bps-what-should-be-your-mutual-fund-strategy/articleshow/96048422.cms,"This is the fifth rate hike by the central bank in this financial year. Prior to this, the RBI had raised the repo rate by 40 bps in May and 50 bps in June, August and September."
"Sensex takes winning run to 3rd day, surges 460 pts as investors cheer RBI policy; Nifty tops 17,600",https://economictimes.indiatimes.comhttps://economictimes.indiatimes.com/markets/stocks/news/sensex-takes-winning-run-to-3rd-day-surges-460-pts-as-investors-cheer-rbi-policy-nifty-tops-17600/videoshow/89478631.cms,
Politics and policy easing to hurt rupee: Poll,https://economictimes.indiatimes.comhttps://economictimes.indiatimes.com/markets/forex/politics-and-policy-easing-to-hurt-indian-rupee-poll/articleshow/68720567.cms,The rupee was the worst performing Asian currency last year but gained over 2 percent in March.
"RBI slashes repo rate by 25 bps, cuts FY20 GDP growth estimate to 7.2%",https://economictimes.indiatimes.comhttps://economictimes.indiatimes.com/markets/stocks/news/rbi-cuts-repo-rate-by-25-bps-stance-remains-neutral/articleshow/68717712.cms,This was a back-to-back rate cut by the new governor-headed committee.
Why RBI may deliver a non-action-packed money policy for bond wallahs,https://economictimes.indiatimes.comhttps://economictimes.indiatimes.com/markets/bonds/why-rbi-may-deliver-a-non-action-packed-money-policy-for-bond-wallahs/articleshow/83058492.cms,"From an economy perspective, high frequency indicators are currently presenting a mixed picture. While mobility and sentiment indicators have moderated, activity indicators are showing resilience."
Why RBI went against consensus and kept repo rate unchanged,https://economictimes.indiatimes.comhttps://economictimes.indiatimes.com/markets/stocks/news/why-rbi-went-against-consensus-and-kept-repo-rate-unchanged/articleshow/66084694.cms,The policy repo rate under the liquidity adjustment facility (LAF) unchanged at 6.5 per cent.
"Between now and December, another 25 bps hike in rates possible: Keki Mistry, HDFC",https://economictimes.indiatimes.comhttps://economictimes.indiatimes.com/markets/expert-view/between-now-and-december-another-25-bps-hike-in-rates-possible-keki-mistry-hdfc/articleshow/64479575.cms,"“If US raises rates faster and oil prices keep going higher, another hike can be expected.”"
"Gold could retest record highs as traders eye Powell's speech, RBI policy: Analysts",https://economictimes.indiatimes.comhttps://economictimes.indiatimes.com/markets/commodities/news/gold-could-retest-record-highs-as-traders-eye-powells-speech-rbi-policy-analysts/articleshow/125672062.cms,"Gold prices are poised to remain firm and could edge closer to record highs next week as investors await key US data, Federal Reserve Chair Jerome Powell's speech and the Reserve Bank of India's policy decision, analysts said"
"RBI policy meet, crude oil price among factors that may steer Nifty this week",https://economictimes.indiatimes.comhttps://economictimes.indiatimes.com/markets/stocks/news/rbi-policy-meet-crude-oil-price-among-factors-that-may-steer-nifty-this-week/articleshow/90619706.cms,"A select few companies will announce their March quarter numbers during the week but most of them are smaller ones. Meanwhile, traders will start positioning themselves for the earnings season that will pick pace when TCS declares its numbers on April 11."
ETMarkets Evening Podcast: How RBI policy move has changed D-Street outlook,https://economictimes.indiatimes.comhttps://economictimes.indiatimes.com/markets/stocks/etmarkets-podcast/et-markets-evening-podcast-how-rbi-policy-move-has-changed-d-street-outlook/videoshow/72387893.cms,
"Sensex gains 250 points, Nifty nears 11,400 ahead of RBI policy outcome",https://economictimes.indiatimes.comhttps://economictimes.indiatimes.com/markets/stocks/news/sensex-gains-250-points-nifty-nears-11400-ahead-of-rbi-policy-outcome/articleshow/71434198.cms,The Reserve Bank of India is set to deliver a fifth straight interest rate cut Friday.
"Don't expect much out of RBI's policy: MV Tanksale, Central Bank of India",https://economictimes.indiatimes.comhttps://economictimes.indiatimes.com/opinion/interviews/dont-expect-much-out-of-rbis-policy-mv-tanksale-central-bank-of-india/articleshow/19005803.cms,"We have already been given approval by Government of India with the capital support of Rs 2406 crore, says MV Tanksale"
Banking stocks may relatively outperform market ahead of RBI policy meet: Mehraboon Irani,https://economictimes.indiatimes.comhttps://economictimes.indiatimes.com/markets/stocks/recos/banking-stocks-may-relatively-outperform-market-ahead-of-rbi-policy-meet-mehraboon-irani/articleshow/49040910.cms,"Irani believes that in case the RBI maintains a status quo on policy rate on September 29, then we may see markets correcting further."
View: Does RBI policy signal a move towards a new equilibrium for yields?,https://economictimes.indiatimes.comhttps://economictimes.indiatimes.com/markets/stocks/news/view-does-rbi-policy-signal-a-move-towards-a-new-equilibrium-for-yields/articleshow/80705664.cms,"In our view, an accommodative stance does not imply the same level of systemic liquidity surplus and bond yields going forward."
"Sensex gains 130 points, Nifty above 17,400 ahead of RBI policy outcome",https://economictimes.indiatimes.comhttps://economictimes.indiatimes.com/markets/stocks/news/sensex-gains-130-points-nifty-above-17400-ahead-of-rbi-policy-outcome/videoshow/93361573.cms,
"Market week ahead: RBI policy meet, Gujarat polls among key events to track",https://economictimes.indiatimes.comhttps://economictimes.indiatimes.com/markets/stocks/news/market-week-ahead-rbi-policy-meet-gujarat-polls-among-key-events-to-track/articleshow/61900808.cms,Concerns over growing fiscal deficit and liquidity worries weighed on investor sentiment.
"Sensex, Nifty end in the red after choppy session; all eyes on RBI policy outcome",https://economictimes.indiatimes.comhttps://economictimes.indiatimes.com/markets/stocks/news/sensex-nifty-end-in-the-red-after-choppy-session-all-eyes-on-rbi-policy-outcome/articleshow/92037449.cms,"The 30-share pack Sensex settled 93 points lower at 55,675.32. Its broader peer, Nifty50, slipped to 16,570 levels. Traders are on tenterhooks as the Reserve Bank began its three-day monetary policy meeting to deliberate another round of rate hikes."
"RBI policy meeting, auto sales among key factors that may guide markets this week",https://economictimes.indiatimes.comhttps://economictimes.indiatimes.com/markets/stocks/news/rbi-policy-meeting-auto-sales-among-key-factors-that-may-guide-markets-this-week/articleshow/84939646.cms,"""The factors that have been at the core of market activity are the recent rise in virus cases indicating a probable revival in the near future, the Fed stance on monetary policy turning more foggy with higher inflation and better growth numbers, and the enhancement of Chinese regulatory oversight mainly on tech, and edu tech companies."""
"Home loans, FD interest rates, UPI for international travellers: RBI policy and your money",https://economictimes.indiatimes.comhttps://economictimes.indiatimes.com/wealth/web-stories/home-loans-fd-interest-rates-upi-for-international-travellers-rbi-policy-and-your-money/slideshow/97722891.cms,
Realtors' hail RBI policy; low interest rate on home loan to drive housing demand,https://economictimes.indiatimes.comhttps://economictimes.indiatimes.com/news/economy/policy/realtors-hail-rbi-policy-low-interest-rate-on-home-loan-to-drive-housing-demand/articleshow/89481011.cms,"Housing demand increased by around 50-70 per cent during the last calendar year across 7-8 major cities on various factors such as low interest rates on home loans, offers-freebies by builders and stable property prices in the last five years."
"Sensex ends 192 pts lower post RBI policy; Nifty settles at 11,598",https://economictimes.indiatimes.comhttps://economictimes.indiatimes.com/markets/stocks/news/sensex-ends-192-pts-lower-post-rbi-policy-nifty-settles-at-11598/videoshow/68723534.cms,
"Sensex at over 1-wk low, Nifty below 8,800 ahead of RBI policy",https://economictimes.indiatimes.comhttps://economictimes.indiatimes.com/markets/stocks/news/sensex-at-over-1-wk-low-nifty-below-8800-ahead-of-rbi-policy/articleshow/46095885.cms,"Profit-booking in recent outperformers, disappointing earnings from some bluechips and mixed global cues also weighed on the sentiment."
"Four PSU banks cut lending rate in line with RBI's policy, more to follow suit",https://economictimes.indiatimes.comhttps://economictimes.indiatimes.com/industry/banking/finance/banking/bank-of-india-uco-bank-cut-lending-rate-in-line-with-rbis-policy/articleshow/120129926.cms,"Four public sector banks—Punjab National Bank, Bank of India, Indian Bank, and UCO Bank—have announced a reduction of up to 35 basis points in their lending rates following the RBI's cut in the repo rate. Indian Bank's new rate is 8.70%, PNB’s is 8.85%, Bank of India’s is 8.85%, and UCO Bank's rate is 8.80%."
"RBI policy: Stick to short-term debt mutual funds, FMPs, say fund managers",https://economictimes.indiatimes.comhttps://economictimes.indiatimes.com/mf/mf-news/rbi-policy-stick-to-short-term-debt-mutual-funds-fmps-say-fund-managers/articleshow/65227595.cms,The RBI raised repo rate by 0.25 per cent in its policy review.
"RBI policy: debt mutual fund investors should brace for volatility, stick to 'safer' funds",https://economictimes.indiatimes.comhttps://economictimes.indiatimes.com/mf/analysis/rbi-policy-debt-mutual-fund-investors-brace-for-volatility-stick-to-short-duration-corporate-bond-funds/articleshow/73978309.cms,The Reserve Bank of India held key policy rates in its policy review today to keep the delicate balance between inflation management and revival of growth.
"RBI policy measures alone cannot contain inflation and improve growth: SC Sinha, OBC",https://economictimes.indiatimes.comhttps://economictimes.indiatimes.com/opinion/interviews/rbi-policy-measures-alone-cannot-contain-inflation-and-improve-growth-sc-sinha-obc/articleshow/14233576.cms,"The measures what RBI has taken now are welcome measures. However, everybody has to take some call and not RBI alone."
"RBI Policy: Impact of a zero rate cut, interoperability between prepaid payments instruments",https://economictimes.indiatimes.comhttps://economictimes.indiatimes.com/news/economy/policy/rbi-policy-impact-of-a-zero-rate-cut-interoperability-between-prepaid-payments-instruments/videoshow/81951087.cms,
RBI's policy articulation has shades of Fed and BoE with a pinch of desi touch,https://economictimes.indiatimes.comhttps://economictimes.indiatimes.com/markets/stocks/news/rbis-policy-articulation-has-shades-of-fed-and-boe-with-a-pinch-of-desi-touch/articleshow/81954481.cms,"“The market has drawn comfort from it as the central bank for the first time announced an asset purchase programme along with a counterbalance, a combination of which helps synchronize shorter duration rates with long term yields while balancing liquidity in the system.”"
Market Watch: How the RBI policy outcome can impact real estate & auto stocks,https://economictimes.indiatimes.comhttps://economictimes.indiatimes.com/markets/stocks/etmarkets-podcast/market-watch-how-the-rbi-policy-outcome-can-impact-real-estate-auto-stocks/videoshow/79568360.cms,
How Urjit Patel has proved to be a silent yet effective communicator of RBI policies,https://economictimes.indiatimes.comhttps://economictimes.indiatimes.com/industry/banking/finance/banking/how-urjit-patel-has-proved-to-be-a-silent-yet-effective-communicator-of-rbi-policies/articleshow/60382452.cms,"To be fair to Urjit Patel, one would argue that it is extremely difficult for anybody coming after someone like Rajan because of the IMF economist’s stature."
RBI reminding of Sunil Gavaskar: Nilesh Shah after Shaktikanta Das' announcement,https://economictimes.indiatimes.comhttps://economictimes.indiatimes.com/markets/stocks/news/rbi-reminding-of-sunil-gavaskar-nilesh-shah-after-shaktikanta-das-announcement/articleshow/100841398.cms,"Nilesh Shah, MD of Kotak Mahindra Asset Management Company, compared RBI Governor Shaktikanta Das to opening batsman Sunil Gavaskar for standing without fear in front of a challenging global environment. The RBI is balancing growth and inflation, said Shah. The Indian market would be pleasantly surprised if GDP growth for FY24 came in line with RBI expectations of 6.5%, he added. Meanwhile, at the three-day meeting of RBI’s monetary policy committee, the decision was unanimously made to keep the policy rate unchanged at 6.50%."
"With inflation a concern, high bond yields risk costlier financing; how will RBI navigate?",https://economictimes.indiatimes.comhttps://economictimes.indiatimes.com/markets/stocks/news/with-inflation-a-concern-high-bond-yields-risk-costlier-financing-how-will-rbi-navigate/videoshow/89451126.cms,
RBI keeps policy rate unchanged for 7th time in a row; repo retained at 4%,https://economictimes.indiatimes.comhttps://economictimes.indiatimes.com/news/economy/policy/rbi-keeps-policy-rate-unchanged-for-7th-time-in-a-row-repo-retained-at-4/videoshow/85091926.cms,
RBI to infuse Rs 3.74 lakh cr liquidity into financial system,https://economictimes.indiatimes.comhttps://economictimes.indiatimes.com/news/economy/policy/rbi-to-infuse-rs-3-74-lakh-cr-liquidity-into-financial-system/videoshow/74842542.cms,
Retail inflation likely to stay negative excluding gold; RBI faces policy dilemma: Report,https://economictimes.indiatimes.comhttps://economictimes.indiatimes.com/news/economy/indicators/retail-inflation-likely-to-stay-negative-excluding-gold-rbi-faces-policy-dilemma-report/articleshow/125343831.cms,"India's retail inflation, excluding gold, is predicted to stay negative for two more months. This low inflation environment, alongside strong GDP growth, poses a significant challenge for the Reserve Bank of India. The central bank must carefully balance supporting economic expansion with managing price stability. Upcoming economic data will guide future policy decisions."
Inflation may again play spoilsport in RBI's April 6 review meet,https://economictimes.indiatimes.comhttps://economictimes.indiatimes.com/wealth/personal-finance-news/inflation-may-again-play-spoilsport-in-rbis-april-6-review-meet/articleshow/57671806.cms,"The increase in prices may weaken the case for an immediate interest rate cut by the Central bank, which had kept the lending rates unchanged at the last review."
RBI Governor Urjit Patel nudges banks to reduce lending rates,https://economictimes.indiatimes.comhttps://economictimes.indiatimes.com/industry/banking/finance/banking/rbi-governor-urjit-patel-nudges-banks-to-reduce-lending-rates/articleshow/57096324.cms,"Earlier this week, RBI retained the repo rate, at which it lends to the system, at 6.25 per cent and the reverse repo rate at 5.75 per cent."
"Budget 2017 an economic management failure, says P Chidambaram",https://economictimes.indiatimes.comhttps://economictimes.indiatimes.com/news/politics-and-nation/budget-2017-an-economic-management-failure-says-p-chidambaram/articleshow/57070635.cms,"Through the year, especially 2016 calendar year, or, 2016-17 financial year, you made a series of mistakes, capped by the most terrible mistake in India’s economic history, and, that is, demonetisation, said P Chidambaram to the goverment."
Self-inflicted losses of India's debt funds,https://economictimes.indiatimes.comhttps://economictimes.indiatimes.com/mf/analysis/self-inflicted-losses-of-indias-debt-funds/articleshow/57122787.cms,Investors made massive losses when the RBI monetary policy was announced.
"It makes sense for RBI to focus on inflation: Abheek Barua, HDFC Bank",https://economictimes.indiatimes.comhttps://economictimes.indiatimes.com/markets/expert-view/rbi-credit-policy-it-makes-sense-for-rbi-to-emphasise-on-inflation-abheek-barua-chief-economist-hdfc-bank/articleshow/58047437.cms,"""Given that the RBI’s avatar of neutral stance has shaped up in a particular way, it is consistent with what it has done in the policy,"" Abheek Barua, Chief Economist, HDFC Bank said."
Good news for borrowers. RBI says there is scope for banks to lower rates,https://economictimes.indiatimes.comhttps://economictimes.indiatimes.com/industry/banking/finance/banking/good-news-for-borrowers-rbi-says-there-is-scope-for-banks-to-lower-rates/articleshow/58047104.cms,"This is second consecutive time that in a policy statement, Urjit Patel has said that there is a need to lower lending rates."
Opening Bell: Top cues that changed your market while you were sleeping,https://economictimes.indiatimes.comhttps://economictimes.indiatimes.com/markets/stocks/news/opening-bell-top-cues-that-changed-your-market-while-you-were-sleeping/articleshow/57982068.cms,These are among the questions investors will be seeking answers to as they kick off a new trading week on Monday.
"RBI hiking rates in succession goes against its own stance: Abheek Barua, HDFC Bank",https://economictimes.indiatimes.comhttps://economictimes.indiatimes.com/markets/expert-view/rbi-hiking-rates-in-succession-goes-against-claims-of-neutrality-abheek-barua-hdfc-bank/articleshow/65228523.cms,“RBI is very keen to prevent rupee depreciation beyond a point”
Governor Patel blames multiple taxes for subdued investments,https://economictimes.indiatimes.comhttps://economictimes.indiatimes.com/markets/stocks/news/governor-patel-blames-multiple-taxes-for-subdued-investments/articleshow/62829707.cms,"“Taxation on capital in India is from several sources and at marginal rate it adds up."""
Want to know how money works? RBI is preparing to tell you all,https://economictimes.indiatimes.comhttps://economictimes.indiatimes.com/news/economy/policy/want-to-know-how-money-works-rbi-is-preparing-to-tell-you-all/articleshow/63627930.cms,"As more and more Indians enter the mainstream financial fold, they need to know how the financial system works and where they fit into it."
RBI needs to continue tightening policy: HSBC,https://economictimes.indiatimes.comhttps://economictimes.indiatimes.com/markets/stocks/news/rbi-needs-to-continue-tightening-policy-hsbc/articleshow/99252901.cms,"HSBC, which expects the RBI to announce a 25-basis-point rate increase at its next policy statement Thursday, said that an end to the cycle of hardening rates now would be akin to stopping a few meters before the finish line at a marathon. The repo rate is currently at 6.50%."
RBI Governor Shaktikanta Das encounters old foes in new term at India’s central bank,https://economictimes.indiatimes.comhttps://economictimes.indiatimes.com/news/economy/policy/rbi-governor-shaktikanta-das-encounters-old-foes-in-new-term-at-indias-central-bank/articleshow/88184398.cms,"Das’s colleague on the panel, Jayanth R. Varma has dissented against the Reserve Bank of India’s lower-for-longer stance to boost growth, which he said is creating an “erroneous perception” that policy makers were no longer serious about fighting inflation -- which was cemented into law in 2016 as monetary policy’s primary objective."
Barclays’ Bajoria says a lot of inflation risks priced in now,https://economictimes.indiatimes.comhttps://economictimes.indiatimes.com/markets/expert-view/barclays-bajoria-says-a-lot-of-inflation-risks-priced-in-now/articleshow/85587421.cms,"“We think we are likely to see an undershooting of the inflation forecast. In our tracker we had come out with a number of 5.5% for the month of August, obviously it is still a bit early but price trends are indicating that it is not going to be closer to 6%.”"
"India's forex reserves soar to $599.53 bln, highest since early June",https://economictimes.indiatimes.comhttps://economictimes.indiatimes.com/news/economy/finance/indias-forex-reserves-soar-to-599-53-bln-highest-since-early-june/articleshow/100358232.cms,"India's foreign exchange reserves experienced a continuous increase for the third week in a row, reaching $599.53 billion as of May 12. This level represents the highest amount since early June, according to the Reserve Bank of India's statistical supplement released on Friday. The reserves saw a rise of $3.55 billion compared to the previous week, following a total increase of $11.7 billion over the preceding two weeks. To prevent significant fluctuations in the rupee, the central bank intervenes in both the spot and forwards markets. The changes in foreign exchange reserves can also be influenced by gains or losses in valuation."
"As Nifty trades at make-or-break level, will RBI Das play the good or bad cop for D-Street?",https://economictimes.indiatimes.comhttps://economictimes.indiatimes.com/markets/stocks/news/as-nifty-trades-at-make-or-break-level-will-rbi-das-play-the-good-or-bad-cop-for-d-street/articleshow/104174774.cms,"The market correction had nothing to do with the monetary policy, and was rather a reflection of the weak global sentiment."
RBI proposes changes in wilful defaulter norms,https://economictimes.indiatimes.comhttps://economictimes.indiatimes.com/news/economy/policy/rbi-proposes-changes-in-wilful-defaulter-norms/articleshow/103842121.cms,"The Reserve Bank of India (RBI) has proposed tighter norms for the treatment of wilful defaulters, requiring banks and lenders to examine all accounts with outstanding amounts of Rs 25 lakh and more to identify deliberate non-repayment of loans. The draft Master Direction on Treatment of Wilful Defaulters and Large Defaulters also expands the definition of wilful default and mandates a review process within six months of an account being classified as a non-performing asset."
Monetary policy tight enough to restrict food inflation spread: MPC member Jayanth Varma,https://economictimes.indiatimes.comhttps://economictimes.indiatimes.com/news/economy/indicators/monetary-policy-tight-enough-to-restrict-food-inflation-spread-mpc-member-jayanth-varma/articleshow/103072997.cms,"Jayanth Varma, an external member of the Monetary Policy Committee (MPC), believes that the current phase of high inflation in India will be limited to a few months as monetary policy is tight enough to prevent food price shocks from causing broader price pressures. However, he also highlights the risk of slower global growth impacting India's economy."
"Rupee, bond prices fall after RBI rate cut",https://economictimes.indiatimes.comhttps://economictimes.indiatimes.com/markets/forex/rupee-bond-prices-fall-after-rbi-rate-cut/articleshow/71437091.cms,There is an inverse relationship between bond prices and yield.
"Tech View: Bearish candles on daily, weekly charts signalling negative bias",https://economictimes.indiatimes.comhttps://economictimes.indiatimes.com/markets/stocks/news/tech-view-bearish-candles-on-daily-weekly-charts-signalling-negative-bias/articleshow/71441327.cms,Nifty50 has engulfed 50 per cent of the gains recorded on September 20 and 23.
RBI cuts repo rate by 25 bps: Full text of 4th bimonthly policy statement for FY20,https://economictimes.indiatimes.comhttps://economictimes.indiatimes.com/markets/stocks/news/rbi-cuts-repo-rate-by-25-bps-full-text-of-4th-bimonthly-policy-statement-for-fy20/articleshow/71436164.cms,Here's the full text of the fourth Monetary Policy Statement of the RBI.
Auto stocks jump on RBI rate cut; Ashok Leyland up 3%,https://economictimes.indiatimes.comhttps://economictimes.indiatimes.com/markets/stocks/news/auto-stocks-jump-on-rbi-rate-cut-ashok-leyland-up-3/articleshow/71437618.cms,"Hero Moto, MRF, Apollo Tyres, Eicher Motors and Maruti Suzuki were other gainers."
‘Expect cut of 25 bps in RBI’s next policy’,https://economictimes.indiatimes.comhttps://economictimes.indiatimes.com/et-now/policy/expect-cut-of-25-bps-in-rbis-next-policy/videoshow/51524089.cms,
Targeting 1 million CBDC users by June end: RBI,https://economictimes.indiatimes.comhttps://economictimes.indiatimes.com/news/economy/finance/targeting-1-million-cbdc-users-by-june-end-rbi/articleshow/100852272.cms,"While it has no specific date in mind for a full-fledged launch of the CBDC, the central bank will take a measured approach, it said. The RBI also has plans to make the united payments interface (UPI) platform fully interoperable with the CBDC."
Forensic audit on PMC scam expected by month-end: Shaktikanta Das,https://economictimes.indiatimes.comhttps://economictimes.indiatimes.com/industry/banking/finance/banking/forensic-audit-on-pmc-scam-expected-by-month-end-shaktikanta-das/articleshow/72381654.cms,"""There is a forensic audit underway. We will get the report by the end of this month. Assessment of the realisable value of the assets of the bank is also on,"" Das told reporters after the announcement of the monetary policy."
Flagged our concerns on high petrol taxes; up to govt to take decision: RBI Governor,https://economictimes.indiatimes.comhttps://economictimes.indiatimes.com/industry/energy/oil-gas/flagged-our-concerns-on-high-petrol-taxes-up-to-govt-to-take-decision-rbi-governor/articleshow/86865098.cms,"Das, who had earlier flagged the issue publicly for the second consecutive time in as many policy announcements, said that the government has acted on other supply side issues like pulses and edible oils."
Gilts slump as RBI stops bond buying,https://economictimes.indiatimes.comhttps://economictimes.indiatimes.com/markets/bonds/gilts-slump-as-rbi-stops-bond-buying/articleshow/86860461.cms,"The paper touched a high of 6.31% today and was last at 6.29%, two basis points higher than previous close. Bond prices and yields move inversely."
MPC minutes hint at more rate hikes soon,https://economictimes.indiatimes.comhttps://economictimes.indiatimes.com/markets/stocks/news/mpc-minutes-hint-at-more-rate-hikes-soon/articleshow/91653757.cms,"Price stability became top priority for the Reserve Bank of India (RBI), with inflation risks becoming more pronounced since the Monetary Policy Committee's (MPC) last scheduled meeting in April and trumping concerns over broader economic growth, the latest minutes of the MPC published Wednesday showed."
RBI to be less accommodative during the December policy meet,https://economictimes.indiatimes.comhttps://economictimes.indiatimes.com/news/economy/policy/rbi-to-be-less-accommodative-during-the-december-policy-meet/articleshow/87870171.cms,"To start with, it may raise reverse repo rates by a token 25 basis points or bps when the MPC meets next month."
India MPC needs to be watchful on inflation even as it picks growth: Minutes,https://economictimes.indiatimes.comhttps://economictimes.indiatimes.com/news/economy/policy/india-mpc-needs-to-be-watchful-on-inflation-even-as-it-picks-growth-minutes/articleshow/83638269.cms,"""To maintain and enhance this credibility, the MPC needs to remain data driven so that it can respond rapidly and adequately to any unforeseen shocks that may arise in future,"" MPC member Jayant Varma said."
"In current times, monetary and fiscal policies cannot be a 'question of either or': Shaktikanta Das",https://economictimes.indiatimes.comhttps://economictimes.indiatimes.com/news/economy/policy/in-current-times-monetary-and-fiscal-policies-cannot-be-a-question-of-either-or-shaktikanta-das/articleshow/89483323.cms,"To a query on whether the central bank has fallen behind the curve of its peers, Das said, ""we are very clear of our stance and our assessment is very much in sync with our evolving domestic situation which is very different from those central banks which have abandoned loose money policies."
RBI likely to leave policy rates unchanged till April: Report,https://economictimes.indiatimes.comhttps://economictimes.indiatimes.com/news/economy/policy/rbi-likely-to-leave-policy-rates-unchanged-till-april-report/articleshow/89344938.cms,"Striking a different note from its peers, US brokerage Bank of America Securities has maintained that the Reserve Bank will leave rates unchanged next week, recognising growth-focused and capex-driven fiscal expansion, which though poses huge price pressure and interest rate risks later"
From Shaktikanta to Shaktimaan: Guv just gave India 11 big shots in the arm,https://economictimes.indiatimes.comhttps://economictimes.indiatimes.com/news/economy/policy/from-shaktikanta-to-shaktimaan-guv-just-gave-india-11-big-shots-in-the-arm/articleshow/68720612.cms,"Ther were 11 clearly demarcated heads in all, which may alter India's big picture on liquidity."
RBI Governor will make a mistake if he doesn’t cut rates by February: Abheek Barua,https://economictimes.indiatimes.comhttps://economictimes.indiatimes.com/opinion/interviews/rbi-governor-will-make-a-mistake-if-he-doesnt-cut-rates-by-february-abheek-barua/articleshow/45345742.cms,"'Though, an incremental rate cut may not have immediate impact, it would have signalled some comfort from a macroeconomic perspective,' says Abheek Barua."
"Don’t expect huge credit pick up even after a rate cut: VG Kannan, SBI",https://economictimes.indiatimes.comhttps://economictimes.indiatimes.com/opinion/interviews/dont-expect-huge-credit-pick-up-even-after-a-rate-cut-vg-kannan-sbi/articleshow/45345411.cms,"Even if he actually reduces interest rates, I do not actually visualise a huge credit pick up."
"RBI panel to review trading, settlement timings across various market segments",https://economictimes.indiatimes.comhttps://economictimes.indiatimes.com/markets/stocks/news/rbi-panel-to-review-trading-settlement-timings-across-various-market-segments/articleshow/118003541.cms,"RBI Governor Sanjay Malhotra announced the formation of a panel to review trading and settlement timings for markets regulated by the central bank. The decision follows a three-day Monetary Policy Committee (MPC) meeting. The working group, with stakeholder representation, will assess recent developments in financial markets and submit its report by April 30th."
"We don't buy into RBI's Goldilocks economy thesis: Andrew Holland, CEO, Avendus Capital Alternate Strategies",https://economictimes.indiatimes.comhttps://economictimes.indiatimes.com/markets/expert-view/we-dont-buy-into-rbis-goldilocks-economy-thesis/articleshow/63845758.cms,"PSU banks are a tough nut to crack, says Andrew Holland."
India's FY19 growth to moderate after strong start: Report,https://economictimes.indiatimes.comhttps://economictimes.indiatimes.com/news/economy/indicators/indias-fy19-growth-to-moderate-after-strong-start-report/articleshow/65671121.cms,The report further noted that upcoming elections (states and general polls) also add to the uncertainties for the investment community.
Q&A with RBI: We may be heading for a currency war,https://economictimes.indiatimes.comhttps://economictimes.indiatimes.com/markets/stocks/news/world-probably-at-the-start-of-a-currency-war-rbi-governor/articleshow/65227883.cms,Most of the projections made are against the backdrop of balanced risks.
RBI move in line with market hopes; may prompt hike in Jan: Experts,https://economictimes.indiatimes.comhttps://economictimes.indiatimes.com/news/economy/policy/rbi-move-in-line-with-market-hopes-may-prompt-hike-in-jan-experts/articleshow/7112836.cms,"Welcoming the Reserve Bank's step of keeping the key policy rates unchanged, analysts said the measures were in line with market expectations and anticipated a hike in rates in January."
"RBI cuts SLR rate; to infuse Rs 48,000 cr on cash crunch",https://economictimes.indiatimes.comhttps://economictimes.indiatimes.com/news/economy/policy/rbi-cuts-slr-rate-to-infuse-rs-48000-cr-on-cash-crunch/articleshow/7111106.cms,"RBI cut SLR rate, which is a requirement for banks to keep portion of their deposits in government securities, cash and gold, by one 1% to 24% from 25%."
Relief for pandemic-hit external commercial borrowers who failed to utilise proceeds,https://economictimes.indiatimes.comhttps://economictimes.indiatimes.com/news/economy/policy/relief-for-pandemic-hit-external-commercial-borrowers-who-failed-to-utilise-proceeds/articleshow/81948221.cms,"The unutilised external commercial borrowing proceeds drawn down on or before March 1, 2020, can be parked in term deposits with AD category-I banks in India prospectively up to March 1, 2022, the RBI said in its policy meeting."
Economic recovery will have to precede credit recovery,https://economictimes.indiatimes.comhttps://economictimes.indiatimes.com/markets/expert-view/economic-rebound-will-accompany-credit-growth-sbi-md/articleshow/79566297.cms,"""The last two quarters have been extremely tough. The rebound will accompany credit growth,"" says Challa Sreenivasulu Setty, MD, SBI."
RBI's moratorium on loan EMIs: What we know so far,https://economictimes.indiatimes.comhttps://economictimes.indiatimes.com/industry/banking/finance/banking/rbis-moratorium-on-loan-emis-key-questions-answered/articleshow/74848152.cms,"The RBI today announced a bazooka for borrowers, giving them a three-month moratorium on loan repayment."
RBI cuts FY18 growth forecast to 6.7%; says adverse impact on mfg may delay investment revival,https://economictimes.indiatimes.comhttps://economictimes.indiatimes.com/news/economy/policy/rbi-cuts-fy18-growth-forecast-to-6-7-says-adverse-impact-on-mfg-may-delay-investment-revival/videoshow/60939743.cms,
RBI expects banks to soften lending rates even though it has kept policy rates unchanged,https://economictimes.indiatimes.comhttps://economictimes.indiatimes.com/wealth/personal-finance-news/rbi-expects-banks-to-soften-lending-rates-even-though-it-has-kept-policy-rates-unchanged/articleshow/72382422.cms,"The central bank is expecting higher monetary transmission since the share of base rate loans, which have remained largely sticky, has come down. The marginal cost-based floating rate loans, which have annual resets, have become due."
G-Sec trading spikes to year high on RBI’s lower inflation talk,https://economictimes.indiatimes.comhttps://economictimes.indiatimes.com/markets/bonds/how-rbi-policy-cheered-the-bond-market/articleshow/66958057.cms,"The benchmark bond yield fell 13 basis points Wednesday to close at 7.44%, the lowest level since April 13 this year."
RBI plans ‘umbrella organisation’ for urban cooperative banks,https://economictimes.indiatimes.comhttps://economictimes.indiatimes.com/industry/banking/finance/banking/indias-cooperative-banks-are-getting-a-brand-new-cover/articleshow/67881975.cms,The idea of setting up of UO for the UCB sector was first mooted in 2006.
Pranab Mukherjee against 49% cap on FDI in new banks,https://economictimes.indiatimes.comhttps://economictimes.indiatimes.com/news/economy/finance/pranab-mukherjee-against-49-cap-on-fdi-in-new-banks/articleshow/7777393.cms,"The finance ministry has opposed the RBI’s suggestion to restrict foreign direct investment in new banks to 49%, saying the change in norms will hurt investor sentiment."
RBI governor Subbarao sees scope to cut interest rates in 2012,https://economictimes.indiatimes.comhttps://economictimes.indiatimes.com/news/economy/policy/rbi-governor-subbarao-sees-scope-to-cut-interest-rates-in-2012/articleshow/15292569.cms,"RBI has scope to cut interest rates during this calendar year, Governor Duvvuri Subbarao said in a news conference after the central bank's policy review."
"17,000 on cards for Nifty! But a tricky week for traders ahead of RBI meet: Rahul Sharma",https://economictimes.indiatimes.comhttps://economictimes.indiatimes.com/markets/expert-view/17000-on-cards-for-nifty-but-a-tricky-week-for-traders-ahead-of-rbi-meet-rahul-sharma/articleshow/92022582.cms,"""With the RBI Policy & US inflation data scheduled to be released in the coming week, it should be a tricky week for traders. Friday’s session saw the unwinding of longs in the Nifty Futures (COI -5.2%) while Banknifty Futures saw the addition of shorts as COI was up 4.8%. However, if we breach 16,500, we may see Nifty testing 16,300 on the downside."""
"Stock market update: Sensex, Nifty tread higher; these stocks jump over 15%",https://economictimes.indiatimes.comhttps://economictimes.indiatimes.com/markets/stocks/news/stock-market-update-sensex-nifty-tread-higher-these-stocks-jump-over-15/articleshow/64474115.cms,Equity markets were up ahead of the RBI policy outcome scheduled for later in the day.
"Markets looking for cues from RBI policy, Budget: Nirmal Jain, IIFL",https://economictimes.indiatimes.comhttps://economictimes.indiatimes.com/opinion/interviews/markets-looking-for-cues-from-rbi-policy-budget-nirmal-jain-iifl/articleshow/12195060.cms,"We should look out for fiscal deficit, the underlying assumptions of which should be realistic and whether the government can muster some courage to control subsidies."
RBI's policy indicates it's time to shift to long-term bond funds,https://economictimes.indiatimes.comhttps://economictimes.indiatimes.com/mf/mf-news/rbis-policy-indicates-its-time-to-shift-to-long-term-bond-funds/articleshow/11160827.cms,"However, it's highly doubtful that a huge and sustained shift downwards is something that debt investors can count on."
RBI policy: 6 reasons why inflation may not ease anytime soon,https://economictimes.indiatimes.comhttps://economictimes.indiatimes.com/markets/stocks/news/rbi-policy-6-reasons-why-inflation-may-not-ease-anytime-soon/articleshow/62821118.cms,The proposed increase in a customs duty in Budget on a number of items may increase inflation.
Market Now: Auto stocks move up ahead of RBI policy meet,https://economictimes.indiatimes.comhttps://economictimes.indiatimes.com/markets/stocks/news/market-now-auto-stocks-move-up-ahead-of-rbi-policy-meet/articleshow/63607325.cms,"The Nifty Auto index was trading 1.84 per cent up at 11,359 around 10:45 am (IST)."
ETMarkets Investors' Guide: Omicron or inflation: What will drive RBI's policy decision?,https://economictimes.indiatimes.comhttps://economictimes.indiatimes.com/markets/stocks/etmarkets-podcast/etmarkets-investors-guide-omicron-or-inflation-what-will-drive-rbis-policy-decision/videoshow/88144563.cms,
RBI policy surprise: Should you change your mutual fund strategy?,https://economictimes.indiatimes.comhttps://economictimes.indiatimes.com/mf/analysis/rbi-policy-surprise-should-you-change-your-mutual-fund-strategy/articleshow/72380360.cms,"RBI today surprised everyone by keeping the policy rates unchanged, contrary to expectations of 15-25 bps cut."
Muthoot Finance counter sees huge bearish activity post RBI policy,https://economictimes.indiatimes.comhttps://economictimes.indiatimes.com/markets/stocks/news/muthoot-finance-counter-sees-huge-bearish-activity-post-rbi-policy/articleshow/77398198.cms,The open interest (OI) of the front month contract jumped 29% as its price tumbled almost 9% to Rs 1215.95 from the intraday high of 1332.5.
"Sensex, Nifty end at record closing high ahead of RBI policy decision",https://economictimes.indiatimes.comhttps://economictimes.indiatimes.com/markets/stocks/news/financials-and-it-stocks-power-sensex-nifty-to-record-close-ahead-of-rbi-policy-decision/articleshow/109035204.cms,"The 30-share BSE benchmark Sensex surged 351 points or 0.47% to settle at 74,228. The broader NSE Nifty gained 80 points or 0.36% to end at 22,515. High-weightage financials rose 0.8%, led by HDFC Bank, which gained 3% and hit its highest level since January 17, after posting sequential growth in deposits in the March quarter."
"RBI Policy: Repo rate left unchanged, “withdrawal of accommodation” stance retained",https://economictimes.indiatimes.comhttps://economictimes.indiatimes.com/markets/stocks/news/rbi-policy-repo-rate-left-unchanged-withdrawal-of-accommodation-stance-retained/articleshow/104202104.cms,"The monetary policy action was on the expected lines, and therefore, equities remained steady post the announcement. The Sensex was trading 324 points or 0.49% higher at 65,955.89, while the Nifty was steady above the 19,600 mark.. The Nifty Bank index also was trading 0.3% up at 44338.10 points."
"Rupee gains, tracking most Asian peers ahead of the RBI policy decision",https://economictimes.indiatimes.comhttps://economictimes.indiatimes.com/markets/forex/forex-news/rupee-gains-tracking-most-asian-peers-ahead-of-the-rbi-policy-decision/articleshow/116029813.cms,"The Indian rupee gained ground against the US dollar, rising to 84.6550 ahead of the Reserve Bank of India's (RBI) monetary policy decision. Analysts predict potential easing measures like a CRR reduction, but a surprise rate cut could weaken the rupee further. Regional peers also saw gains, while the US dollar softened ahead of key US jobs data."
RBI policy: Facing issues with UPI payment limits? RBI lifts caps,https://economictimes.indiatimes.comhttps://economictimes.indiatimes.com/wealth/personal-finance-news/rbi-policy-facing-issues-with-upi-payment-limits-rbi-lifts-caps/articleshow/105832806.cms,"The limits of UPI transactions for payments made to hospitals and educational institutes have been raised by five times from Rs 1 lakh to Rs. 5 lakh per transaction, enabling consumers to make higher amounts of UPI payments for education and healthcare purposes."
India bond yields end little changed before RBI policy minutes,https://economictimes.indiatimes.comhttps://economictimes.indiatimes.com/markets/bonds/india-bond-yields-end-little-changed-before-rbi-policy-minutes/articleshow/103030293.cms,"Local bonds have been tracking U.S. yields, but they have not fallen much as inflation worries continue to hurt,"" said Rajeev Pawar, head of treasury at Ujjivan Small Finance Bank"
Top ten rate sensitive stocks to buy post RBI policy review,https://economictimes.indiatimes.comhttps://economictimes.indiatimes.com/markets/stocks/news/top-ten-rate-sensitive-stocks-to-buy-post-rbi-policy-review/articleshow/19863531.cms,Any further movement in rate sensitive stocks will be more a function of their quarterly numbers and expected growth in future.
Rupee ends higher aided by mild inflows; RBI policy decision in focus,https://economictimes.indiatimes.comhttps://economictimes.indiatimes.com/markets/forex/forex-news/rupee-ends-higher-aided-by-mild-inflows-rbi-policy-decision-in-focus/articleshow/121646816.cms,"The Indian rupee closed modestly stronger on Thursday, lifted by mild dollar inflows as well as positive cues from gains in most Asian peers, while traders awaited the Reserve Bank of India's monetary policy decision on Friday."
ET View: RBI's policy review a victory for Rajan & good for the economy,https://economictimes.indiatimes.comhttps://economictimes.indiatimes.com/news/economy/policy/et-view-rbis-policy-review-a-victory-for-rajan-good-for-the-economy/articleshow/24893945.cms,Many things that RBI governor Raghuram Rajan did in his first full-fledged monetary policy review were unconventional.
Finance Minister voices rate cut hopes ahead of RBI policy review,https://economictimes.indiatimes.comhttps://economictimes.indiatimes.com/news/economy/policy/finance-minister-voices-rate-cut-hopes-ahead-of-rbi-policy-review/articleshow/51608319.cms,"Indicating his desire for the Reserve Bank to cut interest rates at its monetary policy review next week, FM Arun Jaitley has said he wants “what everybody wants”."
"Ahead of RBI's policy meet, time to go long on banks, short Nifty",https://economictimes.indiatimes.comhttps://economictimes.indiatimes.com/markets/stocks/news/ahead-of-rbis-policy-meet-time-to-go-long-on-banks-short-nifty/articleshow/51418153.cms,"Bank Nifty to Nifty Index ratio is currently trading at 2.05 times, which is lower than the average 2.16, the level which market participants follow."
"Bhaskar Panda on Fed rate hike, rupee depreciation & coming RBI policy",https://economictimes.indiatimes.comhttps://economictimes.indiatimes.com/markets/expert-view/bhaskar-panda-on-fed-rate-hike-rupee-depreciation-coming-rbi-policy/articleshow/94367749.cms,"“The hawkish stance of the Fed, which I personally was expecting, has catapulted the dollar index to another level. So in that case, rupee would be the collateral damage and it could go to 84 or whatever against the dollar. Then probably we have to see whether RBI again has to come in and arrest the rupee fall.”"
Rupee jumps 31 paise to 67.90 on eve of RBI policy review,https://economictimes.indiatimes.comhttps://economictimes.indiatimes.com/markets/forex/rupee-jumps-31-paise-to-67-90-on-eve-of-rbi-policy-review/articleshow/55838255.cms,Hardening expectations for an interest rate cut by the apex bank in its Wednesday's policy meet to rejuvenate the sagging economy against the back drop of softening inflations supported the currency upmove.
Sensex up 0.3 pc; banks lead before RBI policy,https://economictimes.indiatimes.comhttps://economictimes.indiatimes.com/et-now/markets/sensex-up-0-3-pc-banks-lead-before-rbi-policy/videoshow/9367673.cms,ET3.jpg
"RBI policy: Uptick in retail inflation warrants vigilance, says Raghuram Rajan",https://economictimes.indiatimes.comhttps://economictimes.indiatimes.com/news/economy/indicators/rbi-policy-uptick-in-retail-inflation-warrants-vigilance-says-raghuram-rajan/articleshow/49995138.cms,"Governor Raghuram Rajan said that an uptick in retail inflation in the last two months, especially in non-food items, warrants vigilance."
RBI policy post-mortem: Liquidity is okay; what about risk aversion?,https://economictimes.indiatimes.comhttps://economictimes.indiatimes.com/markets/stocks/news/rbi-policy-post-mortem-liquidity-is-okay-what-about-risk-aversion/articleshow/75884798.cms,This is how economists and market analsysts reacted to RBI's move to slash repo rates.
"Exercise caution, go light ahead of RBI policy review: Sandeep Wagle",https://economictimes.indiatimes.comhttps://economictimes.indiatimes.com/markets/stocks/recos/exercise-caution-go-light-ahead-of-rbi-policy-review-sandeep-wagle/articleshow/49982189.cms,"I think it is safe to keep your stop losses a little below 7,900, say, at around 7,880-7,890 on the Nifty50, says Wagle."
RBI policy could clear way for mkts to go up: Deven Choksey,https://economictimes.indiatimes.comhttps://economictimes.indiatimes.com/et-now/experts/rbi-policy-could-clear-way-for-mkts-to-go-up-deven-choksey/videoshow/20662166.cms,mkt.jpg
"SBI, HDFC Bank, ICICI Bank down ahead of RBI policy decision",https://economictimes.indiatimes.comhttps://economictimes.indiatimes.com/markets/stocks/news/sbi-hdfc-bank-icici-bank-down-ahead-of-rbi-policy-decision/articleshow/61943617.cms,"Benchmark NSE Nifty50 index was down 32.95 points at 10,085.3."
Sensex rangebound ahead of RBI policy review; top 15 stocks in focus,https://economictimes.indiatimes.comhttps://economictimes.indiatimes.com/markets/stocks/news/sensex-rangebound-ahead-of-rbi-policy-review-top-15-stocks-in-focus/articleshow/43871006.cms,"The S&P BSE Sensex made marginal gains after the Reserve Bank opted for a status quo on policy rates, in line with expectations."
RBI Policy Push: Bond yields dip 25 bps on shorter maturities,https://economictimes.indiatimes.comhttps://economictimes.indiatimes.com/markets/bonds/rbi-policy-push-bond-yields-dip-25-bps-on-shorter-maturities/articleshow/74014295.cms,"The Reserve Bank of India on Thursday said it would conduct long-term repo operations, whereby it would inject money into the banking system at the policy repurchase rate for one and three years."
"Auto, realty, bank stocks trading mixed ahead of RBI policy meet",https://economictimes.indiatimes.comhttps://economictimes.indiatimes.com/markets/stocks/news/auto-realty-bank-stocks-trading-mixed-ahead-of-rbi-policy-meet/articleshow/43870965.cms,"RBI is likely to keep interest rates and CRR unchanged, stress on inflation and tone of commentary will be eyed for direction on interest rates."
Rupee rises 6 paise vs US dollar ahead of RBI policy,https://economictimes.indiatimes.comhttps://economictimes.indiatimes.com/markets/forex/rupee-rises-6-paise-vs-us-dollar-ahead-of-rbi-policy/articleshow/46097005.cms,The rupee firmed up further against the pound to 92.82 per pound from 93.33 previously ans recovered against the euro to 70.02 per euro from 70.22.
"Banks, realty stocks recover from lows post RBI policy review",https://economictimes.indiatimes.comhttps://economictimes.indiatimes.com/markets/stocks/news/banks-realty-stocks-recover-from-lows-post-rbi-policy-review/articleshow/45344838.cms,"At 11:30 a.m.; BSE Banking index was trading 0.14% higher, the BSE Realty index was up 0.08% and BSE Capital Goods index was trading 1% higher."
"Auto, banks, realty stocks pare losses after RBI policy review",https://economictimes.indiatimes.comhttps://economictimes.indiatimes.com/markets/stocks/news/auto-banks-realty-stocks-pare-losses-after-rbi-policy-review/articleshow/45343643.cms,"Shares in rate sensitive sectors such as banks, realty, capital goods pared losses on Tuesday, as RBI maintained status quo on rates."
"RBI policy, rupee movement likely to dictate trend for MCX gold in 2015",https://economictimes.indiatimes.comhttps://economictimes.indiatimes.com/markets/stocks/news/rbi-policy-rupee-movement-likely-to-dictate-trend-for-mcx-gold-in-2015/articleshow/45639774.cms,"The wind spread was that the US Fed is on course to hike interest rates going forward, which suppressed the non-interest bearing asset gold."
"India rupee eyes trade tensions for cues, RBI policy in focus for bonds",https://economictimes.indiatimes.comhttps://economictimes.indiatimes.com/markets/forex/india-rupee-eyes-trade-tensions-for-cues-rbi-policy-in-focus-for-bonds/articleshow/120051336.cms,"The Indian rupee will track the dollar and Chinese yuan's reaction to escalating global trade tensions this week, while the domestic central bank's monetary policy decision will influence the direction of the currency and government bonds."
"Sensex choppy, Nifty tests 8,500 post RBI policy review",https://economictimes.indiatimes.comhttps://economictimes.indiatimes.com/et-now/markets/sensex-choppy-nifty-tests-8500-post-rbi-policy-review/videoshow/48341695.cms,
Mkt could have decisive move after RBI policy: Dipan Mehta,https://economictimes.indiatimes.comhttps://economictimes.indiatimes.com/et-now/experts/mkt-could-have-decisive-move-after-rbi-policy-dipan-mehta/videoshow/17307555.cms,Deepan.jpg
Stock market update: Realty stocks mixed ahead of RBI's policy outcome,https://economictimes.indiatimes.comhttps://economictimes.indiatimes.com/markets/stocks/news/stock-market-update-realty-stocks-mixed-ahead-of-rbis-policy-outcome/articleshow/65223125.cms,The Nifty Realty index was trading 0.20 per cent down at 272 around 10:10 am.
Here's how markets may react to RBI's policy stance in short term,https://economictimes.indiatimes.comhttps://economictimes.indiatimes.com/markets/stocks/news/heres-how-markets-may-react-to-rbis-policy-stance-in-short-term/articleshow/47511543.cms,RBI's conservative strategy to wait before cutting interest rates further is likely to have a negative impact on the equity market.
Top eight rate-sensitive stocks to bet on post RBI policy review,https://economictimes.indiatimes.comhttps://economictimes.indiatimes.com/markets/stocks/news/top-eight-rate-sensitive-stocks-to-bet-on-post-rbi-policy-review/articleshow/33067352.cms,"BSE Banking index was trading 1.5 per cent lower as compared to 0.3 per cent fall in the BSE Sensex, which was trading at 22,312."
"RBI policy: Two dissenting voices, one on rate stance and other on liquidity",https://economictimes.indiatimes.comhttps://economictimes.indiatimes.com/markets/stocks/news/rbi-policy-two-dissenting-voices-one-on-rate-stance-and-other-on-liquidity/articleshow/66086767.cms,"For the liquidity stance, Ravindra H. Dholakia of the Indian Institute of management voted to keep the neutral stance unchanged."
Sensex ends day 244 points up; all eyes on RBI policy,https://economictimes.indiatimes.comhttps://economictimes.indiatimes.com/markets/stocks/news/sensex-ends-day-244-points-up-all-eyes-on-rbi-policy/articleshow/46821431.cms,"Resisting cautious sentiments ahead of the RBI's monetary policy, the benchmark BSE Sensex today rose by over 244 points to settle the day at 28,504.46, mainly led by surge in healthcare, FMCG and realty stocks."
Current RBI policy is a correction of the last excessive cut: Nipun Mehta,https://economictimes.indiatimes.comhttps://economictimes.indiatimes.com/opinion/interviews/current-rbi-policy-is-a-correction-of-the-last-excessive-cut-nipun-mehta/articleshow/14240214.cms,"When one looks at the stand that RBI had taken during the announcement of 50 bps cut, it probably showed RBI taking a different stand. So, this is a correction of that stand."
When Raghuram Rajan mentioned about owls in his RBI policy speech,https://economictimes.indiatimes.comhttps://economictimes.indiatimes.com/opinion/et-editorial/when-raghuram-rajan-mentioned-about-owls-in-his-rbi-policy-speech/articleshow/29623913.cms,"“We are neither hawks, nor doves. We are owls. The owl is traditionally a symbol of wisdom. We are vigilant when others are resting,"" Rajan said."
Top debt fund managers speak about the hits and misses of RBI policy,https://economictimes.indiatimes.comhttps://economictimes.indiatimes.com/mf/analysis/top-debt-fund-managers-speak-about-the-hits-and-misses-of-rbi-policy/articleshow/81947578.cms,Here's what top debt fund managers had to say about the RBI keeping its policy rates unchanged. The banking regulator kept the repo rate unchanged at 4.00%.
RBI's policy rates anchored at lows despite inflation: Decision-day Guide,https://economictimes.indiatimes.comhttps://economictimes.indiatimes.com/markets/stocks/news/rbis-policy-rates-anchored-at-lows-despite-inflation-decision-day-guide/articleshow/85057881.cms,"All 21 economists surveyed by Bloomberg as of Wednesday afternoon expect the MPC to leave the benchmark repurchase rate unchanged at 4% on Friday. While the RBI is widely expected to announce another tranche of its so-called government securities acquisition program, bond traders will be watching for any cues on return to policy normalization."
Interest-rate sensitive stocks gain up to 9% after RBI policy,https://economictimes.indiatimes.comhttps://economictimes.indiatimes.com/markets/stocks/news/interest-rate-sensitive-stocks-gain-up-to-9-after-rbi-policy/articleshow/39694473.cms,"RBI in its third bi-monthly monetary policy today kept the key policy rate unchanged but slashed SLR by 0.5% to unlock about Rs 40,000 crore into the system."
"RBI policy, Q1 earnings and global cues to drive stock markets",https://economictimes.indiatimes.comhttps://economictimes.indiatimes.com/markets/stocks/news/rbi-policy-q1-earnings-and-global-cues-to-drive-stock-markets/articleshow/39532003.cms,"Besides, the trend in investment by overseas investors, global cues, movement of rupee against dollar, oil prices will hold key for the markets."
"US-China trade deal, RBI policy to set mood for market this week",https://economictimes.indiatimes.comhttps://economictimes.indiatimes.com/markets/stocks/news/us-china-trade-deal-rbi-policy-to-set-mood-for-market-this-week/articleshow/66903748.cms,US President Trump and Chinese leader Xi Jinping have agreed to halt fresh rounds of tariffs.
"Markets set for action-packed December, all eyes on RBI policy this week",https://economictimes.indiatimes.comhttps://economictimes.indiatimes.com/markets/stocks/news/markets-set-for-action-packed-december-all-eyes-on-rbi-policy-this-week/articleshow/66914001.cms,The OPEC countries and its allies will meet on December 6-7 to discuss a deal to cut output.
Market feels a more balanced RBI policy is coming: Ashima Goyal,https://economictimes.indiatimes.comhttps://economictimes.indiatimes.com/markets/expert-view/market-has-a-sense-a-more-balanced-rbi-policy-coming-ashima-goyal/articleshow/67096379.cms,RBI decision should not be seen as board dictated because that is key to governance.
50 bps rate cut likely in RBI policy review: Credit Suisse,https://economictimes.indiatimes.comhttps://economictimes.indiatimes.com/news/economy/indicators/50-bps-rate-cut-likely-in-rbi-policy-review-credit-suisse/articleshow/18003999.cms,"'RBI is likely to cut key interest rates by 0.50%, to 7.5%, in the forthcoming monetary policy review.'"
"Prime Minister Manmohan Singh, D Subbarao spar over RBI's policies",https://economictimes.indiatimes.comhttps://economictimes.indiatimes.com/news/economy/policy/prime-minister-manmohan-singh-d-subbarao-spar-over-rbis-policies/articleshow/21888275.cms,Tensions between the government and the RBI governor came out in the open as PM called for “fresh thinking” on macroeconomic policy.
RBI policy won't have much impact on markets: Ashwani Gujral,https://economictimes.indiatimes.comhttps://economictimes.indiatimes.com/markets/stocks/recos/rbi-policy-wont-have-much-impact-on-markets-ashwani-gujral/articleshow/35950028.cms,Market can be taken down so easily so there has to be a jolt to the sentiment in those policy sensitives for the market to get into a deeper correction.
RBI policy review to keep key rates unchanged on expected lines: Economists,https://economictimes.indiatimes.comhttps://economictimes.indiatimes.com/news/politics-and-nation/rbi-policy-review-to-keep-key-rates-unchanged-on-expected-lines-economists/articleshow/17665646.cms,Leading economists today said the RBI decision to keep the key policy rates unchanged was on expected lines.
"Not much shift in RBI policy ahead, 25 bps cut likely: Report",https://economictimes.indiatimes.comhttps://economictimes.indiatimes.com/news/economy/policy/not-much-shift-in-rbi-policy-ahead-25-bps-cut-likely-report/articleshow/53670128.cms,"Raghuram Rajan in his last monetary policy left interest rates unchanged citing upward risks to inflation but said the central bank will remain ""accommodative""."
"Sensex, Nifty50 start on a flat note ahead of RBI policy",https://economictimes.indiatimes.comhttps://economictimes.indiatimes.com/et-now/markets/sensex-nifty50-start-on-a-flat-note-ahead-of-rbi-policy/videoshow/53610761.cms,
"RBI policy impact: Loans may get costlier, says SBI CMD",https://economictimes.indiatimes.comhttps://economictimes.indiatimes.com/et-now/experts/rbi-policy-impact-loans-may-get-costlier-says-sbi-cmd/videoshow/22820571.cms,Loans.jpg
RBI policy meet: Realty stocks pare gains after policy decision,https://economictimes.indiatimes.comhttps://economictimes.indiatimes.com/markets/stocks/news/rbi-policy-meet-realty-stocks-pare-gains-after-policy-decision/articleshow/59034458.cms,"Shares of Vedanta Ltd, ICICI Bank, ITC, DLF were among most traded securities on the National Stock Exchange on Wednesday."
Rupee slips 19 paise against dollar ahead of RBI policy outcome,https://economictimes.indiatimes.comhttps://economictimes.indiatimes.com/markets/forex/rupee-slips-19-paise-against-dollar-ahead-of-rbi-policy-outcome/articleshow/69671276.cms,Forex traders said a cautious opening in domestic equities weighed on the local unit.
ETMarkets Evening Podcast: Will market hit fresh highs after RBI policy?,https://economictimes.indiatimes.comhttps://economictimes.indiatimes.com/markets/stocks/etmarkets-podcast/etmarkets-evening-podcast-will-market-hit-fresh-highs-after-rbi-policy/videoshow/64482532.cms,
Sensex ends day 244 points up; all eyes on RBI policy,https://economictimes.indiatimes.comhttps://economictimes.indiatimes.com/et-now/markets/sensex-ends-day-244-points-up-all-eyes-on-rbi-policy/videoshow/46824198.cms,
Sensex snaps 3-day winning streak ahead of RBI policy meet,https://economictimes.indiatimes.comhttps://economictimes.indiatimes.com/et-now/markets/sensex-snaps-3-day-winning-streak-to-end-lower-ahead-of-rbi-policy-meet/videoshow/52619972.cms,
Markets expect 25 bps cut from RBI policy changes: IDBI,https://economictimes.indiatimes.comhttps://economictimes.indiatimes.com/et-now/experts/markets-expect-25-bps-cut-from-rbi-policy-changes-idbi/videoshow/15274307.cms,RBI-5.jpg
"RBI: Policy rates unchanged, SLR cut releases funds for private sector",https://economictimes.indiatimes.comhttps://economictimes.indiatimes.com/news/economy/policy/rbi-policy-rates-unchanged-slr-cut-releases-funds-for-private-sector/articleshow/15289411.cms,SLR cut will release funds for private sector where interest rates could ease at least for the top rated companies.
Rupee down 18 paise against US dollar in early trade,https://economictimes.indiatimes.comhttps://economictimes.indiatimes.com/markets/forex/rupee-down-18-paise-against-us-dollar-in-early-trade/articleshow/21447541.cms,Rupee today lost 18 paise to 59.22 against the dollar in early trade due to month-end demand of the US currency from banks and importers.
Rupee down 2 paise against dollar in early trade,https://economictimes.indiatimes.comhttps://economictimes.indiatimes.com/markets/forex/rupee-down-2-paise-against-dollar-in-early-trade/articleshow/29481234.cms,The rupee fell marginally by two paise to 63.12 against the dollar in early trade today at the Interbank Foreign Exchange market on increased demand.
Is the December policy setting the stage for the roadmap ahead in 2024?,https://economictimes.indiatimes.comhttps://economictimes.indiatimes.com/markets/stocks/news/is-the-december-policy-setting-the-stage-for-the-roadmap-ahead-in-2024/articleshow/105805555.cms,"However, the pace slowed in the second half, with only four 25-basis-point rate hikes executed by these banks."
Ajay Bagga explains how FII inflows and economic recovery could fuel market growth,https://economictimes.indiatimes.comhttps://economictimes.indiatimes.com/markets/expert-view/ajay-bagga-explains-how-fii-inflows-and-economic-recovery-could-fuel-market-growth/articleshow/116077958.cms,"“The CRR reduction is very welcome as it injects immediate liquidity into the system over the next 25 days. This will help keep interest rates low, which is beneficial as we head into the busy season for credit markets. It's good that liquidity will be available. Additionally, banks that previously earned zero percent on CRR can now buy government bonds or lend this money out, improving their NIMs.”"
SGX Nifty down 40 points; here's what changed for market while you were sleeping,https://economictimes.indiatimes.comhttps://economictimes.indiatimes.com/markets/stocks/news/sgx-nifty-down-40-points-heres-what-changed-for-market-while-you-were-sleeping/articleshow/99276396.cms,Option data suggests a broader trading range in between 17100 to 17800 zones while an immediate trading range in between 17400 to 17700 zones.
RBI’s status quo on rate risky? Check out the key takeaways,https://economictimes.indiatimes.comhttps://economictimes.indiatimes.com/markets/stocks/news/rbis-status-quo-on-rate-risky-check-out-the-key-takeaways/articleshow/66085687.cms,"The RBI committee changed the stance to hawkish, to focus on ‘calibrated tightening’."
Money Policy: How economists decoded the vibes & intent of RBI announcements,https://economictimes.indiatimes.comhttps://economictimes.indiatimes.com/markets/stocks/news/money-policy-how-economists-decoded-the-vibes-intent-of-rbi-announcements/articleshow/83227117.cms,"Markets could be slightly disappointed with the last tranche of GSAP 1.0 including SDL within the Rs400 bn limit, especially, after the announcement of a possible Rs1.58 tn borrowing by center as back-to-back loans to the states."
RBI cuts FY20 growth projection: Key takeaways from money policy,https://economictimes.indiatimes.comhttps://economictimes.indiatimes.com/markets/stocks/news/rbi-cuts-fy20-growth-projection-key-takeaways-from-money-policy/articleshow/70567721.cms,"MPC felt a 50 basis points rate cut might have been excessive,” said Shaktikanta Das."
Retail inflation seen at 5.5-6% in Q4 this year: Nomura,https://economictimes.indiatimes.comhttps://economictimes.indiatimes.com/news/economy/indicators/retail-inflation-seen-at-5-5-6-in-q4-this-year-nomura/articleshow/58512339.cms,"According to official figures, retail inflation jumped to a five-month high of 3.81 per cent in March, while inflation at the wholesale level eased to 5.7 per cent in March."
"Top 12 rate-sensitive stocks to buy after RBI policy, can give 40% return in 1-2 years",https://economictimes.indiatimes.comhttps://economictimes.indiatimes.com/markets/stocks/news/top-12-rate-sensitive-stocks-to-buy-after-rbi-policy-can-give-40-return-in-1-2-years/articleshow/53612148.cms,"The market saw a muted response post the RBI policy statement but the possibility of a rate cut still remains relevant in next one year, feel experts."
Day Trading Guide: 2 stock recommendations for Friday,https://economictimes.indiatimes.comhttps://economictimes.indiatimes.com/markets/stocks/news/day-trading-guide-2-stock-recommendations-for-friday/articleshow/86841930.cms,"Nifty formed inside bar chart pattern (i.e, it traded within prior session’s range), also it printed NR7 chart pattern (i.e. narrowest high/low range as compared to prior six sessions range). These patterns infer indecisiveness ahead of the RBI policy outcome."
Nifty to be in 6100-6250 range: Sandeep Wagle,https://economictimes.indiatimes.comhttps://economictimes.indiatimes.com/markets/stocks/recos/nifty-to-be-in-6100-6250-range-sandeep-wagle/articleshow/27479289.cms,"""Nifty to be between 6100 on downside and 6230-6250 on upside."""
GIFT Nifty trades on a muted note; here's the trading setup for today's session,https://economictimes.indiatimes.comhttps://economictimes.indiatimes.com/markets/stocks/news/gift-nifty-trades-on-a-muted-note-heres-the-trading-setup-for-todays-session/articleshow/110780888.cms,"GIFT Nifty: Domestic equities rose for a second day as investors analyzed Lok Sabha 2024 elections outcome. Focus on government formation, ECB meeting today, and RBI policy tomorrow."
RBI's rate-setting panel member cautions against frequent tweaks in policy,https://economictimes.indiatimes.comhttps://economictimes.indiatimes.com/news/economy/policy/india-rate-setter-cautions-against-frequent-tweaks-in-policy/articleshow/101273779.cms,"Shashanka Bhide, an external member of the monetary policy panel, has said that India’s central bank should not rush to ease rates until it’s sure of a stable, low-inflation regime. While recent inflation has slowed, Bhide maintained that it is important for the Reserve Bank of India to achieve its inflation target of 4% sustainably. He suggested that the bank must avoid frequent changes in direction as that would disrupt the objectives of both growth and inflation."
RBI may raise repo rate by 35 bps in next week's policy review: S&P,https://economictimes.indiatimes.comhttps://economictimes.indiatimes.com/news/economy/policy/rbi-may-raise-repo-rate-by-35-bps-in-next-weeks-policy-review-sp/articleshow/93207092.cms,"The Monetary Policy Committee has increased the key interest rates by 90 basis points in two tranches since May to take it to 4.90% from historic low of 4%, as it strives to rein in inflation that has in recent months consistently remained above the central bank's comfort 4-6% band. The MPC is scheduled to meet from August 3 to 5."
"India Budget 2026: From GDP to RBI policy moves, A-Z of Union Budget explained",https://economictimes.indiatimes.comhttps://economictimes.indiatimes.com/news/economy/indicators/india-budget-2026-gdp-inflation-gst-collections-pmi-trade-deficit-economic-indicators-explained-before-union-budget-date-time/articleshow/126202995.cms,"India's economy is poised for the Union Budget 2026 with robust GDP growth of 8.0% in H1 FY26 and well-controlled inflation below the RBI's target. Despite a widening trade deficit, foreign exchange reserves remain strong, supported by healthy GST and direct tax collections, enabling fiscal consolidation and growth support."
"Invest in short-term debt mutual funds, say debt fund managers after RBI policy",https://economictimes.indiatimes.comhttps://economictimes.indiatimes.com/mf/analysis/invest-in-short-term-debt-mutual-funds-say-debt-fund-managers-after-rbi-policy/articleshow/62819188.cms,"It is status-quo for your debt mutual fund investments, with Reserve Bank of India (RBI) keeping its policy rates unchanged in its policy review today."
What can you expect from RBI policy? Here's what debt fund managers say,https://economictimes.indiatimes.comhttps://economictimes.indiatimes.com/mf/analysis/what-can-you-expect-from-rbi-policy-heres-what-debt-fund-managers-say/articleshow/79509018.cms,What will RBI do this week? Hold rates? Or will it cut rates? These are the questions asked by bond market investors as the Monetary Policy Committee (MPC) starts its meeting tomorrow. The MPC meeting scheduled between December 2-4.
"Sensex falls nearly 300 points, slips below 74K ahead of RBI policy outcome",https://economictimes.indiatimes.comhttps://economictimes.indiatimes.com/markets/stocks/news/sensex-falls-nearly-300-points-slips-below-74k-ahead-of-rbi-policy-outcome/articleshow/109052376.cms,"Indian blue-chip indices opened lower due to IT, metal, and auto stocks before RBI's monetary policy. Tech Mahindra, JSW Steel, L&T, and others showed mixed performance."
"Nifty Bank zooms 3,000 pts since last RBI policy; what will happen this time?",https://economictimes.indiatimes.comhttps://economictimes.indiatimes.com/markets/stocks/news/nifty-bank-zooms-3000-pts-since-last-rbi-policy-what-will-happen-this-time/articleshow/100812583.cms,"The Reserve Bank of India (RBI) is expected to maintain interest rates during its three-day meeting which started on 4 June. Favourable economic conditions, including 4.7% consumer price index-based inflation, easing crude oil prices and 6.1% GDP growth are credited with the rise. The positive data has resulted in widespread optimism among investors that interest rates will not change during the upcoming policy meeting, but Santosh Meena, head of research for Swastika Investmart, argues that the Nifty Bank index is showing signs of exhaustion and may experience profit-taking and a downturn."
Expecting a 25 bps cut with a neutral commentary in RBI policy today: Vivek Mavani,https://economictimes.indiatimes.comhttps://economictimes.indiatimes.com/markets/expert-view/expecting-a-25-bps-cut-with-a-neutral-commentary-in-rbi-policy-today-vivek-mavani/articleshow/68716987.cms,"I do not think the MPC will be adventurous enough to go for a 50 bps cut, says Mavani"
Sensex starts on a cautious note ahead of RBI policy meet; Nifty slips below 8550,https://economictimes.indiatimes.comhttps://economictimes.indiatimes.com/markets/stocks/news/sensex-starts-on-a-cautious-note-ahead-of-rbi-policy-meet-nifty-slips-below-8550/articleshow/45343406.cms,"At 09:20 a.m.; the 30-share index was at 28534.62, down 25 points or 0.09 per cent. It touched a high of 28536.64 and a low of 28474.09 in trade today."
"See a 25-bps cut in RBI policy rate in April: BA Prabhakar, Andhra Bank",https://economictimes.indiatimes.comhttps://economictimes.indiatimes.com/opinion/interviews/see-a-25-bps-cut-in-rbi-policy-rate-in-april-ba-prabhakar-andhra-bank/articleshow/12498485.cms,"BA Prabhakar, CMD, Andhra Bank says the RBI may cut policy rates in April, but lending rates will decline after six months as liquidity is likely to remain tight."
"RBI policy outcome: Lower repo rate, neutral stance and enhanced collateral-free farm loan",https://economictimes.indiatimes.comhttps://economictimes.indiatimes.com/news/economy/policy/rbi-policy-outcome-lower-repo-rate-neutral-stance-and-enhanced-collateral-free-farm-loan/videoshow/67885817.cms,
"Sensex ends 20 points higher, Nifty flat; all eyes now on RBI policy review",https://economictimes.indiatimes.comhttps://economictimes.indiatimes.com/markets/stocks/news/sensex-ends-20-points-higher-nifty-flat-all-eyes-now-on-rbi-policy-review/articleshow/47500331.cms,"The S&P BSE Sensex closed 20 points higher on Monday, a day ahead of the Reserve Bank of India's monetary policy meet."
"Budget, RBI policy to weigh on bond markets in near term: Phani Shankar, ING Vysya Bank",https://economictimes.indiatimes.comhttps://economictimes.indiatimes.com/opinion/interviews/budget-rbi-policy-to-weigh-on-bond-markets-in-near-term-phani-shankar-ing-vysya-bank/articleshow/18514324.cms,"The probability of a rate cut in March is now increasing, especially after the weak IIP numbers and GDP, says Phani Shankar."
RBI Policy: MPC keeps repo rate unchanged at 6.50%; cuts SLR by 25 bps,https://economictimes.indiatimes.comhttps://economictimes.indiatimes.com/markets/stocks/news/rbi-policy-mpc-keeps-repo-rate-unchanged-at-6-50-cuts-slr-by-25-bps/videoshow/66952033.cms,
"Market Movers: All eyes on RBI policy decision; oil price down, dollar struggles & more",https://economictimes.indiatimes.comhttps://economictimes.indiatimes.com/markets/stocks/news/market-movers-all-eyes-on-rbi-policy-decision-oil-price-down-dollar-struggles-more/articleshow/66946741.cms,A lowdown on top macro triggers that may move market on Wednesday.
"RBI policy pragmatic, but its impact on exchange rate uncertain: AV Rajwade, AV Rajwade & Co",https://economictimes.indiatimes.comhttps://economictimes.indiatimes.com/opinion/interviews/rbi-policy-pragmatic-but-its-impact-on-exchange-rate-uncertain-av-rajwade-av-rajwade-co/articleshow/36046406.cms,"The policy has shown a practical approach, but it is not certain if can have any sizeable impact on the exchange rate front, says AV Rajwade."
"Upcoming RBI policy, budget to affect market significantly in near future: Nilesh Shah, Axis Bank",https://economictimes.indiatimes.comhttps://economictimes.indiatimes.com/opinion/interviews/upcoming-rbi-policy-budget-to-affect-market-significantly-in-near-future-nilesh-shah-axis-bank/articleshow/17002845.cms,"""The markets will have to watch what the RBI does on the 30th October. Clearly, if there is a rate cut, it will give a boost to the market"", Nilesh Shah said."
"Sensex surges 358 pts ahead of RBI policy review; Nifty reclaims 11,000 mark",https://economictimes.indiatimes.comhttps://economictimes.indiatimes.com/markets/stocks/news/sensex-surges-358-pts-ahead-of-rbi-policy-review-nifty-reclaims-11000-mark/videoshow/67868645.cms,
Stock market update: Bank stocks mixed ahead of RBI policy meet outcome; SBI flat,https://economictimes.indiatimes.comhttps://economictimes.indiatimes.com/markets/stocks/news/stock-market-update-bank-stocks-mixed-ahead-of-rbi-policy-meet-outcome-sbi-flat/articleshow/64473788.cms,Shares of IDFC Bank surged 3 per cent after RBI gave green signal to the merger of Capital First with the bank.
"Sensex gains over 150 pts ahead of RBI policy outcome; Nifty tops 11,150",https://economictimes.indiatimes.comhttps://economictimes.indiatimes.com/markets/stocks/news/sensex-gains-over-150-pts-ahead-of-rbi-policy-outcome-nifty-tops-11150/videoshow/77386016.cms,
"Rupee under pressure, expect some pullback after the RBI policy: Ajay Marwaha, HDFC Bank",https://economictimes.indiatimes.comhttps://economictimes.indiatimes.com/opinion/interviews/rupee-under-pressure-expect-some-pullback-after-the-rbi-policy-ajay-marwaha-hdfc-bank/articleshow/29487131.cms,"""At the moment, the currency is definitely under pressure. You could see a pull a little beyond Rs 63,"" Marwaha said."
"Yields could fall up to 15 bps in short term, bond street awaits RBI policy",https://economictimes.indiatimes.comhttps://economictimes.indiatimes.com/markets/bonds/yields-could-fall-up-to-15-bps-in-short-term-bond-street-awaits-rbi-policy/articleshow/73887459.cms,"When bond yields dip, prices of the instruments rise."
"RBI governor takes a subtle dig at farm loan waivers, says it impacts credit discipline",https://economictimes.indiatimes.comhttps://economictimes.indiatimes.com/news/economy/policy/rbi-governor-takes-a-subtle-dig-at-farm-loan-waivers-says-it-impacts-credit-discipline/articleshow/58046242.cms,"The recent instance of such waivers was the Rs 36,359-cr relief announced by UP chief minister Yogi Adityanath for small and marginal farmers in the state."
RBI repo rate unchanged. Where should you invest now?,https://economictimes.indiatimes.comhttps://economictimes.indiatimes.com/mf/analysis/rbi-repo-rate-unchanged-where-should-you-invest-now/articleshow/58045445.cms,"A status-quo policy is not a great news for debt mutual fund investors, as debt funds gain the most when the rates go down."
RBI warns Budget may feed inflation as rates left on hold,https://economictimes.indiatimes.comhttps://economictimes.indiatimes.com/markets/stocks/news/rbi-warns-budget-may-feed-inflation-as-rates-left-on-hold/articleshow/62819302.cms,"""Fiscal slippage as indicated in the Union Budget could impinge on the inflation outlook."""
"RBI maintains status quo on policy rate, cuts FY18 GVA growth to 6.6%, policy stance neutral",https://economictimes.indiatimes.comhttps://economictimes.indiatimes.com/markets/stocks/news/rbi-maintains-status-quo-on-policy-rate-cuts-fy18-gva-growth-to-6-6-policy-stance-neutral/articleshow/62818882.cms,"Repo rate, the short-term lending rate at which the central bank lends to banks."
RBI keeps status quo: Full text of 6th Bi-monthly Monetary Policy Statement of FY18,https://economictimes.indiatimes.comhttps://economictimes.indiatimes.com/markets/stocks/news/rbi-keeps-status-quo-full-text-of-6th-bi-monthly-monetary-policy-statement-of-fy18/articleshow/62819107.cms,The RBI cuts its FY18 GVA growth to 6.6% and kept the stance neutral.
Expect a pause in policy if commodity prices fall,https://economictimes.indiatimes.comhttps://economictimes.indiatimes.com/markets/stocks/news/expect-a-pause-in-policy-if-commodity-prices-fall/articleshow/62829594.cms,The RBI has projected growth for FY19 at 7.2 per cent with risks evenly balanced.
Central bank likely to be in extended pause mode,https://economictimes.indiatimes.comhttps://economictimes.indiatimes.com/markets/stocks/news/central-bank-likely-to-be-in-extended-pause-mode/articleshow/63639422.cms,One of the highlight of the policy was the downward revision of inflation forecast.
"RBI hikes repo and reverse repo rates by 25bps, CRR unchanged",https://economictimes.indiatimes.comhttps://economictimes.indiatimes.com/news/economy/policy/rbi-hikes-repo-and-reverse-repo-rates-by-25bps-crr-unchanged/articleshow/6857667.cms,"So far, RBI has hiked repo rate by 125 bps and reverse repo by 175 bps, while it spiked CRR by 100 bps to tame inflation and to normalize fiscal policies."
India's retail inflation probably rose in February: Poll,https://economictimes.indiatimes.comhttps://economictimes.indiatimes.com/news/economy/indicators/indias-retail-inflation-probably-rose-in-february/articleshow/81423978.cms,"""We think inflation will have rebounded in February, to 4.8%. The increase in domestic fuel prices last month suggest that transport inflation will have accelerated,"" said Shilan Shah, India economist at Capital Economics. ""What's more, retail food price data point to a significant rebound in food inflation."""
Fitch raises India growth forecast for FY24 to 6.3%,https://economictimes.indiatimes.comhttps://economictimes.indiatimes.com/news/economy/indicators/fitch-raises-india-growth-forecast-for-fy24-to-6-3/articleshow/101199997.cms,Fitch also said that it expects the Reserve Bank of India (RBI) to pause rates until early next year given the moderation in growth and easing inflationary pressures.
RBI declares formation of repository for fintechs to expand digital payments,https://economictimes.indiatimes.comhttps://economictimes.indiatimes.com/news/economy/policy/rbi-declares-formation-of-repository-for-fintechs-to-expand-digital-payments/articleshow/105844991.cms,The Reserve Bank of India (RBI) has increased the limits on UPI payments to Rs 5 lakh for specific situations and announced the creation of a repository for fintechs. This move aims to expand digital payments and reduce reliance on physical cash or cheques. The limits for UPI transactions made to hospitals and educational institutes have been raised from ₹1 lakh to ₹5 lakh per transaction.
"RBI leaves repo rate unchanged at 6.5%, stance of “withdrawal of accommodation” retained",https://economictimes.indiatimes.comhttps://economictimes.indiatimes.com/markets/stocks/news/rbi-policy-verdict-repo-rate-left-unchanged-at-6-5-stance-of-withdrawal-of-accommodation-retained/articleshow/105828620.cms,"The decision to leave rates unchanged was unanimously voted by the 6-member MPC panel, while the need to retain the stance was voted by 5 out of 6 members."
Repo rate pause likely to support housing market’s steady growth in festive season,https://economictimes.indiatimes.comhttps://economictimes.indiatimes.com/industry/services/property-/-cstruction/repo-rate-pause-likely-to-support-housing-markets-steady-growth-in-festive-season/articleshow/102597405.cms,"While interest rate-sensitive segments of affordable and low-income housing have started witnessing some impact of the rate hikes implemented earlier, any further increase may have resulted in hitting the demand in this segment."
Market Watch: How lucrative is Burger King IPO for retail investors?,https://economictimes.indiatimes.comhttps://economictimes.indiatimes.com/markets/stocks/etmarkets-podcast/market-watch-how-lucrative-is-burger-king-ipo-for-retail-investors/videoshow/79532153.cms,
Market Watch: Will the D-Street rally pick up again tomorrow?,https://economictimes.indiatimes.comhttps://economictimes.indiatimes.com/markets/stocks/etmarkets-podcast/market-watch-will-the-d-street-rally-pick-up-again-tomorrow/videoshow/79549887.cms,
Bank stocks slip up to 3% after RBI rate cut,https://economictimes.indiatimes.comhttps://economictimes.indiatimes.com/markets/stocks/news/bank-stocks-slip-up-to-3-after-rbi-rate-cut/articleshow/71436430.cms,"Nifty Bank index on the NSE was trading 1 per cent down at 28,121."
Private banks more quicker in passing on rate revisions,https://economictimes.indiatimes.comhttps://economictimes.indiatimes.com/industry/banking/finance/banking/private-banks-more-quicker-in-passing-on-rate-revisions/articleshow/121658262.cms,"Private sector banks charge higher spreads on loans compared to public sector banks, ranging from 40 to 200 basis points more, according to recent RBI data. Despite this, private banks demonstrated more effective transmission of policy rates during a period of tight liquidity. The RBI is considering new guidelines to improve policy rate transmission, potentially announced Friday."
"RBI keeps repo rate unchanged, shifts to neutral policy stance",https://economictimes.indiatimes.comhttps://economictimes.indiatimes.com/news/economy/policy/rbi-keeps-repo-rate-unchanged-shifts-to-neutral-policy-stance/articleshow/114068187.cms,"The RBI maintained the repo rate at 6.5% for the 10th consecutive policy review but shifted the monetary policy stance to 'neutral' from 'withdrawal of accommodation'. This allows flexibility in future rate decisions as inflation remains within the target range. CPI inflation forecasts remain at 4.5%, with GDP growth at 7.2% for FY25."
Risks loom for state banks binging on sovereign bonds,https://economictimes.indiatimes.comhttps://economictimes.indiatimes.com/markets/bonds/risks-loom-for-state-banks-binging-on-sovereign-bonds/articleshow/73133127.cms,Bond holdings as a proportion of deposits stood at about 29% in the two weeks ended Dec. 2
RBI should have cut repo by 50 bps to boost growth: Industry,https://economictimes.indiatimes.comhttps://economictimes.indiatimes.com/news/economy/policy/rbi-should-have-cut-repo-by-50-bps-to-boost-growth-industry/articleshow/51697437.cms,"India Inc, however, welcomed the RBI's move to slash key interest rate by 0.25 per cent, saying it will improve the cost of credit."
‘RBI to cut repo rate by 25 bps to 6.5% on Tuesday’,https://economictimes.indiatimes.comhttps://economictimes.indiatimes.com/et-now/policy/rbi-to-cut-repo-rate-by-25-bps-to-6-5-on-tuesday/videoshow/51680268.cms,
Consumers in India turn most pessimistic in more than five years,https://economictimes.indiatimes.comhttps://economictimes.indiatimes.com/news/economy/indicators/consumers-in-india-turn-most-pessimistic-in-more-than-five-years/articleshow/72395362.cms,The drop coincides with a deepening slowdown in the economy and rising worries about employment.
"RBI announces major structural move, gives retail investors direct online access to securities market",https://economictimes.indiatimes.comhttps://economictimes.indiatimes.com/industry/banking/finance/banking/rbi-announces-major-structural-move-gives-retail-investors-direct-online-access-to-securities-market/articleshow/80700893.cms,"The new measure will facilitate smooth completion of the government borrowing programme, RBI governor Shaktikanta Das said. With this move, India joins a select club of a few countries that have this facility."
"Demonetisation not done in haste, says RBI Governor Urjit Patel",https://economictimes.indiatimes.comhttps://economictimes.indiatimes.com/news/economy/policy/demonetisation-not-done-in-haste-says-rbi-governor-urjit-patel/articleshow/55854279.cms,RBI Deputy Governor R Gandhi said that almost Rs 11.85 lakh crore in the scrapped Rs 500/1000 notes have come back to the banking system.
"RBI may again opt for status quo on key policy rate next week, say experts",https://economictimes.indiatimes.comhttps://economictimes.indiatimes.com/news/economy/policy/rbi-may-again-opt-for-status-quo-on-key-policy-rate-next-week-say-experts/articleshow/86724904.cms,"The September edition of EY Economy Watch said given that CPI inflation has remained under pressure, the RBI may not undertake any further repo rate reduction in the near future. The monetary policy would only be playing a supportive role while the main impetus to growth may need to come from the fiscal side, it added."
MPC: Not yet time to raise policy rates,https://economictimes.indiatimes.comhttps://economictimes.indiatimes.com/opinion/et-editorial/mpc-not-yet-time-to-raise-policy-rates/articleshow/86848973.cms,The policy response appropriate for inflation caused by excess demand would be wholly unsuited for inflation caused by supply disruptions and a spike in energy prices.
"Trade setup: Nifty forms ‘Double Top’, may continue correction",https://economictimes.indiatimes.comhttps://economictimes.indiatimes.com/markets/stocks/news/trade-setup-nifty-forms-double-top-may-continue-correction/articleshow/68709961.cms,"Buying on dips should be avoided, as the market is seen reversing its trend in the near term."
Sensex@39K: Beware! Tactical trade is pushing up this market,https://economictimes.indiatimes.comhttps://economictimes.indiatimes.com/markets/stocks/news/sensex39k-beware-tactical-trade-is-pushing-up-this-market/articleshow/68666267.cms,It is being argued that the market is discounting a market-friendly election outcome.
RBI keeps status quo: Full text of 6th Bi-monthly Monetary Policy Statement of FY18,https://economictimes.indiatimes.comhttps://economictimes.indiatimes.com/markets/stocks/news/rbi-keeps-status-quo-full-text-of-6th-bi-monthly-monetary-policy-statement-of-fy18/articleshow/62819107.cms,The RBI cuts its FY18 GVA growth to 6.6% and kept the stance neutral.
RBI warns Budget may feed inflation as rates left on hold,https://economictimes.indiatimes.comhttps://economictimes.indiatimes.com/markets/stocks/news/rbi-warns-budget-may-feed-inflation-as-rates-left-on-hold/articleshow/62819302.cms,"""Fiscal slippage as indicated in the Union Budget could impinge on the inflation outlook."""
"RBI maintains status quo on policy rate, cuts FY18 GVA growth to 6.6%, policy stance neutral",https://economictimes.indiatimes.comhttps://economictimes.indiatimes.com/markets/stocks/news/rbi-maintains-status-quo-on-policy-rate-cuts-fy18-gva-growth-to-6-6-policy-stance-neutral/articleshow/62818882.cms,"Repo rate, the short-term lending rate at which the central bank lends to banks."
Expect a pause in policy if commodity prices fall,https://economictimes.indiatimes.comhttps://economictimes.indiatimes.com/markets/stocks/news/expect-a-pause-in-policy-if-commodity-prices-fall/articleshow/62829594.cms,The RBI has projected growth for FY19 at 7.2 per cent with risks evenly balanced.
View: RBI delaying inevitable rate hike is just bravado,https://economictimes.indiatimes.comhttps://economictimes.indiatimes.com/markets/stocks/news/view-rbi-delaying-inevitable-rate-hike-is-just-bravado/articleshow/66090248.cms,Floating currencies are of little use. It’s shame that India didn’t get the message: Andy Mukherjee
Central bank likely to be in extended pause mode,https://economictimes.indiatimes.comhttps://economictimes.indiatimes.com/markets/stocks/news/central-bank-likely-to-be-in-extended-pause-mode/articleshow/63639422.cms,One of the highlight of the policy was the downward revision of inflation forecast.
"RBI governor takes a subtle dig at farm loan waivers, says it impacts credit discipline",https://economictimes.indiatimes.comhttps://economictimes.indiatimes.com/news/economy/policy/rbi-governor-takes-a-subtle-dig-at-farm-loan-waivers-says-it-impacts-credit-discipline/articleshow/58046242.cms,"The recent instance of such waivers was the Rs 36,359-cr relief announced by UP chief minister Yogi Adityanath for small and marginal farmers in the state."
RBI repo rate unchanged. Where should you invest now?,https://economictimes.indiatimes.comhttps://economictimes.indiatimes.com/mf/analysis/rbi-repo-rate-unchanged-where-should-you-invest-now/articleshow/58045445.cms,"A status-quo policy is not a great news for debt mutual fund investors, as debt funds gain the most when the rates go down."
Repo rate pause likely to support housing market’s steady growth in festive season,https://economictimes.indiatimes.comhttps://economictimes.indiatimes.com/industry/services/property-/-cstruction/repo-rate-pause-likely-to-support-housing-markets-steady-growth-in-festive-season/articleshow/102597405.cms,"While interest rate-sensitive segments of affordable and low-income housing have started witnessing some impact of the rate hikes implemented earlier, any further increase may have resulted in hitting the demand in this segment."
Fitch raises India growth forecast for FY24 to 6.3%,https://economictimes.indiatimes.comhttps://economictimes.indiatimes.com/news/economy/indicators/fitch-raises-india-growth-forecast-for-fy24-to-6-3/articleshow/101199997.cms,Fitch also said that it expects the Reserve Bank of India (RBI) to pause rates until early next year given the moderation in growth and easing inflationary pressures.
RBI declares formation of repository for fintechs to expand digital payments,https://economictimes.indiatimes.comhttps://economictimes.indiatimes.com/news/economy/policy/rbi-declares-formation-of-repository-for-fintechs-to-expand-digital-payments/articleshow/105844991.cms,The Reserve Bank of India (RBI) has increased the limits on UPI payments to Rs 5 lakh for specific situations and announced the creation of a repository for fintechs. This move aims to expand digital payments and reduce reliance on physical cash or cheques. The limits for UPI transactions made to hospitals and educational institutes have been raised from ₹1 lakh to ₹5 lakh per transaction.
"RBI leaves repo rate unchanged at 6.5%, stance of “withdrawal of accommodation” retained",https://economictimes.indiatimes.comhttps://economictimes.indiatimes.com/markets/stocks/news/rbi-policy-verdict-repo-rate-left-unchanged-at-6-5-stance-of-withdrawal-of-accommodation-retained/articleshow/105828620.cms,"The decision to leave rates unchanged was unanimously voted by the 6-member MPC panel, while the need to retain the stance was voted by 5 out of 6 members."
Private banks more quicker in passing on rate revisions,https://economictimes.indiatimes.comhttps://economictimes.indiatimes.com/industry/banking/finance/banking/private-banks-more-quicker-in-passing-on-rate-revisions/articleshow/121658262.cms,"Private sector banks charge higher spreads on loans compared to public sector banks, ranging from 40 to 200 basis points more, according to recent RBI data. Despite this, private banks demonstrated more effective transmission of policy rates during a period of tight liquidity. The RBI is considering new guidelines to improve policy rate transmission, potentially announced Friday."
RBI monetary policy announcement on October 9,https://economictimes.indiatimes.comhttps://economictimes.indiatimes.com/markets/stocks/news/rbi-monetary-policy-meet-to-be-held-from-october-7-9/articleshow/78509033.cms,RBI had postponed its MPC meeting due to delays in naming new members to the committee.
Reserve Bank of India expected to hold rates this week,https://economictimes.indiatimes.comhttps://economictimes.indiatimes.com/news/economy/policy/reserve-bank-expected-to-hold-rates-this-week/articleshow/81904477.cms,"The MPC will announce its policy decision on Wednesday. While the forward guidance has been that the accommodative stance will run well into this fiscal year, a series of conflicting messages has left the markets scrambling on the central bank’s unwinding approach to liquidity measures. Investors would need clarity from governor Das on his agenda for bond markets."
Expect a small calibrated cut from RBI rather than a pause: Siddhartha Sanyal,https://economictimes.indiatimes.comhttps://economictimes.indiatimes.com/markets/expert-view/expect-a-small-calibrated-cut-from-rbi-rather-than-a-pause-siddhartha-sanyal/articleshow/77385804.cms,"‘Even if the headline print is slightly higher than the RBI’s comfort in the latest print, the pressure for the RBI to deliver more rate cuts is quite strong.’"
RBI study hints a rate hike in the next policy meet,https://economictimes.indiatimes.comhttps://economictimes.indiatimes.com/news/economy/finance/rbi-study-hints-a-rate-hike-in-the-next-policy-meet/articleshow/65939378.cms,"Economic theory suggests that when an economy is growing to its full potential, the cost of funds for further growth may be reined in by signalling higher rates."
HDFC raises retail lending rate by 10 bps,https://economictimes.indiatimes.comhttps://economictimes.indiatimes.com/wealth/personal-finance-news/hdfc-raises-retail-lending-rate-by-10-bps/articleshow/66028935.cms,"On Saturday, state-run Punjab National Bank had increased its benchmark lending rates or MCLR for short-term loans by up to 0.2 per cent, effective Monday."
"Tech view: Nifty forms bearish candle, 200-DMA at 10,749 key level to watch",https://economictimes.indiatimes.comhttps://economictimes.indiatimes.com/markets/stocks/news/tech-view-nifty-forms-bearish-candle-200-dma-at-10749-key-level-to-watch/articleshow/66954221.cms,"Markets had a mixed reaction to RBI’s money policy, which largely remained a non-event."
Record rate spread shows challenge to reviving India’s economy,https://economictimes.indiatimes.comhttps://economictimes.indiatimes.com/news/economy/policy/record-rate-spread-shows-challenge-to-reviving-indias-economy/articleshow/71937391.cms,"RBI is cutting interest rates, but lenders aren’t passing on reductions to customers. A challenge for economy."
RBI to ensure adequate liquidity to all sectors,https://economictimes.indiatimes.comhttps://economictimes.indiatimes.com/news/economy/policy/rbi-to-ensure-adequate-liquidity-to-all-sectors/articleshow/67881679.cms,"RBI said the projected numbers are contingent on a normal monsoon, and no negative surprises on crude prices."
Monetary policy delay adds to Indian bankers’ long list of problems,https://economictimes.indiatimes.comhttps://economictimes.indiatimes.com/industry/banking/finance/banking/monetary-policy-delay-adds-to-indian-bankers-long-list-of-problems/articleshow/78400407.cms,The Reserve Bank of India’s decision to reschedule this week’s interest-rate meeting makes it difficult for lenders to price loans and deposits because they usually track the monetary policy’s outlook for liquidity and interest rates.
"Bank, auto, realty stocks rise after RBI keeps repo rate unchanged",https://economictimes.indiatimes.comhttps://economictimes.indiatimes.com/markets/stocks/news/bank-auto-realty-stocks-rise-after-rbi-keeps-repo-rate-unchanged/articleshow/73977793.cms,The RBI maintained it accomodative stance to support growth and said that there is policy space available for future action
RBI sees GDP to expand at 6 per cent in FY21,https://economictimes.indiatimes.comhttps://economictimes.indiatimes.com/news/economy/indicators/rbi-sees-gdp-to-expand-at-6-per-cent-in-fy21/articleshow/73978827.cms,"After three-day deliberations, the Monetary Policy Committee (MPC), headed by Reserve Bank of India (RBI) Governor Shaktikanta Das, observed that the economy continues to be weak and the output gap remains negative."
Has India recovered from the onion price shock? Here's what RBI had to say,https://economictimes.indiatimes.comhttps://economictimes.indiatimes.com/news/economy/indicators/has-india-recovered-from-the-onion-price-shock-heres-what-rbi-had-to-say/articleshow/73978601.cms,"Going forward, the inflation outlook is likely to be influenced by several factors like food inflation, crude prices and input costs for services, RBI said."
"We will eventually pass on the rate hike to consumers: Ramesh Iyer, M&M Financial",https://economictimes.indiatimes.comhttps://economictimes.indiatimes.com/markets/expert-view/we-will-eventually-pass-on-the-rate-hike-to-consumers-ramesh-iyer-mm-financial/articleshow/64509856.cms,"""The cost increase will not falling only on financials. It gets distributed between the dealer, OEM and the financial as well. """
Full text: RBI explains why it hiked rates,https://economictimes.indiatimes.comhttps://economictimes.indiatimes.com/markets/stocks/news/full-text-rbi-explains-why-it-hiked-rates/articleshow/64477705.cms,"The Reserve Bank of India, in line with expectations, went for a rate hike."
"25-50 bps hike in home loan rate may not be a deterrent for growth: R Varadarajan, Repco Home Finance",https://economictimes.indiatimes.comhttps://economictimes.indiatimes.com/markets/expert-view/25-50-bps-hike-in-home-loan-rate-may-not-be-a-deterrent-for-growth-r-varadarajan-repco-home-finance/articleshow/64490219.cms,“Raising eligibility for home loans under affordable housing to have a positive impact on cost of funds.”
"RBI could go for OMO in second half of FY19: Sonal Varma, Nomura Financial Advisory",https://economictimes.indiatimes.comhttps://economictimes.indiatimes.com/markets/expert-view/rbi-could-go-for-omo-in-second-half-of-fy19-sonal-varma-nomura-financial-advisory/articleshow/64492518.cms,"“If inflation goes up, RBI will hike rates again in August”"
Increase in priority sector lending limit likely to prop up affordable housing,https://economictimes.indiatimes.comhttps://economictimes.indiatimes.com/industry/services/property-/-cstruction/increase-in-priority-sector-lending-limit-likely-to-prop-up-affordable-housing/articleshow/64482919.cms,RBI's decision to increase the loan limits for priority sector lending (PSL) is expected to help first-time homebuyers avail higher amount of loans at better terms.
"RBI confident about growth, expect a couple of more hikes in this cycle: R Sivakumar, Axis MF",https://economictimes.indiatimes.comhttps://economictimes.indiatimes.com/markets/expert-view/rbi-confident-on-growth-expect-a-couple-of-more-hikes-in-this-cycle-r-sivakumar-axis-mf/articleshow/64489689.cms,"""Keeping the outlook neutral gives the central bank sufficient cover to go slow and wait for more data."""
"Sensex rallies 250 points; Nifty50 above 8,250 level",https://economictimes.indiatimes.comhttps://economictimes.indiatimes.com/et-now/markets/sensex-rallies-250-points-nifty50-above-8250-level/videoshow/52634280.cms,
Bank stocks slip up to 3% after RBI rate cut,https://economictimes.indiatimes.comhttps://economictimes.indiatimes.com/markets/stocks/news/bank-stocks-slip-up-to-3-after-rbi-rate-cut/articleshow/71436430.cms,"Nifty Bank index on the NSE was trading 1 per cent down at 28,121."
RBI Governor reiterates growth priority but bond market snubs assurances,https://economictimes.indiatimes.comhttps://economictimes.indiatimes.com/markets/bonds/rbi-governor-reiterates-growth-priority-but-bond-market-snubs-assurances/articleshow/85096600.cms,"The 60 basis-point increase in inflation forecast for the financial year, increased quantum of variable rate reverse repos and dissent on stance by an independent member have given clear insights on RBI’s thinking."
India Inc delighted as RBI halts rates hike,https://economictimes.indiatimes.comhttps://economictimes.indiatimes.com/news/economy/policy/india-inc-delighted-as-rbi-halts-rates-hike/articleshow/7112626.cms,"India Inc said it is ""happy and delighted"" at RBI keeping the key policy rates unchanged and announcing measures to pump in Rs 48,000 cr into the system."
"Inflation target lowered, but risks remain",https://economictimes.indiatimes.comhttps://economictimes.indiatimes.com/markets/stocks/news/inflation-target-lowered-but-risks-remain/articleshow/66090016.cms,Uneven rainfall across the country has added to the risks to food inflation.
"Market keeps on correcting itself, we should all be patient: Rashesh Shah",https://economictimes.indiatimes.comhttps://economictimes.indiatimes.com/markets/expert-view/market-keeps-on-correcting-itself-we-should-all-be-patient-rashesh-shah/articleshow/74847670.cms,"Along with moratorium, SMEs will need fresh funds also, says Edelweiss Chairman."
"Inflation rise not structural, rate hike to begin from next June: Report",https://economictimes.indiatimes.comhttps://economictimes.indiatimes.com/news/economy/indicators/inflation-rise-not-structural-rate-hike-to-begin-from-next-june-report/articleshow/85068320.cms,The assessment comes a day ahead of the third bimonthly monetary policy review on Friday wherein it's widely expected that the monetary authority will leave the key rates unchanged at 4 per cent even though the consumer prices have been on remaining above 6 per cent since May and crude prices have been north of USD 70 a barrel for months.
Decoding RBI's new digital payments moves and their impact on fintech ecosystem,https://economictimes.indiatimes.comhttps://economictimes.indiatimes.com/industry/banking/finance/banking/decoding-rbis-new-digital-payments-moves-and-their-impact-on-fintech-ecosystem/articleshow/81950089.cms,"The central bank governor Shaktikanta Das in his Monetary Policy Committee (MPC) address said that fintech companies such as prepaid instrument issuers (PPIs), card networks and TReDS operators, among others, will now be allowed to become members of its centralised payment systems such as RTGS and NEFT."
"There is concern over Covid but no panic like last year: Ashutosh Khajuria, Federal Bank",https://economictimes.indiatimes.comhttps://economictimes.indiatimes.com/markets/stocks/news/concern-is-there-but-there-is-no-panic-as-it-was-same-time-last-year-ashutosh-khajuria-federal-bank/videoshow/81949112.cms,
"March WPI number is mere statistics, RBI unlikely to be nudged into any action: Mythili Bhusnurmath",https://economictimes.indiatimes.comhttps://economictimes.indiatimes.com/opinion/interviews/march-wpi-number-is-mere-statistics-rbi-unlikely-to-be-nudged-into-any-action-mythili-bhusnurmath/articleshow/51875638.cms,"""Policy action is largely over and done with. WPI is largely irrelevant from the RBI’s standpoint. So yes, it is just one more number on the table."""
Borrowing cost for corporates goes up despite RBI's rate cut,https://economictimes.indiatimes.comhttps://economictimes.indiatimes.com/news/economy/finance/borrowing-cost-for-corporates-goes-up-despite-rbis-rate-cut/articleshow/47579786.cms,SAIL mopped up Rs 420 crore at 8.35% with a three-year maturity; the company had offered 7.95% for a similar issuance in April.
Rupee up against US $; below 62 levels,https://economictimes.indiatimes.comhttps://economictimes.indiatimes.com/markets/forex/rupee-up-against-us-below-62-levels/articleshow/45343909.cms,"The rupee strengthened against the US dollar, making day's high of 61.87 vesus the greenback increased selling of the American currency by exporters ahead of RBI's policy review."
Indian rupee falls below 82/USD after RBI hits pause on rate hikes,https://economictimes.indiatimes.comhttps://economictimes.indiatimes.com/markets/forex/indian-rupee-falls-below-82/usd-after-rbi-hits-pause-on-rate-hikes/articleshow/99286428.cms,"The central bank surprised markets by keeping the key policy rate at 6.50%. A large majority of economists, 49 of 62, had said the RBI would lift its repo rate by 25 basis points to a seven-year high of 6.75%."
Heard on the Street: Punters zoom in on Riddhi Siddhi Gluco Biols,https://economictimes.indiatimes.comhttps://economictimes.indiatimes.com/markets/stocks/news/heard-on-the-street-punters-zoom-in-on-riddhi-siddhi-gluco-biols/articleshow/6221292.cms,Shares of India’s largest producer of starch and starch derivatives Riddhi Siddhi Gluco Biols have risen nearly 35% in the past three trading sessions supported by huge volumes.
Sensex climbs Mount 50K again on RBI's dovish stance: Key factors supporting market,https://economictimes.indiatimes.comhttps://economictimes.indiatimes.com/markets/stocks/news/sensex-climbs-mount-50k-again-on-rbis-dovish-stance-key-factors-supporting-market/articleshow/81964193.cms,"After opening in the green, benchmark indices maintained their lead."
RBI: Looking through the liquidity management tea leaves,https://economictimes.indiatimes.comhttps://economictimes.indiatimes.com/markets/stocks/news/rbi-looking-through-the-liquidity-management-tea-leaves/articleshow/114240416.cms,"The RBI's October policy shift to a neutral stance was reflected in its liquidity management since July 2024, with interbank liquidity surplus averaging INR1.2tn. RBI refrained from strong liquidity absorption, signaling comfort with current conditions as government expenditure rose and inflation pressures moderated."
RBI sees inflation firming up at 5.1% in March quarter,https://economictimes.indiatimes.comhttps://economictimes.indiatimes.com/news/economy/indicators/rbi-sees-inflation-firming-up-at-5-1-in-march-quarter/articleshow/62819700.cms,Inflation projected to be in the range of 5.1-5.6 per cent in the first half of 2018-19. The central bank kept the repo rate unchanged at 6 per cent.
"Sensex snaps 4-day winning streak, falls 294 pts after RBI policy outcome; Nifty below 18,650",https://economictimes.indiatimes.comhttps://economictimes.indiatimes.com/markets/stocks/news/sensex-snaps-4-day-winning-streak-falls-294-pts-after-rbi-policy-outcome-nifty-below-18650/videoshow/100849174.cms,
RBI keeps repo rate at 6.50%; cuts inflation projection sharply,https://economictimes.indiatimes.comhttps://economictimes.indiatimes.com/markets/stocks/news/rbi-maintains-status-quo-keeps-repo-rate-at-6-50-cuts-slr-by-25-bps/articleshow/66951633.cms,RBI maintained 'calibrated tightening' stance and projected H1FY20 GDP growth at 7.5%.
"This could be the last rate hike for this calendar year: Shyam Srinivasan, Federal Bank",https://economictimes.indiatimes.comhttps://economictimes.indiatimes.com/markets/expert-view/this-could-be-the-last-rate-hike-for-this-calendar-year-shyam-srinivasan-federal-bank/articleshow/65230137.cms,"""The rupee impact is not just linked only to the rate hike. There are too many variables """
What derivative market hints for future rates?,https://economictimes.indiatimes.comhttps://economictimes.indiatimes.com/markets/stocks/news/what-derivative-market-hints-for-future-rates/articleshow/66337922.cms,The yield on benchmark government bonds has fallen more than 30 basis points over a month amid rising trade volumes.
"RBI repo rate kept unchanged: What FD investors, home loan borrowers can do now",https://economictimes.indiatimes.comhttps://economictimes.indiatimes.com/wealth/personal-finance-news/rbi-repo-rate-kept-unchanged-what-fd-investors-home-loan-borrowers-can-do-now/articleshow/81944404.cms,"With repo rate being at the lowest level seen in the last two decades, a continuation of this low interest rate regime works well for the borrowers, however, for FD investors it will only increase their woes."
"RBI's rate decision, state poll results major factors to drive equity market: Analysts",https://economictimes.indiatimes.comhttps://economictimes.indiatimes.com/markets/stocks/news/rbis-rate-decision-state-poll-results-major-factors-to-drive-equity-market-analysts/articleshow/95974990.cms,"On the global front, the US bond yields and the dollar index have fallen sharply, and markets will continue to watch their move from here, Meena added."
"From Rs 10 lakh to Rs 20 lakh, collateral free loan limit will be doubled for these borrowers; RBI MPC",https://economictimes.indiatimes.comhttps://economictimes.indiatimes.com/wealth/borrow/from-rs-10-lakh-to-rs-20-lakh-collateral-free-loan-limit-will-be-doubled-for-these-borrowers-rbi-mpc/articleshow/127970246.cms,The Reserve Bank of India has doubled the collateral-free loan limit for small business from Rs 10 lakh to Rs 20 lakh. Collateral-free loans allow businesses to secure funds without pledging assets.
"Vaccine approval drives Sensex 120 point higher; Nifty above 13,155",https://economictimes.indiatimes.comhttps://economictimes.indiatimes.com/markets/stocks/news/vaccine-approval-drives-sensex-120-point-higher-nifty-above-13155/articleshow/79541254.cms,"The news also diffused the nervousness on Dalal Street and the volatility index plunged sharply. However, some profit booking in IT and select auto names kept the gains in check. Investors will now keep an eye on RBI policy meeting outcomes scheduled on Friday."
Market open: Sensex drops 0.4% before RBI policy; Ranbaxy gains,https://economictimes.indiatimes.comhttps://economictimes.indiatimes.com/et-now/markets/market-open-sensex-drops-0-4-before-rbi-policy-ranbaxy-gains/videoshow/8149591.cms,Market-open.jpg
"RBI policy on realty loan to benefit both HFCs and banks: Keki Mistry, HDFC",https://economictimes.indiatimes.comhttps://economictimes.indiatimes.com/markets/expert-view/rbi-policy-on-real-estate-beneficial-to-both-hfcs-and-banks-keki-mistry-hdfc/articleshow/73985654.cms,"If the thousands of stuck projects all over the country get completed, not only will the NPL issue get partly addressed, but more importantly, it will give confidence to home buyers to purchase real estate in a stronger manner, says Keki Mistry, VC & CEO, HDFC."
"Banking, auto, real estate stocks turn choppy post RBI policy outcome",https://economictimes.indiatimes.comhttps://economictimes.indiatimes.com/markets/stocks/news/banking-auto-real-estate-stocks-turn-choppy-post-rbi-policy-outcome/articleshow/50817822.cms,"Shares of banking, auto and real estate sectors turned choppy on Tuesday after the Reserve Bank of India (RBI) in its policy review maintained status quo on policy rates. The rate-sensitive stocks were trading mostly higher in the morning trade."
"Lower rates? Boiling oil, inflation spike may upset RBI policy applecart",https://economictimes.indiatimes.comhttps://economictimes.indiatimes.com/markets/stocks/news/simmering-oil-inflation-spike-may-limit-rbis-policy-easing-space/articleshow/62484816.cms,India’s retail inflation accelerated more than estimated to a 17-month high.
"RBI policy meet, Q4 results will keep traders busy next week",https://economictimes.indiatimes.comhttps://economictimes.indiatimes.com/markets/stocks/news/rbi-policy-meet-q4-earnings-to-be-key-market-drivers-next-week/articleshow/90597645.cms,"As far as earnings are concerned, IT stocks seem to be on a strong footing. Numbers released by Accenture last month surpassed its expectations, which bodes well for the industry as a whole."
Market Watch: Key aspects of tomorrow’s RBI policy that would affect equities,https://economictimes.indiatimes.comhttps://economictimes.indiatimes.com/markets/stocks/etmarkets-podcast/market-watch-key-aspects-of-tomorrows-rbi-policy-that-would-affect-equities/videoshow/92064009.cms,
"RBI policy in line with expectations; downside risks have receded: Keki Mistry, HDFC",https://economictimes.indiatimes.comhttps://economictimes.indiatimes.com/opinion/interviews/rbi-policy-in-line-with-expectations-downside-risks-have-receded-keki-mistry-hdfc/articleshow/43887899.cms,"""The downside risk has perhaps receded a little when compared to what it was in the last policy; and I read that as mildly positive."""
"RBI policy outcome was as per market expectation: Nilesh Shah, MD, Kotak, AMC",https://economictimes.indiatimes.comhttps://economictimes.indiatimes.com/markets/expert-view/rbi-policy-outcome-was-as-per-market-expectation-nilesh-shah-md-kotak-amc/articleshow/96051072.cms,Undoubtedly growth continues to soften. RBI itself has revised growth target downwards from 7% to 6.8% for FY23 but these are unusual circumstances. Globally there is a massive storm going on and within that India has so far done well.
"RBI policy: Firms must be ready for continued stress in commodity prices, says industry",https://economictimes.indiatimes.comhttps://economictimes.indiatimes.com/news/company/corporate-trends/rbi-policy-firms-must-be-ready-for-continued-stress-in-commodity-prices-says-industry/articleshow/94562698.cms,"RBI Governor Shaktikanta Das said the impact of inflation globally is weighing heavily on the domestic market. For the September quarter of 2022-23, RBI projected retail inflation at 7.1 per cent."
Rupee ends flat at 68.21 vs dollar ahead of RBI policy meet,https://economictimes.indiatimes.comhttps://economictimes.indiatimes.com/markets/forex/rupee-ends-flat-at-68-21-vs-dollar-ahead-of-rbi-policy-meet/articleshow/55815477.cms,Overall forex market sentiment remained cautious ahead of the central bank's policy review on Wednesday and a steep crash in the euro.
"Axis Bank, IBHFL among most active stocks ahead of RBI policy review",https://economictimes.indiatimes.comhttps://economictimes.indiatimes.com/markets/stocks/news/axis-bank-ibhfl-among-most-active-stocks-ahead-of-rbi-policy-review/articleshow/57037468.cms,Most active stocks in terms of value help investors to identify the stocks with highest trading turnover during the day.
"RBI policy needs to be inflation, fiscal deficit driven: SBI chief Arundhati Bhattacharya",https://economictimes.indiatimes.comhttps://economictimes.indiatimes.com/news/economy/policy/rbi-policy-needs-to-be-inflation-fiscal-deficit-driven-sbi-chief-arundhati-bhattacharya/articleshow/51212787.cms,The RBI needs to take into account the benign inflation as well as the government's commitment on fiscal discipline next fiscal while formulating its monetary policy.
Top five takeaways from RBI policy review that can impact stock market,https://economictimes.indiatimes.comhttps://economictimes.indiatimes.com/markets/stocks/news/top-five-takeaways-from-rbi-policy-review-that-can-impact-stock-market/articleshow/51695321.cms,"The market recouped some of the losses as the market took note of the liquidity provisions provided by RBI, which has proved to be a hurdle in transmission of rates."
Short-term gilts suggest RBI policy normalisation still some time away,https://economictimes.indiatimes.comhttps://economictimes.indiatimes.com/markets/bonds/short-term-gilts-suggest-rbi-policy-normalisation-still-some-time-away/articleshow/86965313.cms,RBI’s decision to set the cutoff rate at a recent reverse repo auction at 3.99 per cent -- just below the benchmark policy repo rate of 4.00 per cent -- also stoked speculation that the central bank was looking to realign money market rates to the repo rate rather that the reverse repo rate of 3.35 per cent.
Rupee bounces back 21 paise to 61.31 vs dollar on RBI policy,https://economictimes.indiatimes.comhttps://economictimes.indiatimes.com/markets/forex/rupee-bounces-back-21-paise-to-61-31-vs-dollar-on-rbi-policy/articleshow/24882279.cms,The rupee got a boost as stock market investors cheered the Reserve Bank's steps. Fresh dollar sales by exporters also supported the local currency.
"RBI policy is a thumbs up for bank, IT and pharma sectors: Anand Rathi",https://economictimes.indiatimes.comhttps://economictimes.indiatimes.com/markets/stocks/news/rbi-policy-is-a-thumbs-up-for-bank-it-and-pharma-sectors-anand-rathi/articleshow/46107787.cms,"The 50 bps cut in SLR is largely inconsequential right now with banks, in aggregate holding excess SLR to the tune of 500 bps over the statutory limit."
"Budget, RBI policy to steer India's economic growth in next 10 days: UBI",https://economictimes.indiatimes.comhttps://economictimes.indiatimes.com/news/economy/policy/budget-rbi-policy-to-steer-indias-economic-growth-in-next-10-days-ubi/articleshow/117723904.cms,"Union Budget 2025: Over the next 10 days, India's economy will be shaped by the Union Budget announcement and the RBI's Monetary Policy Committee meeting. The government and RBI are anticipated to unveil measures to stimulate growth amidst economic slowdown, focusing on fiscal consolidation and rate cuts to ease liquidity and bolster demand."
"As Fed resumes rate hike, market watchers say RBI policy unlikely to be affected",https://economictimes.indiatimes.comhttps://economictimes.indiatimes.com/news/economy/as-fed-resumes-rate-hike-market-watchers-say-rbi-policy-unlikely-to-be-affected/articleshow/102174819.cms,"The United States Federal Reserve raised its benchmark interest rate by 25 basis points on Wednesday night, marking the highest increase in the last 22 years. The benchmark federal funds rate now ranges from 5.25% to 5.5%, reaching its highest level since 2001. This move further tightens economic activity as borrowing costs for homes, cars, and other goods increase."
RBI Policy: Das cites BoE acceptance to expand regulatory oversight deals,https://economictimes.indiatimes.comhttps://economictimes.indiatimes.com/news/economy/policy/rbi-policy-das-cites-boe-acceptance-to-expand-regulatory-oversight-deals/articleshow/105832565.cms,"Days after the Reserve Bank of India (RBI) and the Bank of England (BoE) reached an agreement on cooperation regarding the Clearing Corporation of India (CCIL), central bank governor Shaktikanta Das called upon other regulators to accept the same principles amid an ongoing tussle with European authorities."
"RBI policy: Tone’s hawkish, and there’s nothing ‘inadvertent’ about it",https://economictimes.indiatimes.comhttps://economictimes.indiatimes.com/news/economy/policy/rbi-policy-tones-hawkish-and-theres-nothing-inadvertent-about-it/articleshow/105849023.cms,"""We do not communicate anything inadvertently, let me make it very clear,"" Governor Das told reporters during the customary interaction after the latest policy review that was earlier interpreted as setting the stage for an easing of monetary policy. ""If somebody is assuming it's a signal to move toward a neutral stance, I think it will be incorrect."""
"Sensex snaps 7-day rally, drops 132 points ahead of RBI policy",https://economictimes.indiatimes.comhttps://economictimes.indiatimes.com/markets/stocks/news/sensex-snaps-7-day-rally-drops-132-points-ahead-of-rbi-policy/articleshow/105811688.cms,"The Reserve Bank of India’s rate-setting panel, the Monetary Policy Committee (MPC), is likely to keep the repo rate unchanged at 6.5% for the fifth consecutive time, shifting its focus on liquidity tightening, according to some economists. The market capitalisation of all listed companies on BSE increased by Rs 1.32 lakh crore to Rs 350.17 lakh crore."
"Traders' bets indicate lower volatility post Federal Reserve meet, RBI policy",https://economictimes.indiatimes.comhttps://economictimes.indiatimes.com/markets/stocks/news/traders-bets-indicate-lower-volatility-post-federal-reserve-meet-rbi-policy/articleshow/48799020.cms,Analysts expect significant volatility closer to the Fed and RBI meetings in second half of this month and a decline thereafter.
Here’s what prominent debt fund managers say about RBI policy,https://economictimes.indiatimes.comhttps://economictimes.indiatimes.com/mf/analysis/heres-what-prominent-debt-fund-managers-say-about-rbi-policy/articleshow/70569922.cms,"With today’s rate action, we have seen a cumulative rate reduction of 110 bps, and it is imperative to see this impact percolate to the real sector."
"Banking, auto, real estate stocks turn mixed post RBI policy review",https://economictimes.indiatimes.comhttps://economictimes.indiatimes.com/markets/stocks/news/banking-auto-real-estate-stocks-turn-mixed-post-rbi-policy-review/articleshow/53611574.cms,"Auto stocks Eicher Motors (down 0.70 per cent), Hero MotoCorp (down 0.54 per cent) and Maruti Suzuki (down 0.28 per cent) were the top index losers."
"After RBI's policy, AAP government to review schemes and projects earmarked for FY14",https://economictimes.indiatimes.comhttps://economictimes.indiatimes.com/news/economy/policy/after-rbis-policy-aap-government-to-review-schemes-and-projects-earmarked-for-fy14/articleshow/29487714.cms,"Kejriwal's government will review schemes and projects earmarked for financial year 2013-14 under a budgetary outlay of about Rs 36,000 crore (plan and non-plan)."
How RBI's policy saw rupee post its biggest fall in 20 months,https://economictimes.indiatimes.comhttps://economictimes.indiatimes.com/markets/forex/how-rbis-policy-moved-the-rupee-to-its-lowest-level-in-20-months/articleshow/81955754.cms,Currency traders believe long-term VRRR may prompt the central bank to return to spot market intervention as such measures suck out liquidity.
"Post RBI policy: Bonds draw comfort from future guidance, rupee steady",https://economictimes.indiatimes.comhttps://economictimes.indiatimes.com/markets/bonds/post-rbi-policy-bonds-draw-comfort-from-future-guidance-rupee-steady/articleshow/29488618.cms,The ten-year benchmark bond yield has increased eight basis points to 8.80% pushing prices down immediately after the RBI hiked its repo rate.
RBI Policy: Small & mid-sized banks may still feel margin pressure,https://economictimes.indiatimes.comhttps://economictimes.indiatimes.com/markets/stocks/news/rbi-policy-small-mid-sized-banks-may-still-feel-margin-pressure/articleshow/7115151.cms,The RBI chose not to revise the policy rates. Still small and mid-sized banks may feel the pressure on their margins as they strive to boost their deposit base.
"Waiting for RBI policy review to decide on rate cut: D Sarkar, Union Bank",https://economictimes.indiatimes.comhttps://economictimes.indiatimes.com/opinion/interviews/waiting-for-rbi-policy-review-to-decide-on-rate-cut-d-sarkar-union-bank/articleshow/17387717.cms,"In an interview with ET Now, D Sarkar, CMD, Union Bank of India, talks about the asset quality concern and their restructuring plans."
Tech view: Nifty forms bearish candle; tread with caution ahead of RBI policy,https://economictimes.indiatimes.comhttps://economictimes.indiatimes.com/markets/stocks/news/tech-view-nifty-forms-bearish-candle-tread-with-caution-ahead-of-rbi-policy/articleshow/55750867.cms,Traders are advised not to create any long positions on declines and remain cautious ahead of Reserve Bank of India’s money policy review on December 7.
Banking stocks worst hit by RBI policy; ICICI Bank down over 1%,https://economictimes.indiatimes.comhttps://economictimes.indiatimes.com/markets/stocks/news/banking-stocks-worst-hit-by-rbi-policy-icici-bank-down-over-1/articleshow/39677688.cms,The BSE Banking index pared gains and plunged in deep red after the RBI in its policy meet on Tuesday kept the repo rate unchanged at 8%.
"Re ends weaker at 50.33 vs $, bonds rise ahead of RBI policy",https://economictimes.indiatimes.comhttps://economictimes.indiatimes.com/markets/forex/re-ends-weaker-at-50-33-vs-bonds-rise-ahead-of-rbi-policy/articleshow/4427755.cms,Bond prices rose ahead of RBI’s annual policy statement scheduled on Tuesday. Yields on the benchmark 10-year government bond fell to one and a half month lows on Monday.
Rupee falls 3 paise against US dollar post RBI policy meet,https://economictimes.indiatimes.comhttps://economictimes.indiatimes.com/markets/forex/rupee-falls-3-paise-against-us-dollar-post-rbi-policy-meet/articleshow/53612740.cms,Rupee fell to 66.87 against the US dollar. It opened at 66.78. RBI kept the policy repo rate under the liquidity adjustment facility unchanged at 6.5 per cent.
"Bank, auto, realty stocks stuck in a range ahead of RBI policy review",https://economictimes.indiatimes.comhttps://economictimes.indiatimes.com/markets/stocks/news/bank-auto-realty-stocks-stuck-in-a-range-ahead-of-rbi-policy-review/articleshow/47509718.cms,"Shares of rate-sensitive cos such as banks, realty, auto and capital goods were trading in a range on Tuesday, ahead of RBI meet."
Reaction to RBI policy announcements would determine underlying market strength: Ashwani Gujral,https://economictimes.indiatimes.comhttps://economictimes.indiatimes.com/markets/stocks/recos/reaction-to-rbi-policy-announcements-would-determine-underlying-market-strength-ashwani-gujral/articleshow/47501123.cms,"If the market starts going down despite a rate cut, then that would be a significant sell signal, says Gujral."
"Govt is re-thinking RBI's policy action: Dr. Surjit Bhalla, Oxus Investments",https://economictimes.indiatimes.comhttps://economictimes.indiatimes.com/opinion/interviews/govt-is-re-thinking-rbis-policy-action-dr-surjit-bhalla-oxus-investments/articleshow/9980536.cms,"In an interview with ET Now, Dr. Surjit Bhalla, Chairman, Oxus Investments, gives his views on inflation and the expected rate hike. Excerpts:"
Stock market update: Realty index settles in the green post RBI policy outcome,https://economictimes.indiatimes.comhttps://economictimes.indiatimes.com/markets/stocks/news/stock-market-update-realty-index-settles-in-the-green-post-rbi-policy-outcome/articleshow/65229346.cms,The Nifty Realty index finished Wednesday's session 0.18 per cent up at 273.
"Not bothered about RBI's policy review, market eyes Raghuram Rajan's second term",https://economictimes.indiatimes.comhttps://economictimes.indiatimes.com/markets/stocks/news/not-bothered-about-rbis-policy-review-market-eyes-raghuram-rajans-second-term/articleshow/52612907.cms,A methodical approach to monetary policy rather than haphazard calls on interest rates has led to the belief that credibility has improved under Rajan.
Market now: Nifty Auto opens flat ahead of RBI policy meeting outcome,https://economictimes.indiatimes.comhttps://economictimes.indiatimes.com/markets/stocks/news/market-now-nifty-auto-opens-flat-before-rbi-policy-meeting-outcome/articleshow/59030245.cms,"Among the 51 stocks in Nifty index, 32 were trading in green, while 18 were in red."
"GDP data, RBI policy among 8 factors that will steer market next week",https://economictimes.indiatimes.comhttps://economictimes.indiatimes.com/markets/stocks/news/gdp-data-rbi-policy-among-8-factors-that-will-steer-market-next-week/articleshow/69617405.cms,The coming week is a truncated one as market will be closed on Wednesday for Id-Ul-Fitr.
Stock market update: Auto stocks remain up post RBI policy outcome,https://economictimes.indiatimes.comhttps://economictimes.indiatimes.com/markets/stocks/news/stock-market-update-auto-stocks-remain-up-post-rbi-policy-outcome/articleshow/64477803.cms,"The BSE Auto index was trading 1.28 per cent up at 24,771 around 02:50 pm with all components in the green."
"Sensex, Nifty off to a weak start; all eyes on RBI policy decision",https://economictimes.indiatimes.comhttps://economictimes.indiatimes.com/markets/stocks/news/sensex-nifty-off-to-a-weak-start-all-eyes-on-rbi-policy-decision/articleshow/69643306.cms,"Barring IT and teck, all other sectoral indices were in the green on BSE."
"GDP data, RBI policy among 8 factors that will steer market next week",https://economictimes.indiatimes.comhttps://economictimes.indiatimes.com/markets/stocks/news/gdp-data-rbi-policy-among-8-factors-that-will-steer-market-next-week/articleshow/69617405.cms,The coming week is a truncated one as market will be closed on Wednesday for Id-Ul-Fitr.
Market now: Nifty Auto opens flat ahead of RBI policy meeting outcome,https://economictimes.indiatimes.comhttps://economictimes.indiatimes.com/markets/stocks/news/market-now-nifty-auto-opens-flat-before-rbi-policy-meeting-outcome/articleshow/59030245.cms,"Among the 51 stocks in Nifty index, 32 were trading in green, while 18 were in red."
"Not bothered about RBI's policy review, market eyes Raghuram Rajan's second term",https://economictimes.indiatimes.comhttps://economictimes.indiatimes.com/markets/stocks/news/not-bothered-about-rbis-policy-review-market-eyes-raghuram-rajans-second-term/articleshow/52612907.cms,A methodical approach to monetary policy rather than haphazard calls on interest rates has led to the belief that credibility has improved under Rajan.
"After RBI's policy, AAP government to review schemes and projects earmarked for FY14",https://economictimes.indiatimes.comhttps://economictimes.indiatimes.com/news/economy/policy/after-rbis-policy-aap-government-to-review-schemes-and-projects-earmarked-for-fy14/articleshow/29487714.cms,"Kejriwal's government will review schemes and projects earmarked for financial year 2013-14 under a budgetary outlay of about Rs 36,000 crore (plan and non-plan)."
"Post RBI policy: Bonds draw comfort from future guidance, rupee steady",https://economictimes.indiatimes.comhttps://economictimes.indiatimes.com/markets/bonds/post-rbi-policy-bonds-draw-comfort-from-future-guidance-rupee-steady/articleshow/29488618.cms,The ten-year benchmark bond yield has increased eight basis points to 8.80% pushing prices down immediately after the RBI hiked its repo rate.
Indian bond yields spike 9 bps to 6.42% after RBI policy,https://economictimes.indiatimes.comhttps://economictimes.indiatimes.com/markets/bonds/bond-yields-spike-9-bps-to-6-42-after-policy/articleshow/123146626.cms,"Indian bond yields experienced a surge on Wednesday. The 10-year benchmark government security witnessed a significant increase. This rise occurred amidst expectations of no rate cut in October. The Reserve Bank of India maintained its policy repo rate. The Indian rupee saw a slight strengthening against the dollar. However, India is facing potential tariff threats from the United States."
ET Market Watch: Sensex surges over 700 points on RBI policy boost,https://economictimes.indiatimes.comhttps://economictimes.indiatimes.com/markets/stocks/etmarkets-podcast/et-market-watch-sensex-surges-over-700-points-on-rbi-policy-boost/videoshow/124261153.cms,
Share of sub-9% bank loans rises with fall in rates,https://economictimes.indiatimes.comhttps://economictimes.indiatimes.com/markets/stocks/news/share-of-sub-9-bank-loans-rises-with-fall-in-rates/articleshow/129123637.cms,"Bank loans below 9% interest surged to 62.4% in December 2025, a significant rise from 42.4% a year prior, indicating easing lending rates. Despite this, the number of bank borrowers dropped by nearly 13 million, suggesting a shift towards non-bank lenders and fintech firms."
"Don’t exit long duration funds, says Abhiroop Mukherjee of Motilal Oswal AMC",https://economictimes.indiatimes.comhttps://economictimes.indiatimes.com/mf/analysis/dont-exit-long-duration-funds-says-abhiroop-mukherjee-of-motilal-oswal-amc/articleshow/59018844.cms,"Short-to-medium duration funds would be the ideal space because there still are a lot of uncertainties in the market, says Abhiroop Mukherjee."
RBI may reduce policy rates by 50 basis points in the first half of 2025: Jefferies,https://economictimes.indiatimes.comhttps://economictimes.indiatimes.com/news/economy/indicators/rbi-may-reduce-policy-rates-by-50-basis-points-in-the-first-half-of-2025-jefferies/articleshow/116910497.cms,"The Reserve Bank of India (RBI) is expected to cut policy rates by 50 basis points in the first half of 2025 after easing liquidity and reducing the Cash Reserve Ratio (CRR). While the rate cuts may support growth, they could temporarily compress banks' Net Interest Margins (NIMs) and impact asset quality, especially for public sector banks and smaller lenders."
RBI extends target date for meeting thresholds under Covid recast scheme 1.0,https://economictimes.indiatimes.comhttps://economictimes.indiatimes.com/news/economy/policy/rbi-extends-target-date-for-meeting-thresholds-under-covid-recast-scheme-1-0/articleshow/85092378.cms,"“Recognising the adverse impact of second wave of COVID-19 on revival of businesses, and the difficulty it may pose in meeting the operational parameters, it has been decided to defer the target date for meeting the specified thresholds in respect of the above parameters to October 1, 2022,” the RBI said."
Share market update: Realty stocks crumble ahead of RBI's policy outcome; Oberoi Realty cracks 7%,https://economictimes.indiatimes.comhttps://economictimes.indiatimes.com/markets/stocks/news/share-market-update-realty-stocks-crumble-ahead-of-rbis-policy-outcome-oberoi-realty-cracks-7/articleshow/66083738.cms,The Nifty Realty index was trading 2.63 per cent down at 209 around 01:27 pm.
Share market update: Auto stocks crack ahead of RBI's policy outcome; Bharat Forge top loser,https://economictimes.indiatimes.comhttps://economictimes.indiatimes.com/markets/stocks/news/share-market-update-auto-stocks-crack-ahead-of-rbis-policy-outcome-bharat-forge-top-loser/articleshow/66949955.cms,"Benchmark NSE Nifty50 index was down 78.15 points at 10,791.35 while BSE Sensex was down 227.52 points at 35,906.79 around 12:11 pm."
Share market update: Bank stocks mixed ahead of RBI's policy outcome; Yes Bank dips 1%,https://economictimes.indiatimes.comhttps://economictimes.indiatimes.com/markets/stocks/news/share-market-update-bank-stocks-mixed-ahead-of-rbis-policy-outcomenbspbr/articleshow/72377954.cms,"The Nifty Bank index was trading 0.21 per cent up at 32,047.10 ."
Share market update: Realty stocks tumble ahead of RBI's policy outcome; Phoenix Mills dips 3%,https://economictimes.indiatimes.comhttps://economictimes.indiatimes.com/markets/stocks/news/share-market-update-realty-stocks-tumble-ahead-of-rbis-policy-outcome-phoenix-mills-dips-3nbspbr/articleshow/66949726.cms,"Benchmark NSE Nifty50 index was down 78.25 points at 10,791.25 while BSE Sensex was down 234.57 points at 35,899.74 around 11:59 am."
"Budget, RBI policy, Q3 earnings among key factors that may guide D-Street this week",https://economictimes.indiatimes.comhttps://economictimes.indiatimes.com/markets/stocks/news/budget-rbi-policy-q3-earnings-among-key-factors-that-may-guide-d-street-this-week/articleshow/73866622.cms,Over 700 companies will announce their financial results for the December quarter this week.
"Rate action unlikely in RBI policy meet on 17th September: Killol Pandya, Daiwa Mutual Fund",https://economictimes.indiatimes.comhttps://economictimes.indiatimes.com/opinion/interviews/rate-action-unlikely-in-rbi-policy-meet-on-17th-september-killol-pandya-daiwa-mutual-fund/articleshow/15374803.cms,"Incrementally we may see a couple of more cuts in this financial year. However, to see a rate action in the next policy meet on 17th September seems unlikely."
"India's 10-yr bond yield holds firm ahead of quarter-end buying, RBI policy decision",https://economictimes.indiatimes.comhttps://economictimes.indiatimes.com/markets/bonds/indias-10-yr-bond-yield-holds-firm-ahead-of-quarter-end-buying-rbi-policy-decision/articleshow/124205810.cms,"India's 10-year bond yield remained stable Monday, as selling pressure from the government's revised borrowing plan was balanced by quarter-end buying and caution ahead of the RBI's monetary policy decision. While most expect rates to hold, some economists and firms anticipate a 25 basis-point cut amid subdued inflation and global trade concerns."
"CRR cut 50 bps by RBI, repo & reverse repo rate unchanged",https://economictimes.indiatimes.comhttps://economictimes.indiatimes.com/news/economy/policy/crr-cut-50-bps-by-rbi-repo-reverse-repo-rate-unchanged/articleshow/11612871.cms,"RBI kept repo and reverse repo rates unchanged at 8.5% and 7.5% respectively, despite mounting anxiety over slowdown in growth."
Policy rate may not be cut. Expect liquidity squeezing measures from RBI on April 6,https://economictimes.indiatimes.comhttps://economictimes.indiatimes.com/wealth/personal-finance-news/policy-rate-may-not-be-cut-expect-liquidity-squeezing-measures-from-rbi-on-april-6/articleshow/58010464.cms,"Many banks did not cut MCLR in Feb-March. If the RBI maintains status quo on rates, home loan rates will not come down either."
RBI unlikely to raise rates: DBS,https://economictimes.indiatimes.comhttps://economictimes.indiatimes.com/markets/stocks/news/rbi-unlikely-to-raise-rates-dbs/articleshow/62815209.cms,“The combination of fiscal challenges and rising oil prices makes the RBI’s policy path a tricky one this year”
"We are done with rate hikes till December: Keki Mistry, HDFC",https://economictimes.indiatimes.comhttps://economictimes.indiatimes.com/markets/expert-view/we-are-done-with-rate-hikes-till-december-keki-mistry-hdfc/articleshow/65244456.cms,“The growth that RBI is projecting is very much achievable.”
Key issues MPC is debating at 2-day money policy review,https://economictimes.indiatimes.comhttps://economictimes.indiatimes.com/markets/stocks/news/key-issues-mpc-is-debating-at-2-day-money-policy-review/articleshow/63610729.cms,"Amid adverse global developments, MPC may need to revamp policy rates and avoid status quo."
Full text: RBI explains why it stayed put on rates,https://economictimes.indiatimes.comhttps://economictimes.indiatimes.com/markets/stocks/news/rbi-keeps-repo-rate-on-hold-full-text-of-the-policy-statement/articleshow/63626540.cms,The main considerations underlying the decision are set out in the statement below.
"RBI likely to stay put on rates, flag concerns on food inflation, oil’s surge",https://economictimes.indiatimes.comhttps://economictimes.indiatimes.com/markets/stocks/news/rbi-likely-to-stay-put-on-rates-flag-concerns-on-food-inflation-oils-surge/articleshow/63573964.cms,"This year’s Budget made a key announcement, pegging the MSP for farmers at 1.5 times the cost."
Inflation risk may prompt RBI to shift away from accommodative stance next week: Nomura,https://economictimes.indiatimes.comhttps://economictimes.indiatimes.com/markets/stocks/news/inflation-risk-may-prompt-rbi-to-shift-away-from-accommodative-stance-next-week-nomura/articleshow/90606178.cms,"“There is a reasonable likelihood that the RBI will take its first reluctant step towards policy rate normalisation by changing stance from ‘accommodative’ to ‘neutral’, but we expect it to balance it with dovish guidance,” the global research firm said."
"Monetary Policy: RBI likely to hold repo rate, keep stance unchanged",https://economictimes.indiatimes.comhttps://economictimes.indiatimes.com/news/economy/policy/rbi-likely-to-hold-repo-rate-keep-stance-unchanged/articleshow/88112793.cms,The Central bank could also provide commentary aimed at reining in bond yields and signal that its moving to normalise monetary consitions to avoid a future spiral.
"With rate cut a given, RBI communication key to market recovery",https://economictimes.indiatimes.comhttps://economictimes.indiatimes.com/markets/stocks/news/with-rate-cut-a-given-rbi-communication-key-to-market-recovery/articleshow/71426548.cms,The market will interpret a 40-basis point cut as the end of the easing cycle.
Asia's central banks deploy forex reserves in fighting currency bears,https://economictimes.indiatimes.comhttps://economictimes.indiatimes.com/news/economy/finance/asias-central-banks-deploy-forex-reserves-in-fighting-currency-bears/articleshow/93338841.cms,"India, Thailand and Korea have seen their reserves drop by a combined $115 billion this year as they sold dollars to curb currency declines. While most central banks in Asia are also raising rates, economists see this aimed more at tamping down inflation than narrowing the rate differential with the Federal Reserve."
RBI to remain in comfortable hold for the time being,https://economictimes.indiatimes.comhttps://economictimes.indiatimes.com/markets/stocks/news/rbi-to-remain-in-comfortable-hold-for-the-time-being/articleshow/61956223.cms,"To meet RBI’s projected 6.7 % pace, growth will have to accelerate to 7.5% in 2HFY18."
"India’s giving inflation room to grow, but that may bite",https://economictimes.indiatimes.comhttps://economictimes.indiatimes.com/news/economy/indicators/indias-giving-inflation-room-to-grow-but-that-may-bite/articleshow/89737000.cms,"India’s wholesale price index, which tracks goods at factory gates, rose almost 13% from a year earlier in January. The gauge has recorded double-digit increases for 10 straight months, even as the benchmark consumer price index, which also includes services, has only recently breached the top of the central bank’s tolerance range of 2% to 6% annual gains."
RBI's surplus liquidity policy helped rein in forward premia: Study,https://economictimes.indiatimes.comhttps://economictimes.indiatimes.com/news/economy/policy/rbis-surplus-liquidity-policy-helped-rein-in-forward-premia-study/articleshow/90918583.cms,"Regression analysis suggests that surplus liquidity has a sobering impact while greater uncertainty hardens the forward premia, more so in the short term, according to a study titled ""What Drives the Forward Premia – An Analytical Perspective"" published in its latest monthly bulletin."
Will monetary tightening help fix India's inflation problem? Swaminathan Aiyar explains,https://economictimes.indiatimes.comhttps://economictimes.indiatimes.com/news/economy/policy/will-monetary-tightening-help-fix-indias-inflation-problem-swaminathan-aiyar-explains/articleshow/92099604.cms,The imported nature of the current bout of inflation along with the fact that the RBI governor Shaktikanta Das himself acknowledging that 75% of the increase in the latest inflation forecast is due to food merits the question -- will the interest rate hike slam the brakes on rising inflation as it is mostly driven by food and fuel?
"At 6.7%, RBI's inflation forecast could be an optimistic one",https://economictimes.indiatimes.comhttps://economictimes.indiatimes.com/news/economy/indicators/at-6-7-rbis-inflation-forecast-could-be-an-optimistic-one/articleshow/92092359.cms,"Even as RBI has retained its growth forecast for FY23 at 7.2%, it has raised the inflation forecast by 220 basis points to 6.7% for FY23 above its tolerance band of 2-6%."
Domestic inflation markers reasonably benign; pressure from imported sources: Barclays Chief Economist,https://economictimes.indiatimes.comhttps://economictimes.indiatimes.com/markets/expert-view/domestic-inflation-markers-reasonably-benign-pressure-from-imported-sources-barclays-chief-economist/articleshow/88166611.cms,We broadly agree with the trajectory of inflation that the central bank has outlined. It looks broadly in line with what we are also anticipating.
"Set up 24x7 helpline for digital payments by Sept, RBI tells operators",https://economictimes.indiatimes.comhttps://economictimes.indiatimes.com/wealth/personal-finance-news/set-up-24x7-helpline-for-digital-payments-by-sept-rbi-tells-operators/articleshow/80702457.cms,"As per the RBI statement, the major payment operators are required to set-up the mechanism by September, 2021. Going forward, the facility of registering and resolving the customer complaints through the helpline shall be considered, the statement added."
"Back to basics: RBI makes its choice clear, targeting inflation",https://economictimes.indiatimes.comhttps://economictimes.indiatimes.com/markets/stocks/news/back-to-basics-rbi-makes-its-choice-clear-targeting-inflation/articleshow/97762052.cms,"The persistence of the core inflation needs to be broken but without derailing the economic growth, hence the more moderate 25 bps hike that leaves some room to weigh the upcoming data from the last quarter for further action."
Rate-setters at Mint Street say inflation outlook overtaken by war,https://economictimes.indiatimes.comhttps://economictimes.indiatimes.com/news/economy/indicators/rate-setters-at-mint-street-say-inflation-outlook-overtaken-by-war/articleshow/90247024.cms,"Even before the war, inflation was topping the RBI’s 6% upper tolerance limit in 2022, and the supply disruptions that sent oil above $100 a barrel have since laid the ground for price-growth to overshoot the full-year target."
RBI seen holding rates even as retail prices top inflation target,https://economictimes.indiatimes.comhttps://economictimes.indiatimes.com/news/economy/policy/rbi-seen-holding-rates-even-as-retail-prices-top-inflation-target/articleshow/90237527.cms,The Reserve Bank has kept the policy rate unchanged at 4% since May 2020 and continued with its accommodative stance to ensure adequate liquidity to support growth and durable economic recovery.
"Warning Indians against cryptocurrencies, RBI chief says tulips have more value",https://economictimes.indiatimes.comhttps://economictimes.indiatimes.com/news/economy/policy/cryptos-a-threat-to-financial-stability-value-not-even-a-tulip-shaktikanta-das/articleshow/89474805.cms,Governor Shaktikanta Das gave his withering assessment of the digital currency craze just days after the government established a taxation framework for cryptocurrencies.
"Cryptocurrencies have no underlying value, not even a tulip: RBI Guv",https://economictimes.indiatimes.comhttps://economictimes.indiatimes.com/markets/cryptocurrency/cryptocurrencies-have-no-underlying-value-not-even-a-tulip-rbi-guv/articleshow/89475461.cms,"It is my duty today to tell investors that while betting on cryptos, they should be mindful that they are investing at their own risk, Das said"
Cost of state debt soars 41 bps to 7.24 per cent,https://economictimes.indiatimes.comhttps://economictimes.indiatimes.com/news/economy/finance/cost-of-state-debt-soars-41-bps-to-7-24-per-cent/articleshow/89435845.cms,"At the latest auctions, nine states raised Rs 14,200 crore, which is 48 per cent lower than the indicated level for the week at Rs 27,500 crore. As many as 11 of the 19 states, which had initially indicated a borrowing of Rs 12,300 crore, did not participate in today's auction."
RBI to work with banks for effective transmission of rates: Shaktikanta Das,https://economictimes.indiatimes.comhttps://economictimes.indiatimes.com/news/economy/policy/rbi-to-work-with-banks-for-effective-transmission-of-rates-shaktikanta-das/articleshow/68725539.cms,RBI Governor Shaktikanta Das announced the second 25 basis points repo rate cut in the current calendar year.
"Expect 25 bps rate cut with a dovish commentary, says Arvind Chari, Quantum Advisors",https://economictimes.indiatimes.comhttps://economictimes.indiatimes.com/mf/analysis/expect-25-bps-rate-cut-with-a-dovish-commentary-says-arvind-chari-quantum-advisors/articleshow/68702947.cms,We won’t be surprised to see a 50 bps cut on Thursday itself.
Shaktikanta Das prefers to go with official data,https://economictimes.indiatimes.comhttps://economictimes.indiatimes.com/news/economy/indicators/shaktikanta-das-prefers-to-go-with-official-data/articleshow/68719676.cms,A group of over 100 economists had gone public with their reservations on the GDP.
Let the market decide where the rupee goes: Urjit Patel,https://economictimes.indiatimes.comhttps://economictimes.indiatimes.com/markets/stocks/news/let-the-market-decide-where-the-rupee-goes-urjit-patel/articleshow/66085140.cms,"Currency depreciation is just adding to the upside risk for emerging markets, Patel said."
"RBI will remain vigilant on inflation, no room for complacency: Naina Lal Kidwai, FICCI",https://economictimes.indiatimes.comhttps://economictimes.indiatimes.com/opinion/interviews/rbi-will-remain-vigilant-on-inflation-no-room-for-complacency-naina-lal-kidwai-ficci/articleshow/27595908.cms,"""Keeping interest rates at least where they are and ideally going down is critical for industry,"" Kidwai said."
Recent govt actions may only arrest rupee fall: DBS,https://economictimes.indiatimes.comhttps://economictimes.indiatimes.com/news/economy/finance/recent-govt-actions-may-only-arrest-rupee-fall-dbs/articleshow/22119805.cms,"The recent policy actions might not help the rupee in regaining its lost ground but only arrest further depreciation, Singaporean bank DBS said on Wednesday."
"RBI hikes reflective of past inflation and potential future trajectory: Nilesh Shah, Kotak AMC",https://economictimes.indiatimes.comhttps://economictimes.indiatimes.com/markets/expert-view/rbi-hikes-reflective-of-past-inflation-and-potential-future-trajectory-nilesh-shah-kotak-amc/articleshow/65229220.cms,"“16 out of 21 PSU banks are not extending credit to all sets of clientele and others are sharing that burden."""
MPC member Ravindra Dholakia again dissents after a pause,https://economictimes.indiatimes.comhttps://economictimes.indiatimes.com/markets/stocks/news/mpc-member-ravindra-dholakia-gain-dissents-after-a-pause/articleshow/65229018.cms,The June round of the Reserve Bank’s survey of households reported a further uptick of 20 basis points in inflation.
RBI governor says he is not bothered how government uses the dividend,https://economictimes.indiatimes.comhttps://economictimes.indiatimes.com/news/economy/indicators/rbi-governor-says-he-is-not-bothered-how-government-uses-the-dividend/articleshow/67881090.cms,"The meeting of the RBI's central board, which will take a call on interim dividend, has been deferred to February 18."
Rupee ends at fresh record low of 73.77 as RBI stays put on rates,https://economictimes.indiatimes.comhttps://economictimes.indiatimes.com/markets/forex/rupee-ends-at-fresh-record-low-of-73-77-as-rbi-stays-put-on-rates/articleshow/66087417.cms,Many market experts were hoping for a repo rate hike to revive rupee's fortunes.
RBI may make it mandatory for foreign banks to adopt WOS route,https://economictimes.indiatimes.comhttps://economictimes.indiatimes.com/news/economy/policy/rbi-may-make-it-mandatory-for-foreign-banks-to-adopt-wos-route/articleshow/8194786.cms,"The RBI is likely to make it mandatory for foreign banks in the country to operate as wholly-owned subsidiaries, in line with the international practice."
ET View: Negative rates as conscious policy,https://economictimes.indiatimes.comhttps://economictimes.indiatimes.com/opinion/et-view/et-view-negative-rates-as-conscious-policy/articleshow/79561743.cms,"The RBI’s policies on maintaining high liquidity to fuel recovery, keeping a Targeted Long Term Repo window open is most sensible. It is unlikely to be used much, though, considering the oodles of liquidity being created by the RBI’s attempt to keep the exchange rate reasonably stable, even as foreign capital floods in, as confidence returns to mature markets."
RBI to come out with digital payment security control directions: Shaktikanta Das,https://economictimes.indiatimes.comhttps://economictimes.indiatimes.com/industry/banking/finance/banking/rbi-to-come-out-with-digital-payment-security-control-directions-shaktikanta-das/articleshow/79562147.cms,"The announcement comes a day after the RBI temporarily barred largest private sector lender HDFC Bank from selling new credit cards or launching new digital banking initiatives, taking a serious view of service outages at the systemically important bank over the last two years."
RBI cuts repo rate to lowest ever: Full text of Governor's speech,https://economictimes.indiatimes.comhttps://economictimes.indiatimes.com/markets/stocks/news/rbi-cuts-repo-rate-to-lowest-ever-full-text-of-governors-speech/articleshow/74841932.cms,
"Benchmarking will not have major impact on banks’ NIMs: Praveen Kumar Gupta, SBI",https://economictimes.indiatimes.comhttps://economictimes.indiatimes.com/markets/expert-view/benchmarking-will-not-have-major-impact-on-banks-nims-praveen-kumar-gupta-sbi/articleshow/66953886.cms,"Limited to floating rates, only a small portion of banks’ books will get affected, says Gupta."
RBI monetary policy meet: 4 key things you need to watch out for,https://economictimes.indiatimes.comhttps://economictimes.indiatimes.com/markets/stocks/news/rbi-monetary-policy-meet-4-key-things-you-need-to-watch-out-for/articleshow/66939443.cms,"The RBI may not turn dovish as yet even as inflation remains below target, analysts said."
RBI satisfied with pace of monetary transmission,https://economictimes.indiatimes.comhttps://economictimes.indiatimes.com/industry/banking/finance/banking/rbi-satisfied-with-pace-of-monetary-transmission/articleshow/72380333.cms,"He further said transmission, which was bothering the central bank for a long time, is expected to improve with the introduction of linking loan pricing to external benchmark system, which banks have adopted now."
"Given the volatility, we should underplay the very notion of stance: Abheek Barua, HDFC Bank",https://economictimes.indiatimes.comhttps://economictimes.indiatimes.com/markets/expert-view/given-the-volatility-we-should-underplay-the-very-notion-of-stance-abheek-barua-hdfc-bank/articleshow/66952893.cms,"Liquidity and liquidity management has in the past been outside the MPC's orbit, says Barua"
"Retaining calibrated tightening approach to help RBI enhance liquidity: Nilesh Shah, Kotak AMC",https://economictimes.indiatimes.comhttps://economictimes.indiatimes.com/markets/expert-view/retaining-calibrated-tightening-approach-to-help-rbi-enhance-liquidity-nilesh-shah-kotak-amc/articleshow/66952593.cms,"RBI has given out the hope that if data supports, they will be willing to change the stance, says Shah"
Survey: Will rate cut make you buy a house?,https://economictimes.indiatimes.comhttps://economictimes.indiatimes.com/wealth/personal-finance-news/survey-will-rate-cut-make-you-buy-a-house/articleshow/54678781.cms,"Though not immediately, the rate cut is expected to bring down the deposit and lending rates of banks and other lenders."
"RBI holds rates, keeps future options open",https://economictimes.indiatimes.comhttps://economictimes.indiatimes.com/markets/stocks/news/rbi-holds-rates-keeps-future-options-open/articleshow/60946965.cms,"RBI lowered the economic growth forecast for the fiscal year to 6.7% from 7.3% earlier, arguing that the June quarter slump to a three-year low may be transient."
RBI deputy governor Acharya's autonomy concerns: 10 points he makes in his speech,https://economictimes.indiatimes.comhttps://economictimes.indiatimes.com/news/economy/policy/rbi-deputy-governor-acharyas-rbi-autonomy-concerns-10-points-he-makes-in-his-speech/articleshow/66389773.cms,"Yesterday, RBI deputy governor Viral Acharya raised concerns on the independence of the central bank."
"Bank, auto, realty stocks mixed after RBI keeps repo rate unchanged",https://economictimes.indiatimes.comhttps://economictimes.indiatimes.com/markets/stocks/news/bank-auto-realty-stocks-mixed-after-rbi-keeps-repo-rate-unchanged/articleshow/78567161.cms,"The Nifty Realty index was trading 0.91 per cent down at 217, while the Nifty Auto index was trading 0.14 per cent up at 8195.25 around 10:08AM."
RBI Guv unveils his own version of Quantitative Easing to tame yields,https://economictimes.indiatimes.comhttps://economictimes.indiatimes.com/markets/stocks/news/rbi-guv-unveils-his-own-version-of-quantitative-easing-to-tame-yields/articleshow/78570028.cms,Financial markets cheered the policy pronouncements with the Bank Nifty climbing 2 percent by noon. The rupee climbed to a monthly high against the US dollar. Yields on 10 year bonds fell to 5.9%.
View: RBI’s response during Covid proves its inflation targeting has worked well,https://economictimes.indiatimes.comhttps://economictimes.indiatimes.com/news/economy/policy/view-rbis-response-during-covid-proves-its-inflation-targeting-has-worked-well/articleshow/78541325.cms,"But the key point is that the monetary policy is working, and GoI and RBI need to allow it to continue. What do we mean by ‘functioning quite well’? First, RBI responds to both changes in inflation and changes in the output gap. It balances the two considerations. Thus, it is best characterised as a ‘flexible inflation targeter’, not an ‘inflation nutter’."
RBI pushes banks to open purse strings through series of measures,https://economictimes.indiatimes.comhttps://economictimes.indiatimes.com/markets/stocks/news/rbi-pushes-banks-to-open-purse-strings-through-series-of-measures/articleshow/78571605.cms,"The RBI which stood pat with the key policy rate at 4% said its focus of liquidity measures will now include revival of activity in specific sectors that have both backward and forward linkages, and multiplier effects on growth."
"Nifty setup: Outlook bullish, RBI rate cut likely to fuel rally",https://economictimes.indiatimes.comhttps://economictimes.indiatimes.com/markets/stocks/news/nifty-setup-outlook-bullish-rbi-rate-cut-likely-to-add-to-the-rally/articleshow/67872061.cms,"In case of consolidation, the level of 10,950 is likely to provide strong support to Nifty."
"Market has factored in a couple of more rate hikes: Nilesh Shah, Kotak AMC",https://economictimes.indiatimes.comhttps://economictimes.indiatimes.com/markets/expert-view/debt-market-has-factored-in-a-couple-more-rate-hikes-nilesh-shah-kotak-amc/articleshow/64478657.cms,"“If there are steps to comfort market that there will be adequate liquidity, debt market will take it positively.”"
Rate hike to increase cost pressure on exporters: EEPC India,https://economictimes.indiatimes.comhttps://economictimes.indiatimes.com/news/economy/policy/rate-hike-to-increase-cost-pressure-on-exporters-eepc-india/articleshow/64480719.cms,"The paradox for exporters is that while the RBI has itself taken stock of headwinds like increase in trade protectionism & crude prices, the remedy is not as forthcoming."
Cautious RBI raises key rates by 25 bps,https://economictimes.indiatimes.comhttps://economictimes.indiatimes.com/news/economy/policy/cautious-rbi-raises-key-rates-by-25-bps/articleshow/7364030.cms,Reserve Bank of India governor Duvvuri Subbarao spared consumers from a steep rise in interest rates as he fears they may be heading towards getting whipsawed by moderating growth and poorer macro fundamentals next fiscal.
Markets may start week in green on muted US jobs data,https://economictimes.indiatimes.comhttps://economictimes.indiatimes.com/markets/stocks/news/markets-may-start-week-in-green-on-muted-us-jobs-data/articleshow/46817966.cms,"While the RBI is expected to keep the key policy rate unchanged, investors will watch out for hints in the statement on the interest rate direction."
Anand Sharma to discuss industry's concerns over RBI's rate hike with FM,https://economictimes.indiatimes.comhttps://economictimes.indiatimes.com/news/economy/indicators/anand-sharma-to-discuss-industrys-concerns-over-rbis-rate-hike-with-fm/articleshow/8257527.cms,The minister will also take up exporters' demand of continuation of the duty entitlement passbook scheme-- the popular input duty reimbursement scheme that is to expire next month-end.
Reserve Banks' decisions driven by norms and principles: RBI Gov,https://economictimes.indiatimes.comhttps://economictimes.indiatimes.com/news/economy/indicators/reserve-banks-decisions-driven-by-norms-and-principles-rbi-gov/videoshow/67882309.cms,
RBI has not exhausted ammunition to fight situation due to pandemic: Shaktikanta Das,https://economictimes.indiatimes.comhttps://economictimes.indiatimes.com/news/economy/policy/rbi-has-not-exhausted-ammunition-to-fight-situation-due-to-pandemic-shaktikanta-das/articleshow/77783304.cms,"""We have not exhausted our policy options, whether it relates to rate cuts or any other aspects of central banking. We have not exhausted our instruments or ammunition,"" he said."
India interest rate cut back in play after tariffs,https://economictimes.indiatimes.comhttps://economictimes.indiatimes.com/news/economy/policy/india-interest-rate-cut-back-in-play-after-tariffs/articleshow/124225462.cms,"The Reserve Bank of India's interest rate decision is a close call, balancing low inflation and growth concerns from US tariffs against a weak rupee. While most economists predict a hold, a dovish pause is anticipated, with future monetary policy signals closely watched amid market caution."
"Expect RBI to be hawkish on rates: Tirthankar Patnaik, Religare Capital Markets",https://economictimes.indiatimes.comhttps://economictimes.indiatimes.com/markets/stocks/recos/expect-rbi-to-be-hawkish-on-rates-tirthankar-patnaik-religare-capital-markets/articleshow/23450883.cms,"Tirthankar Patnaik of Religare Capital Markets, shares his views on the RBI policies."
Navigating market turbulence and resilience: Indian fixed income in the year so far,https://economictimes.indiatimes.comhttps://economictimes.indiatimes.com/markets/bonds/navigating-market-turbulence-and-resilience-indian-fixed-income-in-the-year-so-far/articleshow/124658048.cms,"Indian fixed income saw modest gains. Low inflation and strong growth supported returns. Steady foreign investment and RBI policy provided a boost. Government bond yields experienced volatility. The RBI paused its repo rate at 5.50%, awaiting global trade clarity. This pause signals potential future easing. Foreign investors remained net buyers of Indian debt."
"Prefer short-end corporate bonds, tactical allocation to SDLs: SBI MF CIO",https://economictimes.indiatimes.comhttps://economictimes.indiatimes.com/markets/bonds/prefer-short-end-corporate-bonds-tactical-allocation-to-sdls-sbi-mf-cio/articleshow/128234720.cms,"India's fixed income markets are recalibrating cautiously. While macro fundamentals have improved, elevated borrowing and weak demand shape the bond outlook. SBI Mutual Fund's CIO advises selective duration, favoring short-end corporate bonds and tactical state development loans amid heavy supply."
India's fiscal deficit to get worse in 2012: Jim Walker,https://economictimes.indiatimes.comhttps://economictimes.indiatimes.com/opinion/interviews/indias-fiscal-deficit-to-get-worse-in-2012-jim-walker/articleshow/11186125.cms,"The worries are not so much about opportunities in the economy, but the government's attitude towards public spending, says Jim Walker."
Dalal Street bulls get a shot in arm as RBI Governor keeps gun powder dry,https://economictimes.indiatimes.comhttps://economictimes.indiatimes.com/markets/stocks/news/sensex-nifty-off-to-cautious-start-ahead-of-rbi-policy-decision/articleshow/99284402.cms,"The top gainers in the Nifty pack were State Bank of India, Adani Enterprises, Eicher Motors, BPCL and IndusInd Bank while the top losers were HCL Technologies, ONGC, UPL, Hindustan Unilever and Titan."
"Bajaj Twins, Titan, and Escorts stand out as safe bets in volatile market: Rahul Sharma",https://economictimes.indiatimes.comhttps://economictimes.indiatimes.com/markets/expert-view/bajaj-twins-titan-and-escorts-stand-out-as-safe-bets-in-volatile-market-rahul-sharma/articleshow/117480838.cms,"As far as some of the other counters are concerned, we are seeing a bit of a short covering rally except for example something like a KPIT Tech is bouncing back."
Will foreign fund managers continue to pour money?,https://economictimes.indiatimes.comhttps://economictimes.indiatimes.com/news/international/will-foreign-fund-managers-continue-to-pour-money/articleshow/6887764.cms,"The Diwali day trading on Dalal Street , as expected , ended an actionpacked week on a high that started with RBI's policy decision , followed by the US Fed's economic stimulus package."
RBI says govt’s counter-cyclical measures beginning to play out,https://economictimes.indiatimes.comhttps://economictimes.indiatimes.com/markets/stocks/news/mpc-felt-inflation-transitory-but-still-opted-to-await-greater-clarity/articleshow/72887224.cms,"Budget will provide greater clarity about the further measures taken by the govt, says Das."
"Sensex cools down after 2-day euphoric rally; Nifty gives up 11,600",https://economictimes.indiatimes.comhttps://economictimes.indiatimes.com/markets/stocks/news/sensex-cools-down-after-2-day-euphoric-rally-nifty-gives-up-11600/articleshow/71276356.cms,All eyes are now on the Reserve Bank of India’s rate-setting monetary policy next week.
All well between RBI & govt? Governor says MPC said no to Finance Ministry invite,https://economictimes.indiatimes.comhttps://economictimes.indiatimes.com/news/economy/policy/all-well-between-rbi-govt-governor-says-mpc-said-no-to-finance-ministry-invite/articleshow/59035165.cms,Setting up of MPC was criticised as interfering in RBI’s autonomy. But the govt’s thrust to drive its agenda in MPC seems to have received a shock from this move.
Expect 6230-6250 Nifty levels on the upside: Sandeep Wagle,https://economictimes.indiatimes.comhttps://economictimes.indiatimes.com/opinion/interviews/expect-6230-6250-nifty-levels-on-the-upside-sandeep-wagle/articleshow/27478415.cms,"""I am looking at a range of 6100 levels on the downside and the levels of 6230-6250 on the upside,"" Wagle said."
"Sensex sheds over 100 points ahead of RBI policy outcome; Nifty50 slips below 9,250",https://economictimes.indiatimes.comhttps://economictimes.indiatimes.com/markets/stocks/news/sensex-sheds-over-100-points-ahead-of-rbi-policy-outcome-nifty50-slips-below-9250/articleshow/58040770.cms,"RBI is expected to maintain status quo on the policy rate, but is seen announcing a slew of announcements to squeeze excess liquidity in the system."
"ICICI Bank, PNB hike external benchmark based lending rates",https://economictimes.indiatimes.comhttps://economictimes.indiatimes.com/industry/banking/finance/banking/icici-bank-pnb-hike-external-benchmark-based-lending-rates/articleshow/93377275.cms,"ICICI Bank External Benchmark Lending Rate (I-EBLR) is referenced to RBI policy repo rate with a mark-up over repo rate, ICICI Bank said in a notification. State-owned Punjab National Bank (PNB) also raised the repo, the external benchmark, linked lending rate to 7.90 per cent."
Nifty likely to rally up to 6350-6400 led by banks: Mitesh Thacker,https://economictimes.indiatimes.comhttps://economictimes.indiatimes.com/markets/stocks/recos/nifty-likely-to-rally-up-to-6350-6400-led-by-banks-mitesh-thacker/articleshow/24877429.cms,"""Given that this time banks have come stronger and the hangover of the RBI policy being there in future, this should clearly signal that the up move today should extend."""
Customers to get safety net against small cyber frauds,https://economictimes.indiatimes.comhttps://economictimes.indiatimes.com/industry/banking/finance/banking/customers-to-get-safety-net-against-small-cyber-frauds/articleshow/128006875.cms,"Cyber fraud: The steps proposed Friday include a proposal to compensate customers up to ₹25,000 for losses arising from small-value digital frauds, enhanced authentication requirements for transactions undertaken by senior citizens, and tighter conduct rules for lenders."
RBI lifts cap on foreign bond investments via lock‑in route,https://economictimes.indiatimes.comhttps://economictimes.indiatimes.com/markets/bonds/rbi-lifts-cap-on-foreign-bond-investments-via-lockin-route/articleshow/127975930.cms,The Reserve Bank of India has removed the Rs 2.5 lakh crore investment limit for debt securities under the voluntary retention route. This move aims to attract stable foreign debt flows. Investments will now follow general route ceilings. Foreign investors have shown reduced preference for this route recently. This change is not expected to cause a significant surge in inflows.
RBI Policy : Small businesses to get up to Rs 20 lakh collateral free loans,https://economictimes.indiatimes.comhttps://economictimes.indiatimes.com/industry/banking/finance/banking/rbi-monetary-policy-committee-small-businesses-to-get-up-to-rs-20-lakh-collateral-free-loans/articleshow/127980910.cms,"RBI MPC 2026 announcement: The Reserve Bank of India has doubled the upper limit for collateral-free loans to micro and small enterprises (MSEs) from Rs 10 lakh to Rs 20 lakh. This revision, effective April 1, 2026, aims to combat inflation and improve access to formal credit for these crucial economic contributors."
RBI's likely to raise liquidity to keep 'short' rates in check,https://economictimes.indiatimes.comhttps://economictimes.indiatimes.com/news/economy/policy/rbis-likely-to-raise-liquidity-to-keep-short-rates-in-check/articleshow/129595006.cms,The Reserve Bank of India is expected to increase money supply soon. This move aims to prevent short-term interest rates from rising sharply. It will also counter the effects of the RBI's efforts to support the Rupee. Open market operations and dollar-rupee swaps are key tools. This strategy helps manage liquidity and keep borrowing costs low for banks.
ICICI Bank reduces interest rates on these loans,https://economictimes.indiatimes.comhttps://economictimes.indiatimes.com/wealth/borrow/icici-bank-reduces-interest-rates-on-these-loans/articleshow/100668754.cms,"ICICI Bank has updated its marginal cost-based lending rates (MCLR). The MCLR is used to calculate the interest rate on a range of loans, including home loans."
Uday Kotak urges Indian firms to step up as rupee crosses 90 and foreign investors dominate markets,https://economictimes.indiatimes.comhttps://economictimes.indiatimes.com/news/economy/finance/uday-kotak-urges-indian-firms-to-step-up-as-rupee-crosses-90-and-foreign-investors-dominate-markets/articleshow/125739218.cms,"The Indian Rupee is nearing 90 against the US Dollar. Foreign investors are selling Indian stocks, impacting market performance. Domestic investors are buying, but foreign selling is currently dominant. This situation calls for Indian businesses to adapt. Export-oriented sectors may benefit from the weaker Rupee, while import-dependent sectors face increased costs."
Nifty week ahead: Key triggers that may steer market in holiday-truncated week,https://economictimes.indiatimes.comhttps://economictimes.indiatimes.com/markets/stocks/news/nifty-week-ahead-key-triggers-that-may-steer-market-in-holiday-truncated-week/articleshow/57970636.cms,"Overall, the Nifty rose 3.3 per cent in March after hitting a record high of 9,218 on March 17. For the quarter, it rose 12.1 per cent, its best show since Apr-June '14."
"Good time to do some serious bottom fishing: Arindam Ghosh, BlackRidge Capital Advisors",https://economictimes.indiatimes.comhttps://economictimes.indiatimes.com/opinion/interviews/good-time-to-do-some-serious-bottom-fishing-arindam-ghosh-blackridge-capital-advisors/articleshow/24918546.cms,"'India has brought about a lot of positive changes compared to the previous quarter,' says Arindam Ghosh."
"RBI Policy: Customers no longer need to input OTP for e-mandates up to Rs 15,000 for recurring transactions",https://economictimes.indiatimes.comhttps://economictimes.indiatimes.com/news/economy/policy/rbi-policy-customers-no-longer-need-to-input-otp-for-e-mandates-up-to-rs-15000/articleshow/92074749.cms,"""To further augment customer convenience and leverage the benefits available under the framework, it is proposed to enhance the limit from Rs 5,000 to Rs 15,000 per recurring payment,"" Shaktikanta Das, Governor, RBI said. The new rule for processing recurring payments was first issued by RBI in August 2019."
"'We have been increasing deposit rates, will continue to do so': SBI MD Ashwini Tewari on RBI policy",https://economictimes.indiatimes.comhttps://economictimes.indiatimes.com/industry/banking/finance/banking/we-have-been-increasing-deposit-rates-will-continue-to-do-so-sbi-md-ashwini-tewari-on-rbi-policy/videoshow/90722643.cms,
There’s consistency in Budget & RBI policy; bond yields may cool down further: Dinesh Kumar Khara,https://economictimes.indiatimes.comhttps://economictimes.indiatimes.com/markets/expert-view/theres-consistency-in-budget-rbi-policy-bond-yields-may-cool-down-further-dinesh-kumar-khara/articleshow/89478865.cms,“The RBI Monetary Policy is quite supportive of the growth requirements of the economy. We are also readjusting the liquidity requirements and that will adjust the anxieties of the market to a greater extent. The guidelines relating to CDS will also go a long way to stabilise the bond markets.”
Share market update: Bank stocks mixed ahead of RBI's policy outcome; YES Bank dips over 1%,https://economictimes.indiatimes.comhttps://economictimes.indiatimes.com/markets/stocks/news/share-market-update-bank-stocks-mixed-ahead-of-rbis-policy-outcome-yes-bank-dips-over-1br/articleshow/68716197.cms,"The Nifty Bank index was trading 0.04 per cent up at 30,106.15 around 09:59 am."
"Economic Survey 2013: Accommodative RBI policy is needed to support growth, says Raghuram Rajan, Chief Economic Adviser",https://economictimes.indiatimes.comhttps://economictimes.indiatimes.com/opinion/interviews/economic-survey-2013-accommodative-rbi-policy-is-needed-to-support-growth-says-raghuram-rajan-chief-economic-adviser/articleshow/18720694.cms,We need to reverse the sentiment that is making people postpone investments due to high interest rates.
"Nifty Bank rallies to record high, crosses 57,000 mark as RBI policy support lifts financial stocks",https://economictimes.indiatimes.comhttps://economictimes.indiatimes.com/markets/stocks/news/nifty-bank-rallies-to-record-high-crosses-57000-mark-as-rbi-policy-support-lifts-financial-stocks/articleshow/121719221.cms,"Nifty Bank hit a record high above 57,000 as the RBI’s surprise 50bps rate cut and CRR reduction boosted financial stocks. Private and mid-sized banks led gains amid improved liquidity and credit growth outlook. Positive U.S.-India trade talks and strong global cues further supported the broader market, lifting Nifty 50 and Sensex on Monday."
Share market update: Bank stocks gain ahead of RBI's policy outcome; YES Bank up over 1%,https://economictimes.indiatimes.comhttps://economictimes.indiatimes.com/markets/stocks/news/share-market-update-bank-stocks-gain-ahead-of-rbis-policy-outcome-yes-bank-up-over-1/articleshow/67878840.cms,"The Nifty Bank index was trading 0.05 per cent up at 27,416.65 around 10:11 am."
"Don’t expect a rate cut in April 7 RBI policy: Gaurang Shah, Geojit BNP Paribas",https://economictimes.indiatimes.comhttps://economictimes.indiatimes.com/opinion/interviews/dont-expect-a-rate-cut-in-april-7-rbi-policy-gaurang-shah-geojit-bnp-paribas/articleshow/46803105.cms,"Q4 results would be a mixed bag for banks; one may face disappointment in certain pockets, including PNB, OBC, Bank of Baroda, and Bank of India, says Shah."
"RBI policy to remain vigilant, don’t expect further rate hikes in near term: Suyash Choudhary, IDFC",https://economictimes.indiatimes.comhttps://economictimes.indiatimes.com/opinion/interviews/rbi-policy-to-remain-vigilant-dont-expect-further-rate-hikes-in-near-term-suyash-choudhary-idfc/articleshow/30796540.cms,"'If savings is constant and investment goes up, by that identity current account deficit will widen.'"
Sensex jumps over 700 points to break 8-day losing streak. What was the good news in RBI policy?,https://economictimes.indiatimes.comhttps://economictimes.indiatimes.com/markets/stocks/news/sensex-jumps-over-600-points-to-break-8-day-losing-streak-what-was-the-good-news-in-rbi-policy/articleshow/124250107.cms,"Dalal Street celebrated the RBI's expected 'dovish pause' and Governor Malhotra's pro-market initiatives, ending an 8-day losing streak. Sensex surged over 600 points as RBI allowed banks to fund M&A, liberalized loans against shares, and reduced risk weights for infrastructure financing. These measures, coupled with optimistic GDP and inflation forecasts, significantly boosted market sentiment, especially for banking and infrastructure stocks."
Key highlights of RBI's monetary policy outcome,https://economictimes.indiatimes.comhttps://economictimes.indiatimes.com/markets/stocks/news/key-highlights-of-rbis-monetary-policy-outcome/articleshow/72379681.cms,RBI revised GDP growth downwards to 5% for 2019-20 from 6.1% projected in its October policy.
RBI throws ball back in govt’s court to boost growth: Analysts,https://economictimes.indiatimes.comhttps://economictimes.indiatimes.com/markets/stocks/news/rbi-throws-ball-back-in-govts-court-to-boost-growth-analysts/articleshow/72380095.cms,The central bank acknowledged that it was concerned about inflation in the near-term.
RBI may delay rate hikes as Omicron might derail economic activity,https://economictimes.indiatimes.comhttps://economictimes.indiatimes.com/news/economy/policy/rbi-may-delay-rate-hikes-as-omicron-might-derail-economic-activity/articleshow/88693494.cms,The strong relation between economic activity and popular mobility indicators suggests that increase in Covid restrictions is likely to hit economic activity in Q4 FY22. HDFC Bank has said that there could be a downside risk to its growth forecast of 6.1 per cent for Q4 FY'22 by 20-30 basis points ( one bps is 0.01 percent).
"Morgan Stanley flags stagflation risk, cuts FY23 GDP growth forecast by 0.50 pc on Ukraine tensions",https://economictimes.indiatimes.comhttps://economictimes.indiatimes.com/news/economy/indicators/morgan-stanley-expects-indias-cad-to-widen-to-10-year-high/articleshow/90131147.cms,"""We see less room for fiscal policy stimulus to support growth given the high deficit and debt levels... We see a possibility of a modest fuel tax cut and reliance on the national rural employment programme as an automatic stabiliser,"" Morgan Stanley said."
"MPC should drop its 'confusing' policy resolution, Member Jayanth Varma says",https://economictimes.indiatimes.comhttps://economictimes.indiatimes.com/news/economy/policy/mpc-should-drop-its-confusing-policy-resolution-to-remain-focused-on-withdrawal-of-accommodation-member-jayanth-varma-says/articleshow/93664088.cms,"Withdrawal of accommodation cannot refer to the withdrawal of the pandemic era accommodation, but it can only mean withdrawal of the pre-pandemic accommodation that began with the rate cut from 6.50% to 6.25% in February 2019, Varma said. ""A plain reading of this resolution would then be that the MPC is focused on taking the repo rate back to 6.50%,"" he said."
"Sensex rises over 100 pts, Nifty above 17,700; Ruchi Soya jumps 5%, Adani Green 4%",https://economictimes.indiatimes.comhttps://economictimes.indiatimes.com/markets/stocks/news/sensex-rises-over-100-pts-nifty-above-17700-ruchi-soya-jumps-5-adani-green-4/videoshow/90720249.cms,
NBFCs to get funds under on tap TLTRO scheme for incremental lending: RBI,https://economictimes.indiatimes.comhttps://economictimes.indiatimes.com/industry/banking/finance/nbfcs-to-get-funds-under-on-tap-tltro-scheme-for-incremental-lending-rbi/articleshow/80701997.cms,"In October last year, the RBI had announced on tap targeted long term repo operations (TLTRO) scheme for banks. It had said to conduct on tap TLTRO with tenors of up to three years for a total amount of up to Rs one lakh crore at a floating rate linked to the policy repo rate. The scheme is available till March 31, 2021."
"RBI believes differing policy strategy, policy stance can coexist: SBI Research",https://economictimes.indiatimes.comhttps://economictimes.indiatimes.com/news/economy/policy/rbi-believes-differing-policy-strategy-policy-stance-can-coexist-sbi-report/articleshow/89501174.cms,"On Thursday, the Reserve Bank of India (RBI) surprised the market with a policy statement that has a lower gross domestic product (GDP) at 7.8 per cent and an inflation forecast at 4.5 per cent for FY23. This translates into a WPI (Wholesale Price Index) projection of around 2.8 per cent in FY23."
What MPC and Shaktikanta Das need to remember as they ponder over their options,https://economictimes.indiatimes.comhttps://economictimes.indiatimes.com/opinion/et-commentary/what-mpc-and-shaktikanta-das-need-to-remember-as-they-ponder-over-their-options/articleshow/89390270.cms,"Ultimately, it will have to be a trade-off between supporting govt borrowing (distorting market signals) and being true to RBI's swadharma — price control. As the MPC and Shaktikanta Das ponder over the options before them, they would do well to remember that today it is RBI's to lose."
Banks need to brace for tighter liquidity ahead,https://economictimes.indiatimes.comhttps://economictimes.indiatimes.com/news/economy/policy/rbi-signals-tighter-liquidity-ahead/articleshow/96060089.cms,"Currently, liquidity in the banking system remains in surplus with the average absorption under the liquidity adjustment facility (LAF) at Rs 1.4 lakh crore, though down from the average of Rs 2.2 lakh crore during August-September. MSF is an emergency window for banks to borrow from RBI. The MSF rate is pegged 25 basis points above the repo rate and currently is at 6.50%."
MPC's communication: How disparate perspectives can bring about better & more informed outcomes,https://economictimes.indiatimes.comhttps://economictimes.indiatimes.com/opinion/et-commentary/mpcs-communication-how-disparate-perspectives-can-bring-about-better-more-informed-outcomes/articleshow/95836405.cms,"Monetary policy scholars point out that anchoring Indian inflation expectations may not take time if central bank communications are good and supply shocks are favourable, since these have a large impact on household inflation expectations. It follows that the role of accurate forecasts in guiding expectations becomes crucial."
RBI decides to keep rates steady: Key highlights,https://economictimes.indiatimes.comhttps://economictimes.indiatimes.com/markets/stocks/news/rbi-decides-to-keep-rates-steady-key-highlights/articleshow/66953293.cms,The central bank has cut inflation forecast to 2.7-3.2 per cent for second half of 2018-19.
Minimum GSec holding limit for banks to be cut by 125 bps,https://economictimes.indiatimes.comhttps://economictimes.indiatimes.com/markets/stocks/news/minimum-gsec-holding-limit-for-banks-to-be-cut-by-125-bps/articleshow/66964391.cms,The central bank has also adjusted the CRR calculation mechanism to enhance efficiencies.
GST a potential windfall for economy: Kirit Gogri,https://economictimes.indiatimes.comhttps://economictimes.indiatimes.com/et-now/policy/gst-a-potential-windfall-for-economy-kirit-gogri/videoshow/49978561.cms,
Six members voted in favour of MP decision: RBI gov,https://economictimes.indiatimes.comhttps://economictimes.indiatimes.com/et-now/policy/six-members-voted-in-favour-of-mp-decision-rbi-gov/videoshow/55852462.cms,
Six members voted in favour of MP decision: RBI gov,https://economictimes.indiatimes.comhttps://economictimes.indiatimes.com/news/videos/six-members-voted-in-favour-of-mp-decision-rbi-gov/videoshow/55852612.cms,
"GST a potential windfall for economy; RBI unlikely to cut rates tomorrow: Kirit Gogri, Quant Broking",https://economictimes.indiatimes.comhttps://economictimes.indiatimes.com/opinion/interviews/gst-a-potential-windfall-for-economy-rbi-unlikely-to-cut-rates-tomorrow-kirit-gogri-quant-broking/articleshow/49978197.cms,
RBI faced with managing an impossible trinity,https://economictimes.indiatimes.comhttps://economictimes.indiatimes.com/markets/stocks/news/rbi-faced-with-managing-an-impossible-trinity/articleshow/79592125.cms,"RBI is faced with a herculean task of managing the impossible trinity of inundation of inflows, managing exchange rates in line with macro fundamentals and the ongoing high inflation"
"Industry, experts say RBI's status quo on policy rates to aid economic recovery",https://economictimes.indiatimes.comhttps://economictimes.indiatimes.com/news/economy/indicators/industry-experts-say-rbis-status-quo-on-policy-rates-to-aid-economic-recovery/articleshow/79564232.cms,"""There has been a substantial upgrade to the overall growth forecast for the second half of the current fiscal. This is encouraging but given the stress the economy had faced on account of COVID-19, we anticipate that policy support, both from the RBI and the government, will be required well into the next year,"" Ficci President Sangita Reddy said."
Governor Shaktikanta Das wants banks to improve corporate governance and risk standards,https://economictimes.indiatimes.comhttps://economictimes.indiatimes.com/industry/banking/finance/banking/governor-shaktikanta-das-wants-banks-to-improve-corporate-governance-and-risk-standards/articleshow/79563645.cms,"In March this year the regulator imposed a moratorium on Yes Bank and quickly stitched a reconstruction plan with SBI and nine other domestic entities investing in the lender. Likewise, last month the RBI directed a forced merger between troubled Lakshmi Vilas Bank and DBS (India) Bank, wiping out holdings of all equity and tier 2 bond holders."
RBI may raise rates only in FY23: BofA Securities,https://economictimes.indiatimes.comhttps://economictimes.indiatimes.com/markets/stocks/news/rbi-may-raise-rates-only-in-fy23-bofa-securities/articleshow/81176013.cms,"""We expect the RBI MPC to remain on hold in FY'22, with oil prices rising, and hike rates by 100bps in FY'23"" said Indranil Sengupta, chief India economist, BofA Securities."
Personally would like rates to moderate: FM on MPC stance,https://economictimes.indiatimes.comhttps://economictimes.indiatimes.com/et-now/daily/personally-would-like-rates-to-moderate-fm-on-mpc-stance/videoshow/57081663.cms,
Personally would like rates to moderate: FM on MPC stance,https://economictimes.indiatimes.comhttps://economictimes.indiatimes.com/news/videos/personally-would-like-rates-to-moderate-fm-on-mpc-stance/videoshow/57081846.cms,
RBI in wait and watch mode: This MPC member may stand by 25 bps hike call,https://economictimes.indiatimes.comhttps://economictimes.indiatimes.com/markets/stocks/news/rbi-in-wait-and-watch-mode-this-mpc-member-may-stand-by-25-bps-hike-call/articleshow/63578521.cms,RBI is likely to maintain neutral stance even as it may suggest upside risks to inflation.
"RBI maintains status quo, keeps repo rate unchanged at 6%",https://economictimes.indiatimes.comhttps://economictimes.indiatimes.com/markets/stocks/news/rbi-maintains-status-quo-keeps-repo-rate-unchanged-at-6/articleshow/63625940.cms,RBI in its last policy review had projected inflation in 5.1-5.6% range for the first half of FY19.
RBI shifts focus on easy liquidity to ensure softer rates,https://economictimes.indiatimes.comhttps://economictimes.indiatimes.com/news/economy/policy/rbi-shifts-focus-on-easy-liquidity-to-ensure-softer-rates/articleshow/51696699.cms,The 25 bps lower policy rate announced Tuesday along with the benefits arising from marginal cost based funding to make borrowing cheaper immediately.
"RBI may again opt for status quo on key policy rate, say experts",https://economictimes.indiatimes.comhttps://economictimes.indiatimes.com/markets/stocks/news/rbi-may-again-opt-for-status-quo-on-key-policy-rate-say-experts/articleshow/86725108.cms,A Morgan Stanley research report expects the RBI to continue to keep rates on hold and retain its accommodative stance in the upcoming policy review.
ETMarkets Investors' Guide: Is today’s policy a precursor to normalization?,https://economictimes.indiatimes.comhttps://economictimes.indiatimes.com/markets/stocks/etmarkets-podcast/etmarkets-investors-guide-is-todays-policy-a-precursor-to-normalization/videoshow/86874756.cms,
"As RBI begins rate-setting huddle, here’s what MPC will deliberate on",https://economictimes.indiatimes.comhttps://economictimes.indiatimes.com/markets/stocks/news/as-rbi-begins-rate-setting-huddle-heres-what-mpc-will-deliberate-on/articleshow/68685232.cms,"Since the last policy, domestic and global economic outlook has deteriorated further."
What to read into RBI’s money policy review: 5 key takeaways,https://economictimes.indiatimes.comhttps://economictimes.indiatimes.com/markets/stocks/news/what-to-read-into-rbis-money-policy-review-5-key-takeaways/articleshow/62819708.cms,Reverse repo rate has been retained at 5.75%. The MPC voted 5-1 in favour of a status quo.
"RBI surprises markets, holds repo rate at 6.5%; stance turns hawkish",https://economictimes.indiatimes.comhttps://economictimes.indiatimes.com/markets/stocks/news/rbi-surprises-markets-holds-repo-rate-at-6-5-stance-turns-hawkish/articleshow/66084313.cms,The MPC opted to take a pause after hiking the rates in last two successive policy meets.
What does RBI really do to the economy with its money policy,https://economictimes.indiatimes.comhttps://economictimes.indiatimes.com/markets/stocks/news/what-does-rbi-really-do-to-the-economy-with-its-money-policy/articleshow/63607828.cms,Dalal Street as well as other financial players will keenly watch the policy outcome.
"Govt taking steps to cap food prices, curb rise in fiscal deficit: MPC member Ashima Goyal",https://economictimes.indiatimes.comhttps://economictimes.indiatimes.com/news/economy/indicators/govt-taking-steps-to-cap-food-prices-curb-rise-in-fiscal-deficit-mpc-member-ashima-goyal/articleshow/103073029.cms,"According to Ashima Goyal, an external member of the Monetary Policy Committee, the recent surge in food prices is unlikely to cause general inflation. The government is taking measures to control food prices while also monitoring its fiscal deficit, she said. Goyal stated that the conditions that led to inflation in 2007-13, such as high food inflation and large fiscal deficits, are not present now."
RBI's master circular on fraud: The principle of natural justice and the conundrum for banks,https://economictimes.indiatimes.comhttps://economictimes.indiatimes.com/small-biz/legal/rbis-master-circular-on-fraud-the-principle-of-natural-justice-and-the-conundrum-for-banks/articleshow/100436059.cms,RBI's Master Directions on Frauds was introduced to protect the interest of depositors and banks from increasing instances of frauds.
"RBI meet starts: Repo rate to be left unchanged, but cautious tone likely amid inflation risks",https://economictimes.indiatimes.comhttps://economictimes.indiatimes.com/markets/stocks/news/rbi-meet-starts-today-repo-rate-to-be-left-unchanged-but-cautious-tone-likely-amid-inflation-risks/articleshow/104149065.cms,"While the repo rate and the stance of “withdrawal of accommodation” may be left unchanged, the tone of the central bank is likely to be slightly hawkish, particularly on the inflation front, in the backdrop of the current domestic and global environment."
Stock Market Highlights: Nifty 50 forms long bullish candle on weekly charts. What traders should do next week,https://economictimes.indiatimes.comhttps://economictimes.indiatimes.com/markets/stocks/live-blog/bse-sensex-today-live-nifty-stock-market-updates-08-december-2023/liveblog/105824946.cms,"Tech View: Snapping Thursday’s losses, equities rose in trade on Friday and ended at record closing levels as the Reserve Bank of India’s policy action was on expected lines and as Governor Shaktikanta Das sounded dovish."
Market Movers: What changed for D-Street while you were sleeping,https://economictimes.indiatimes.comhttps://economictimes.indiatimes.com/markets/stocks/news/market-movers-what-changed-for-d-street-while-you-were-sleeping/articleshow/71416039.cms,Here is breaking down the pre-market actions.
December rate cut likely post September's soft CPI inflation print: BofAML,https://economictimes.indiatimes.comhttps://economictimes.indiatimes.com/markets/stocks/news/december-rate-cut-likely-post-septembers-soft-cpi-inflation-print-bofaml/articleshow/61089105.cms,RBI at its last policy review meeting kept the key interest rate unchanged at 6 per cent.
RBI likely to go for 25 bps rate cut,https://economictimes.indiatimes.comhttps://economictimes.indiatimes.com/news/economy/policy/rbi-likely-to-go-for-25-bps-rate-cut/articleshow/120044293.cms,"Economists unanimously forecast the Reserve Bank of India to cut the policy interest rate by 25 basis points due to easing domestic inflation. However, opinions are divided on the shift to a monetary stance amid global trade uncertainty and volatile market conditions."
RBI's newly-constituted MPC to meet for 3-days beginning Wednesday; Decision on October 9,https://economictimes.indiatimes.comhttps://economictimes.indiatimes.com/news/economy/policy/rbi-to-hold-policy-meeting-from-october-7-to-october-9/articleshow/78509141.cms,"On September 28, the RBI had postponed the meeting of the Monetary Policy Committee (MPC), which must have a quorum of four, as the appointment of independent members was delayed."
RBI likely to pause on rate cuts on Aug 6 due to spike in inflation,https://economictimes.indiatimes.comhttps://economictimes.indiatimes.com/markets/stocks/news/rbi-likely-to-pause-on-rate-cuts-on-aug-6-due-to-spike-in-inflation/articleshow/77283999.cms,The general expectation is that the rise in inflation has been due to supply shocks while demand pressures will remain leading to lower inflation by Q4 of FY21.
"Moratorium, growth-inflation puzzle, one-time loan recast: RBI's 3 big dilemmas today",https://economictimes.indiatimes.comhttps://economictimes.indiatimes.com/markets/stocks/news/moratorium-growth-inflation-puzzle-one-time-loan-recast-rbis-3-big-dilemmas-today/articleshow/77385195.cms,"""Rate cuts so far have had little impact on demand stimulation or growth,"" said Shanti Ekambaram, Group President for Consumer Banking at Kotak Mahindra Bank."
RBI holds key lending rates; Repo rate stays at 6.5%,https://economictimes.indiatimes.comhttps://economictimes.indiatimes.com/markets/stocks/news/rbi-holds-key-lending-rates-repo-rate-stays-at-6-5/videoshow/66084718.cms,
Goldman Sachs expects RBI to hold on to repo rates at 6.5 per cent,https://economictimes.indiatimes.comhttps://economictimes.indiatimes.com/markets/stocks/news/goldman-sachs-expects-rbi-to-hold-on-to-repo-rates-at-6-5-per-cent/articleshow/66941919.cms,"Goldman Sachs expects some pick up in food inflation later next year, as favourable base effects begin to wane and favourable base effects begin to wane."
RBI monetary policy review: Here's what to expect,https://economictimes.indiatimes.comhttps://economictimes.indiatimes.com/markets/stocks/news/rbi-monetary-policy-review-heres-what-to-expect/videoshow/67871161.cms,
Slumping growth opens the door for more RBI rate cuts,https://economictimes.indiatimes.comhttps://economictimes.indiatimes.com/markets/stocks/news/slumping-growth-opens-the-door-for-more-rbi-rate-cuts/articleshow/72316046.cms,"The RBI already has cut rates by 135 bps in 5 moves this year, the most by any Asian central bank."
Cheque payments to get costlier from tomorrow,https://economictimes.indiatimes.comhttps://economictimes.indiatimes.com/industry/banking/finance/banking/cheque-payments-to-get-costlier-from-tomorrow/articleshow/7835448.cms,"Making payments through cheques may become a costlier affair from tomorrow, as RBI has allowed banks to levy higher service charges for their clearing."
RBI likely to maintain status quo in upcoming policy review,https://economictimes.indiatimes.comhttps://economictimes.indiatimes.com/markets/stocks/news/rbi-likely-to-maintain-status-quo-in-upcoming-policy-review/articleshow/78347111.cms,"RBI governor Shaktikanta Das had earlier said although there was headroom for further monetary policy action, it was important to keep ""our arsenal dry and use it judiciously."""
Coronavirus has RBI worried; Das says India needs contingency plan,https://economictimes.indiatimes.comhttps://economictimes.indiatimes.com/markets/stocks/news/coronavirus-has-rbi-worried-das-says-need-contingency-plan/articleshow/73980240.cms,MPC in a statement said the virus may impact tourist arrivals in India and global trade.
How Shaktikanta Das plans to win India's reluctant consumer back,https://economictimes.indiatimes.comhttps://economictimes.indiatimes.com/news/economy/policy/how-shaktikanta-das-plans-to-win-indias-reluctant-consumer-back/articleshow/73978391.cms,"The RBI has relaxed the cash reserve ratio to boost lending to auto, housing and MSMEs."
Full text of sixth bi-monthly RBI monetary policy statement,https://economictimes.indiatimes.comhttps://economictimes.indiatimes.com/markets/stocks/news/buy-polycab-india-ltd-target-rs-750-0-kunal-bothra/articleshow/73977368.cms,
"Full Text: What drove RBI to cut rate, shift stance",https://economictimes.indiatimes.comhttps://economictimes.indiatimes.com/markets/stocks/news/full-text-what-drove-rbi-to-cut-rate-shift-stance/articleshow/69672669.cms,Economic activity has slowed in many emerging market economies (EMEs).
Who's defaulting more on home loans? Those who borrow less than Rs 2 lakh,https://economictimes.indiatimes.comhttps://economictimes.indiatimes.com/news/economy/policy/rbi-to-tighten-low-ticket-affordable-housing-norms/articleshow/64478344.cms,"The RBI conducted an analysis of housing loans data wherein it said the level of NPAs for the ticket size of up to Rs 2 lakh was high and ""is rising briskly""."
"ETMarkets Special Podcast: Will Sensex, Nifty take a pause this week?",https://economictimes.indiatimes.comhttps://economictimes.indiatimes.com/markets/stocks/etmarkets-podcast/etmarkets-special-podcast-will-sensex-nifty-take-a-pause-this-week/videoshow/69620240.cms,
2 cuts not enough! RBI needs to ease policy and liquidity further,https://economictimes.indiatimes.comhttps://economictimes.indiatimes.com/markets/stocks/news/2-cuts-not-enough-rbi-needs-to-ease-policy-and-liquidity-further/articleshow/69617633.cms,"Despite RBI's two interest rate cuts this year, borrowing costs aren’t coming down fast enough."
"No rift with Reserve Bank of India, say senior government officials",https://economictimes.indiatimes.comhttps://economictimes.indiatimes.com/news/economy/policy/no-rift-with-reserve-bank-of-india-say-senior-government-officials/articleshow/59077064.cms,"Senior policymakers told ET that Urjit Patel and govt officials had a cordial lunch on Friday, and that CEA's opinion was not that of govt’s."
"A cut in rate does not mean more growth, says former RBI Governor Y V Reddy",https://economictimes.indiatimes.comhttps://economictimes.indiatimes.com/news/economy/policy/a-cut-in-rate-does-not-mean-more-growth-says-former-rbi-governor-y-v-reddy/articleshow/59054980.cms,"In the bimonthly policy announced on Wednesday, the RBI refrained from lowering policy rates even as it lowered inflation and growth targets for this fiscal year."
"Rajan holds off on policy rate cut, but may give a parting gift in August",https://economictimes.indiatimes.comhttps://economictimes.indiatimes.com/markets/stocks/news/rajan-holds-off-on-policy-rate-cut-but-may-give-a-parting-gift-in-august/articleshow/52631918.cms,"In line with expectations, RBI has kept the interest rates unchanged at its policy review. The repo rate stands at 6.5%, while CRR has been retained at 4%."
How Shaktikanta Das tackled five uncomfortable questions,https://economictimes.indiatimes.comhttps://economictimes.indiatimes.com/news/economy/policy/how-shaktikanta-das-tackled-four-uncomfortable-questions/articleshow/71437813.cms,The cut in FY20 real GDP growth projection was one of the bigger talking points after today's meeting.
"Don't believe rumours, Indian banking sector safe: RBI to depositors",https://economictimes.indiatimes.comhttps://economictimes.indiatimes.com/industry/banking/finance/no-need-for-unnecessary-panic-indian-banking-sector-safe-rbi-assures-bank-customers/articleshow/71436602.cms,"Appealing depositors to not worry, RBI governor said it won't allow any co-operative bank to collapse."
RBI refrains from growth and inflation projections amid Covid uncertainties,https://economictimes.indiatimes.comhttps://economictimes.indiatimes.com/news/economy/indicators/rbi-refrains-from-growth-and-inflation-projections-amid-covid-uncertainties/articleshow/74842310.cms,"“Given this heightened volatility, unprecedented uncertainty and extremely fluid state of affairs, projections of growth and inflation would be heavily contingent on the intensity, spread and duration of COVID-19. Precisely for these reasons, the MPC refrained from giving out specific growth and inflation numbers,” Reserve Bank of India Governor Shaktikanta Das said."
"What is RBI trying to achieve with GSAP, VRRR and all that",https://economictimes.indiatimes.comhttps://economictimes.indiatimes.com/markets/bonds/what-is-rbi-trying-to-achieve-with-gsap-vrrr-and-all-that/articleshow/81949442.cms,"It is well-understood that the current level of overnight rates is too low and, thus, has limited shelf-life."
RBI to soon release discussion paper on flexible inflation targeting framework,https://economictimes.indiatimes.comhttps://economictimes.indiatimes.com/news/economy/policy/rbi-to-soon-release-discussion-paper-on-flexible-inflation-targeting-framework/articleshow/123145191.cms,"The Reserve Bank of India is set to release a discussion paper on its flexible inflation targeting (FIT) framework, which mandates maintaining CPI inflation at 4% with a +/- 200 basis points band. As the current target is valid until March 2026, the review will involve public consultation and government input, considering the debate around targeting non-food inflation."
"A new era of financial oversight and regulation is here, says RBI Deputy Governor",https://economictimes.indiatimes.comhttps://economictimes.indiatimes.com/news/economy/policy/a-new-era-of-financial-oversight-and-regulation-is-here-says-rbi-deputy-governor/articleshow/123408853.cms,"The Reserve Bank of India is transitioning towards principle and outcome-based regulations to offer regulated entities greater operational flexibility. This shift, as highlighted by Deputy Governor M Rajeshwar Rao, aims to foster innovation while ensuring consumer protection and financial system resilience. The RBI emphasizes leveraging technology and collaboration to adapt to the evolving financial landscape."
"Bond yields surge; attractive opportunities emerging in SDLs, says PGIM India MF’s Puneet Pal",https://economictimes.indiatimes.comhttps://economictimes.indiatimes.com/markets/bonds/bond-yields-surge-attractive-opportunities-emerging-in-sdls-says-pgim-india-mfs-puneet-pal/articleshow/123825388.cms,"Indian bond yields surged in August, particularly for long-term and state government securities, driven by demand-supply issues and fiscal concerns. Despite a sovereign rating upgrade from S&P, worries about GST rationalization and fiscal deficits persist."
"If external headwinds remain and growth starts to decelerate, MPC likely to cut rates in December: Report",https://economictimes.indiatimes.comhttps://economictimes.indiatimes.com/news/economy/policy/if-external-headwinds-remain-and-growth-starts-to-decelerate-mpc-likely-to-cut-rates-in-december-report/articleshow/124269134.cms,ICICI Bank predicts the Monetary Policy Committee may cut policy rates in December if domestic growth decelerates amid persistent external headwinds. A noticeable dovish shift in the MPC's language and the Governor's recent remarks signal potential monetary easing.
Fall in bond yields likely to accelerate,https://economictimes.indiatimes.comhttps://economictimes.indiatimes.com/markets/bonds/fall-in-bond-yields-likely-to-accelerate/articleshow/51497586.cms,"Rates would now be revised every quarter making the RBI policy the benchmark, defying years of skepticsim about it, traders said."
"Govt, RBI's plans to recover bad loans buoy banks",https://economictimes.indiatimes.comhttps://economictimes.indiatimes.com/markets/stocks/news/govt-rbis-plans-to-recover-bad-loans-buoy-banks/articleshow/58041364.cms,"The BSE Bankex has returned 4.59% over the past two weeks, outpacing the broader index, show data."
"F&O Ban: Indiabulls Housing, Manappuram Finance, India Cements under ban on Thursday",https://economictimes.indiatimes.comhttps://economictimes.indiatimes.com/markets/stocks/news/fo-ban-indiabulls-housing-manappuram-finance-india-cements-under-ban-on-thursday/articleshow/100837197.cms,"Three stocks, Indiabulls Housing Finance Company, Manappuram Finance and India Cements, will be banned from the trade for Thursday under the future & options (F&O) contracts, despite still being available for the cash market. The F&O contracts of a stock go into ban phase when the open interest exceeds 95% of the market-wide position limits, with the ban only lifted when it falls below 80%. Both the S&P BSE Sensex and Nifty50 indices finished Wednesday's trading higher, ahead of the RBI policy to be published later in the week."
"Expect bond markets to remain range-bound in near term: Shilpa Kumar, ICICI Bank",https://economictimes.indiatimes.comhttps://economictimes.indiatimes.com/opinion/interviews/expect-bond-markets-to-remain-range-bound-in-near-term-shilpa-kumar-icici-bank/articleshow/19126546.cms,The market is trying to digest two things at this stage. One is clearly the RBI policy which has set this limited room for rate cuts.
"Home loans, FD interest rates, UPI for international travellers: RBI policy and your money",https://economictimes.indiatimes.comhttps://economictimes.indiatimes.com/wealth/web-stories/home-loans-fd-interest-rates-upi-for-international-travellers-rbi-policy-and-your-money/slideshow/97722954.cms,
"Bond yields jump ahead of RBI policy decision, tracking higher U.S. peers",https://economictimes.indiatimes.comhttps://economictimes.indiatimes.com/markets/bonds/bond-yields-jump-ahead-of-rbi-policy-decision-tracking-higher-u-s-peers/articleshow/97645345.cms,"Bond yields jumped after U.S. Treasury prices fell as data showed job growth surged and services activity rebounded in January, likely undermining the Fed's attempts to bring down inflation."
"Sensex climbs 250 points, Nifty above 17,800 ahead of RBI policy outcome",https://economictimes.indiatimes.comhttps://economictimes.indiatimes.com/markets/stocks/news/sensex-climbs-250-points-nifty-above-17800-ahead-of-rbi-policy-outcome/articleshow/97715138.cms,"From the Sensex pack, UltraTech Cement, HCL Tech and Infosys were the top gainers, rising over 1%. Wipro, TCS, Tech Mahindra and Bajaj Finance also opened with gains. On the other hand, Bharti Airtel, NTPC, Maruti, Tata Motors and Sun Pharma opened with losses."
Rupee off 2-month highs on US dollar short-covering; RBI policy in focus,https://economictimes.indiatimes.comhttps://economictimes.indiatimes.com/markets/forex/rupee-off-2-month-highs-on-us-dollar-short-covering-rbi-policy-in-focus/articleshow/19836654.cms,Dealers said dollar demand from oil importers also hurt the rupee while the euro's losses added to the negative sentiment.
Rupee steady against US dollar in early trade; gilts await RBI policy outcome,https://economictimes.indiatimes.comhttps://economictimes.indiatimes.com/markets/forex/rupee-steady-against-us-dollar-in-early-trade-gilts-await-rbi-policy-outcome/articleshow/88066079.cms,"“We have consolidated to a very tight range. From the lows of 75.20 against the US dollar, we have come back roughly to the 75-per dollar level where there is also some degree of exporter selling,” a dealer with a state-owned bank said on condition of anonymity."
"RBI policy: MPC leaves repo rate unchanged, maintains accommodative stance to sustain growth",https://economictimes.indiatimes.comhttps://economictimes.indiatimes.com/news/economy/policy/rbi-policy-mpc-leaves-repo-rate-unchanged-maintains-accommodative-stance-to-sustain-growth/videoshow/81944879.cms,
Two reasons markets cheered RBI policy before closing the day on a flat note,https://economictimes.indiatimes.comhttps://economictimes.indiatimes.com/markets/stocks/news/two-reasons-markets-cheered-rbi-policy-before-closing-the-day-on-a-flat-note/articleshow/43885555.cms,"The market had surged 250 points after the policy meeting; led by gains in rate sensitive sectors such as capital goods, banks, auto and realty."
"RBI policy, Q2 numbers among key factors that may drive market this week",https://economictimes.indiatimes.comhttps://economictimes.indiatimes.com/markets/stocks/news/rbi-policy-q2-numbers-among-key-factors-that-may-drive-market-this-week/articleshow/86721896.cms,"This week, market participants will be keenly watching RBI monetary policy which is likely to provide momentum to Dalal street. Q2 earnings and India’s service PMI readings would also be keenly watched."
"India benchmark bond yield briefly hits 2-month high, no surprise in RBI policy",https://economictimes.indiatimes.comhttps://economictimes.indiatimes.com/markets/forex/india-benchmark-yield-briefly-hits-2-month-high-no-surprise-in-rbi-policy/articleshow/109055465.cms,"The yield on the benchmark 10-year was at 7.1069% as of 11:10 a.m. IST, after closing at 7.0934% on Thursday. It had hit 7.1217%, the highest since Feb. 14, after the policy decision."
Top 15 rate-sensitive stocks to buy post RBI policy for 6-12 months,https://economictimes.indiatimes.com/markets/stocks/news/Top-15-rate-sensitive-stocks-to-buy-post-RBI-policy-for-6-12-months/articleshow/46106688.cms,"Rate-sensitive stocks are likely to be the biggest beneficiary if the central bank lowers interest rates further, which is widely expected in 2015."
"Sensex jumps 50 points ahead of RBI policy outcome, Nifty above 11,650",https://economictimes.indiatimes.comhttps://economictimes.indiatimes.com/markets/stocks/news/sensex-jumps-50-points-ahead-of-rbi-policy-outcome-nifty-above-11650/videoshow/68715866.cms,
"Sensex loses 200 points, Nifty holds 19,600 ahead of RBI policy outcome",https://economictimes.indiatimes.comhttps://economictimes.indiatimes.com/markets/stocks/news/sensex-loses-200-points-nifty-holds-19600-ahead-of-rbi-policy-outcome/videoshow/102593641.cms,
Rupee can find strong support near 53.70 levels ahead of RBI policy,https://economictimes.indiatimes.comhttps://economictimes.indiatimes.com/markets/forex/rupee-can-find-strong-support-near-53-70-levels-ahead-of-rbi-policy/articleshow/19014651.cms,USD/INR depreciated by 2.8% (from 53.61 to 55.13) in just 2 days; whereas it was seen taking more than 15 days to appreciate by 2.1% (from 55.13 to 53.97).
"Fed hikes rates: What it means to D-Street, rupee & RBI's policy rate",https://economictimes.indiatimes.comhttps://economictimes.indiatimes.com/markets/stocks/news/fed-hikes-rates-what-it-means-to-d-street-rupee-rbis-policy-rate/articleshow/65973831.cms,The Fed also dropped the word “accommodative” from the policy statement.
"Sensex rises 150 points, Nifty above 11,050 ahead of RBI policy outcome",https://economictimes.indiatimes.comhttps://economictimes.indiatimes.com/markets/stocks/news/sensex-rises-150-points-nifty-above-11050-ahead-of-rbi-policy-outcome/articleshow/67878480.cms,The Reserve Bank of India will announce its monetary policy decision before noon today.
Top 10 rate-sensitive stocks you can bet on post RBI policy review,https://economictimes.indiatimes.comhttps://economictimes.indiatimes.com/markets/stocks/news/top-10-rate-sensitive-stocks-you-can-bet-on-post-rbi-policy-review/articleshow/47510946.cms,Here is a list of top ten rate-sensitive stocks from experts where investors can safely park their funds for next one year.
Sensex snaps 3-day winning streak to end lower ahead of RBI policy meet,https://economictimes.indiatimes.comhttps://economictimes.indiatimes.com/markets/stocks/news/sensex-snaps-3-day-winning-streak-to-end-lower-ahead-of-rbi-policy-meet/articleshow/52613437.cms,The lack of domestic triggers and an opportunity for re-allocation of portfolios post the end of the March quarter earnings also weighed on the market.
Sensex rallies over 100 points ahead of RBI policy review; twelve stocks in focus,https://economictimes.indiatimes.comhttps://economictimes.indiatimes.com/markets/stocks/news/sensex-rallies-over-100-points-ahead-of-rbi-policy-review-twelve-stocks-in-focus/articleshow/46831932.cms,"Sensex surged as much as 109 points in trade on Tuesday, ahead of Reserve Bank of India's crucial bi-monthly monetary policy review."
Interest rate may be cut even before the next RBI policy meet: SMC Capital,https://economictimes.indiatimes.comhttps://economictimes.indiatimes.com/markets/stocks/news/interest-rate-may-be-cut-even-before-the-next-rbi-policy-meet-smc-capital/articleshow/48493372.cms,"If GST would have passed in this Parliament session, then it would have been a positive catalyst for the markets as well as the economy, says Aggarwal."
"FIIs lap up put options in run-up to Federal Reserve, RBI policy meets",https://economictimes.indiatimes.comhttps://economictimes.indiatimes.com/markets/stocks/news/fiis-lap-up-put-options-in-run-up-to-federal-reserve-rbi-policy-meets/articleshow/48751937.cms,"Purchase of Nifty options, comprising mostly puts, soared to Rs 11,500 crore in August, the highest it has reached so far this year."
Raghuram Rajan meets FM Arun Jaitley ahead of August 4 RBI policy review,https://economictimes.indiatimes.comhttps://economictimes.indiatimes.com/news/economy/policy/raghuram-rajan-meets-fm-arun-jaitley-ahead-of-august-4-rbi-policy-review/articleshow/48162417.cms,"However, RBI has said it would watch out for the data, including inflation, and the monsoon progress before any change in its policy rates."
"Sensex rises 150 points, Nifty above 11,050 ahead of RBI policy outcome",https://economictimes.indiatimes.comhttps://economictimes.indiatimes.com/markets/stocks/news/sensex-rises-150-points-nifty-above-11050-ahead-of-rbi-policy-outcome/articleshow/67878480.cms,The Reserve Bank of India will announce its monetary policy decision before noon today.
Rupee down 16 paise against dollar in early trade,https://economictimes.indiatimes.comhttps://economictimes.indiatimes.com/markets/forex/rupee-down-16-paise-against-dollar-in-early-trade/articleshow/24854069.cms,The rupee had lost six paise to close at 61.52 against the dollar in yesterday's range-bound session in line with a fall in local equities.
Bank of Baroda passes on 25 bps rate cut to customers,https://economictimes.indiatimes.comhttps://economictimes.indiatimes.com/industry/banking/finance/banking/bank-of-baroda-passes-on-25-bps-rate-cut-to-customers/articleshow/120164512.cms,"Bank of Baroda has announced a reduction in its lending rates. This follows the Reserve Bank of India's decision to cut policy rates. The rate cut will benefit retail and MSME loan customers. The bank has reduced its external benchmark-linked lending rates by 25 basis points. However, the marginal cost of funds-based lending rate remains unchanged at 9 percent."
Bearish on IDFC: Sudip Bandyopadhyay,https://economictimes.indiatimes.comhttps://economictimes.indiatimes.com/markets/stocks/recos/bearish-on-idfc-sudip-bandyopadhyay/articleshow/32850908.cms,It is being rumoured that banking licence announced any time probably in the next RBI policy in the first half of April itself.
RBI puts rate cuts on hold: Which debt mutual funds should you buy now?,https://economictimes.indiatimes.comhttps://economictimes.indiatimes.com/wealth/invest/rbi-puts-rate-cuts-on-hold-which-debt-mfs-should-you-buy-now/articleshow/57093911.cms,"Considering the change in RBI's policy stance and lower FD rates, investors should moderate their expectations and consider investing in these debt funds."
RBI monetary policy meeting starts: The script isn't changing?,https://economictimes.indiatimes.comhttps://economictimes.indiatimes.com/news/economy/policy/rbi-monetary-policy-meeting-starts-the-script-isnt-changing/articleshow/113998722.cms,The Reserve Bank of India (RBI) begins its three-day monetary policy meeting amid global economic uncertainties. Analysts believe the repo rate will remain unchanged for a 10th consecutive time at 6.50% as the central bank balances inflation control with economic growth.
"Punters bet on 21,230-21,970 range for Bank Nifty post policy today",https://economictimes.indiatimes.comhttps://economictimes.indiatimes.com/markets/stocks/news/punters-bet-on-21230-21970-range-for-bank-nifty-post-policy-today/articleshow/77387140.cms,Punters on Bank Nifty have sold significant amounts of at-the-money call and put at 21600 ahead of the RBI policy
FIIs barred; short-term bond market dries up,https://economictimes.indiatimes.comhttps://economictimes.indiatimes.com/news/economy/finance/fiis-barred-short-term-bond-market-dries-up/articleshow/46236026.cms,"There have been 244 issuances with maturities between one and three years, aggregating to Rs 38,294 crore between November 1, Rs 2014, and January 23."
Enough FII flows waiting to come to India to help markets give a positive return: Sunil Subramaniam,https://economictimes.indiatimes.comhttps://economictimes.indiatimes.com/markets/expert-view/enough-fii-flows-waiting-to-come-to-india-to-help-markets-give-a-positive-return-sunil-subramaniam/articleshow/95974503.cms,"“We have a services fund and new-age opportunities are a part of that fund. Last year, when everybody was buying all this, I did not buy any of those. I bought only one or two of those fintechs during the boom there. Some of them I am buying now but it is not broad-based buying. We are buying it in those funds where it makes sense which is essentially the services fund. ”"
"RBI will act on rate cut after taking a look at Budget 2015: Indranil Pan, Kotak Mahindra Bank",https://economictimes.indiatimes.comhttps://economictimes.indiatimes.com/opinion/interviews/rbi-will-act-on-rate-cut-after-taking-a-look-at-budget-2015-indranil-pan-kotak-mahindra-bank/articleshow/46106690.cms,The bonanza that the government is collecting from the oil actually gets translated into a rightful increase on the infrastructure space.
Bond yields likely to soar on record weekly sale and short trading week,https://economictimes.indiatimes.comhttps://economictimes.indiatimes.com/markets/bonds/bond-yields-likely-to-soar-on-record-weekly-sale-and-short-trading-week/articleshow/12498263.cms,"RBI will auction about Rs 18,000 crore worth of government bonds on April 3, the highest amount to have ever been auctioned in a week."
Market Movers: Another home loan rate hike coming; terror risk to GDP and more,https://economictimes.indiatimes.comhttps://economictimes.indiatimes.com/markets/stocks/news/market-movers-another-home-loan-rate-hike-coming-terror-risk-to-gdp-and-more/articleshow/64487384.cms,A lowdown on top macro triggers that may move market on Thursday.
"RBI move judicious, forget rate cut at least till Oct, say analysts",https://economictimes.indiatimes.comhttps://economictimes.indiatimes.com/markets/stocks/news/rbi-move-judicious-forget-rate-cut-at-least-till-oct-say-analysts/articleshow/77388623.cms,"The central bank has already reduced the repo rate by a total of 115 basis points since February, on top of the 135 basis points in an easing cycle last year, from 6.50 per cent."
RBI minutes: MPC members feel economy still hasn't bottomed out,https://economictimes.indiatimes.comhttps://economictimes.indiatimes.com/markets/stocks/news/rbi-minutes-mpc-members-feel-economy-still-hasnt-bottomed-out/articleshow/74228388.cms,Patra said indicators were not offering evidence yet that the downturn was bottoming out.
"India bonds rise before RBI minutes, rate cut cues may fuel more gains",https://economictimes.indiatimes.comhttps://economictimes.indiatimes.com/markets/bonds/india-bonds-rise-before-rbi-minutes-rate-cut-cues-may-fuel-more-gains/articleshow/124576784.cms,"Indian government bonds ended higher for a third consecutive session on Wednesday, ahead of the release of the minutes from the central bank's latest policy meeting, where a dovish tone could fuel further rise."
Stock market update: PSU bank stocks incur losses; SBI lone gainer in the sectoral index,https://economictimes.indiatimes.comhttps://economictimes.indiatimes.com/markets/stocks/news/stock-market-update-psu-bank-stocks-incur-losses-sbi-lone-gainer-in-the-sectoral-index/articleshow/64459137.cms,"Shares of Andhra Bank, Bank of India, IDBI Bank and Oriental Bank of Commerce declined over 1 per cent."
GIFT Nifty up 200 points; here's the trading setup for today's session,https://economictimes.indiatimes.comhttps://economictimes.indiatimes.com/markets/stocks/news/pre-market-action-heres-the-trade-setup-for-todays-session/articleshow/120534664.cms,"Indian equities closed positively, buoyed by sustained buying interest and supportive RBI policies, despite global market caution. Analysts anticipate a continued upward trend, fueled by hopes of an India-US trade agreement, consistent FII buying, and accommodative RBI measures. The short-term bullish outlook remains, targeting 24,500, with support at 24,000."
"Why the stock market fell today? Sensex tanks 636 pts, Nifty below 24,550 — 6 key reasons behind the decline",https://economictimes.indiatimes.comhttps://economictimes.indiatimes.com/markets/stocks/news/why-is-the-stock-market-falling-today-sensex-tanks-700-pts-nifty-slips-below-24550-6-key-reasons-behind-the-decline/articleshow/121592303.cms,Stock Market Crash: Indian stock markets faced a downturn. Sensex and Nifty50 declined due to struggles in finance and IT. Global trade worries and US fiscal issues contributed. Donald Trump's tariff plans impacted metal exporters. Weak global data and anticipation of the RBI policy added pressure. US debt concerns and volatile oil prices further dampened sentiment.
"ICRA expects extended policy rate pause, unless economic growth moderates",https://economictimes.indiatimes.comhttps://economictimes.indiatimes.com/news/economy/policy/icra-expects-extended-policy-rate-pause-unless-economic-growth-moderates/articleshow/125800823.cms,The RBI has reduced inflation projection for 2025-26 to 2.0 per cent from the October estimate of 2.6 per cent and February estimate of 4.2 per cent.RBI has also revised real GDP growth for 2025-26 and is projected at 7.3 per cent now.
RBI enables faster money transfer by finetuning NEFT framework,https://economictimes.indiatimes.comhttps://economictimes.indiatimes.com/industry/banking/finance/banking/rbi-enables-faster-money-trasfer-by-finetuning-neft-framework/articleshow/58046187.cms,The increase of the number of cycle to 23 from the current 12 will allow faster settlement of funds and more funds to settle in a day.
RBI D-day guide: Rates seen unchanged; excess cash mop-up in focus,https://economictimes.indiatimes.comhttps://economictimes.indiatimes.com/markets/stocks/news/rbi-d-day-guide-rates-seen-unchanged-excess-cash-mop-up-in-focus/articleshow/58041184.cms,Key to the RBI's decision will be whether it believes banks will be able to retain deposits that poured in after Narendra Modi's November clampdown on cash.
"RBI keeps policy rate unchanged, hikes reverse repo rate by 25 bps, cuts MSF rate to 6.5%",https://economictimes.indiatimes.comhttps://economictimes.indiatimes.com/markets/stocks/news/rbi-hikes-reverse-repo-rate-by-25-bps-cuts-msf-rate-to-6-5/articleshow/58045079.cms,The most significant part of Thursday’s money policy review was the move to allow banks to invest in real estate investment trusts (REITs).
RBI ups the guard against future inflation shocks,https://economictimes.indiatimes.comhttps://economictimes.indiatimes.com/markets/stocks/news/rbi-ups-the-guard-against-future-inflation-shocks/articleshow/65239096.cms,A slightly deficient monsoon shower could have a dampening effect on the economy.
Watch: RBI keeps key interest rate unchanged at 6 pct,https://economictimes.indiatimes.comhttps://economictimes.indiatimes.com/news/economy/policy/watch-rbi-keeps-key-interest-rate-unchanged-at-6-pct/videoshow/62819362.cms,
RBI to wait at least until August to raise repo rate?,https://economictimes.indiatimes.comhttps://economictimes.indiatimes.com/news/economy/indicators/rbi-to-wait-at-least-until-august-to-raise-repo-rate/articleshow/90677297.cms,"Inflation has held above the RBI's 6% upper threshold so far this year, casting doubt on its current strategy of keeping rates low to bolster growth even as some central banks are already raising borrowing costs in this cycle."
"RBI keeps repo, reverse repo rate unchanged; says continued policy support warranted",https://economictimes.indiatimes.comhttps://economictimes.indiatimes.com/markets/stocks/news/mpc-keeps-repo-reverse-repo-rate-unchanged-reiterates-need-to-support-economic-growth/articleshow/88157311.cms,The Committee also voted to retain the accommodative stance of monetary policy in order to ensure that the economy recovers sustainably following the damage inflicted by the coronavirus pandemic.
Monetary Policy Committee decisions: Full view of what happened at RBI's August policy meeting,https://economictimes.indiatimes.comhttps://economictimes.indiatimes.com/news/economy/policy/monetary-policy-committee-decisions-full-view-of-what-happened-at-rbis-august-policy-meeting/articleshow/102599486.cms,"The six-member monetary policy committee voted unanimously to keep the key repo rate, the rate at which it lends to banks, unchanged at 6.5 percent and one member dissented on the monetary stance of focusing on withdrawal of accommodation."
"RBI cuts repo rate by 25 bps to 5.15%, maintains accommodative stance",https://economictimes.indiatimes.comhttps://economictimes.indiatimes.com/markets/stocks/news/rbi-cuts-repo-rate-by-25-bps-to-5-15-maintains-accommodative-stance/videoshow/71436007.cms,
Bond investors seek clarity on future rate cuts & fiscal math,https://economictimes.indiatimes.comhttps://economictimes.indiatimes.com/markets/bonds/bond-investors-seek-clarity-on-future-rate-cuts-fiscal-math/articleshow/71432912.cms,Yield on the 10-year bond has risen to 6.61 per cent from the mid-July low of 6.33 per cent.
RBI repo rate cut: Cheer for borrowers but interest rate on FDs likely to fall further,https://economictimes.indiatimes.comhttps://economictimes.indiatimes.com/wealth/personal-finance-news/rbi-repo-rate-cut-cheers-for-borrowers-but-interest-rate-on-fds-likely-to-fall-further/articleshow/71423119.cms,This cut is sweeter for new borrowers as banks are supposed to link all new floating rate loans to four external benchmarks specified by RBI from October 1.
"RBI MPC meeting: Which way is repo rate likely to move this time, and by how much? Economists decode the signs",https://economictimes.indiatimes.comhttps://economictimes.indiatimes.com/news/economy/policy/rbi-mpc-meeting-which-way-is-repo-rate-likely-to-move-this-time-and-by-how-much-economists-decode-the-signs/articleshow/121611363.cms,"As the Reserve Bank of India's Monetary Policy Committee (MPC) begins its two-day meeting in Mumbai to deliberate on the key policy rates, economists are divided over the quantum of the rate cut that the central bank should undertake in its June 6 announcement."
Here’s how you can save on interest after RBI’s repo rate cut,https://economictimes.indiatimes.comhttps://economictimes.indiatimes.com/wealth/borrow/heres-how-you-can-save-on-interest-after-rbis-repo-rate-cut/articleshow/121688891.cms,"Banks like Canara or UCO have already cut rates to 7.75%, but some private banks may take a few months to pass on the full benefit, so check with your lender. With reduced EMIs, you can use the extra money for daily expenses, savings, or paying off your loan faster to save more interest."
MPC members voted for cut but flagged risks to inflation,https://economictimes.indiatimes.comhttps://economictimes.indiatimes.com/markets/stocks/news/mpc-members-voted-for-cut-but-flagged-risks-to-inflation/articleshow/69878219.cms,Minutes released by RBI showed that members voted for an easier monetary policy.
RBI’s hawkish monetary policy signals distant rate cuts,https://economictimes.indiatimes.comhttps://economictimes.indiatimes.com/markets/stocks/news/rbis-hawkish-monetary-policy-signals-distant-rate-cuts/articleshow/100848083.cms,"The Reserve Bank of India (RBI) has reiterated its policy stance of focusing on withdrawal of accommodation and inflation control while supporting growth. The RBI Governor highlighted positive macro fundamentals in India, despite inflation being projected to be above the target. The Monetary Policy Committee (MPC) has maintained its growth projection for FY2024 at 6.5%, with quarter projections adjusted slightly. An extended pause on rate hikes is expected, with the focus being on bringing down CPI inflation to the 4% target. The liquidity scenario has improved after the withdrawal of INR2,000 notes from circulation."
How monetary policy has pivoted to a more flexible interpretation of inflation-targeting regime,https://economictimes.indiatimes.comhttps://economictimes.indiatimes.com/opinion/et-commentary/how-monetary-policy-has-pivoted-to-a-more-flexible-interpretation-of-inflation-targeting-regime/articleshow/99362164.cms,"Why did RBI pause its tightening streak? What would be its future course of action? Will it continue to pause, raise or lower the policy rates in the coming months? The recent pause can be attributed to a number of factors."
CPI inflation to remain below 5% in first half of 2017: HSBC,https://economictimes.indiatimes.comhttps://economictimes.indiatimes.com/news/economy/finance/cpi-inflation-to-remain-below-5-in-first-half-of-2017-hsbc/articleshow/55997275.cms,"Food prices have remained low in December and it is getting increasingly likely that RBI will meet its '5 per cent by March' CPI target comfortably, HSBC said."
Guidance will be important in RBI’s policy: CLSA,https://economictimes.indiatimes.comhttps://economictimes.indiatimes.com/et-now/experts/guidance-will-be-important-in-rbis-policy-clsa/videoshow/43865082.cms,
"Trade setup: Nifty must cross double top hurdle at 12,103 to extend rally",https://economictimes.indiatimes.comhttps://economictimes.indiatimes.com/markets/stocks/news/trade-setup-nifty-must-cross-double-top-hurdle-at-12103-to-extend-rally/articleshow/72372332.cms,"The RSI stood at 59.26 and stayed neutral, showing no divergence against the price."
"RBI likely to hold rates tomorrow; see a 25-bps cut coming in February: Indranil Sengupta, BofA-ML",https://economictimes.indiatimes.comhttps://economictimes.indiatimes.com/opinion/interviews/rbi-likely-to-hold-rates-tomorrow-see-a-25-bps-cut-coming-in-february-indranil-sengupta-bofa-ml/articleshow/49978593.cms,"""We are already at 6.75%, while the long-term CPI inflation is around 7%. This means we are marginally negative in terms of the real policy rate."""
RBI may cut rates again to support growth,https://economictimes.indiatimes.comhttps://economictimes.indiatimes.com/markets/stocks/news/rbi-may-cut-rates-again-to-support-growth/articleshow/72317422.cms,"In five reductions so far in 2019, interest rates have been lowered by a total of 135 basis points."
RBI keeps status quo on rates; rows back on excess liquidity,https://economictimes.indiatimes.comhttps://economictimes.indiatimes.com/markets/stocks/news/rbi-keeps-policy-rates-untouched-stance-remains-accommodative-as-long-as-necessary/articleshow/86859971.cms,"The policy repo rate, or the rate at which RBI lends to banks, is kept at 4% after the six-member MPC voted unanimously in favour of a status quo, while the reverse repo rate remains at 3.35%."
"As RBI hikes rates, bet on target maturity, dynamic bonds",https://economictimes.indiatimes.comhttps://economictimes.indiatimes.com/markets/stocks/news/as-rbi-hikes-rates-bet-on-target-maturity-dynamic-bonds/articleshow/92100998.cms,"Policy focus is now firmly on calibrated withdrawal of accommodation to ensure inflation remains within the target going forward while supporting growth. This is reflected in the forward guidance, where the reference to ‘remaining accommodative’ has been dropped. These decisions align to achieve the medium-term target for consumer price index (CPI) inflation of 4% within a band of +/- 2%, while supporting growth."
"Why RBI may hold rates, despite inflation breaching the target band",https://economictimes.indiatimes.comhttps://economictimes.indiatimes.com/markets/stocks/news/why-rbi-may-hold-rates-despite-inflation-breaching-the-target-band/articleshow/90229927.cms,"Even as CPI inflation breached the upper end of the 2-6 per cent band in February, a policy rate hike at this juncture appears remote."
"RBI moving cautiously on CBDC, won't launch in haste: Shaktikanta Das",https://economictimes.indiatimes.comhttps://economictimes.indiatimes.com/news/economy/policy/rbi-moving-cautiously-on-cbdc-wont-launch-in-haste-shaktikanta-das/articleshow/89478230.cms,"Governor Das reiterated his warning that other crypto currencies would harm financial and economic stability and that investors are taking risks in investing them. Das likened cryptos to the tulipmania, a speculative bubble which took place in the 17th century when Dutch investors purchased tulips, pushing their prices to unprecedented highs."
RBI cuts interest rate by 25 bps to help boost growth,https://economictimes.indiatimes.comhttps://economictimes.indiatimes.com/markets/stocks/news/rbi-cuts-interest-rate-by-25-bps-to-help-boost-growth/articleshow/68718986.cms,The MPC voted 4:2 in favour of a rate cut. The repo rate has been lowered to 6%
Rahul Gandhi casts a long shadow over MPC,https://economictimes.indiatimes.comhttps://economictimes.indiatimes.com/markets/stocks/news/rahul-gandhi-casts-a-long-shadow-over-mpc/articleshow/68681112.cms,Every fiscal act has a monetary implication. So would NYAY.
SLR reduction: Exporters expect banks to cut interest rates,https://economictimes.indiatimes.comhttps://economictimes.indiatimes.com/industry/banking/finance/banking/slr-reduction-exporters-expect-banks-to-cut-interest-rates/articleshow/46106501.cms,TEA president welcomed RBI's decision to reduce the SLR by 50 basis points from 22 per cent to 21.50% with effect from the fortnight beginning Feb 7.
Banking sector outlook 2025: Suresh Ganapathy’s perspective on growth and valuations,https://economictimes.indiatimes.comhttps://economictimes.indiatimes.com/markets/stocks/news/banking-sector-outlook-2025-suresh-ganapathys-perspective-on-growth-and-valuations/slideshow/119120424.cms,
Move beyond the set menu: RBI’s role goes beyond setting rates; here's what else it must do,https://economictimes.indiatimes.comhttps://economictimes.indiatimes.com/opinion/et-commentary/move-beyond-the-set-menu-rbis-role-goes-beyond-setting-rates-heres-what-else-it-must-do/articleshow/118033076.cms,"RBI's 6-member MPC reduced the policy repo rate by 25 bps to 6.25% after two years, in light of the moderated inflation and decelerating growth forecast for the year. The article suggests reviewing and updating the inflation-targeting framework and CPI basket to improve monetary policy effectiveness."
"Not sanguine about trajectory of inflation over next 4-5 months: Sajjid Chinoy, JPMorgan",https://economictimes.indiatimes.comhttps://economictimes.indiatimes.com/opinion/interviews/not-sanguine-about-trajectory-of-inflation-over-next-4-5-months-sajjid-chinoy-jpmorgan/articleshow/27587437.cms,"""My concern is about inflation expectations, considering that CPI is well in double digits and the WPI is well above expectations,"" Chinoy said."
"RBI, keep your powder dry: Why MPC should preferably ‘do nothing’ this time",https://economictimes.indiatimes.comhttps://economictimes.indiatimes.com/opinion/et-commentary/rbi-keep-your-powder-dry-why-mpc-should-preferably-do-nothing-this-time/articleshow/120043168.cms,"RBI Governor Sanjay Malhotra faces a crucial decision at the MPC's 3-day meet amid uncertainty from Trump's tariffs. With the potential inflation impact still uncertain, there's a call for caution. Growth estimates remain robust, but food inflation could rise in summer. Historically, decisions made in haste bear repercussions, indicating that a wait-and-watch approach might be best."
Market Movers: Stage set for higher EMIs; consumer sentiment turns bullish & banks face bigger haircuts,https://economictimes.indiatimes.comhttps://economictimes.indiatimes.com/markets/stocks/news/market-movers-stage-set-for-higher-emis-consumer-sentiment-turns-bullish-haircut-for-banks-more/articleshow/65237203.cms,A lowdown on top macro triggers that may move market on Thursday.
"IndusInd, Axis Bank, others rise up to 4% as NIIs set to rise on RBI measures",https://economictimes.indiatimes.comhttps://economictimes.indiatimes.com/markets/stocks/news/indusind-axis-bank-others-rise-up-to-4-as-niis-set-to-rise-on-rbi-measures/articleshow/73980779.cms,"RBI has linked pricing of loans by all commercial banks for the medium enterprises to an external benchmark, effective April 1."
Market Watch: Which sectors will gain the most from RBI announcements?,https://economictimes.indiatimes.comhttps://economictimes.indiatimes.com/markets/stocks/etmarkets-podcast/market-watch-which-sectors-will-be-biggest-beneficiaries-of-rbi-announcements/videoshow/83237054.cms,
‘Nominal GDP to grow at 10-11% in 2016-17’,https://economictimes.indiatimes.comhttps://economictimes.indiatimes.com/et-now/experts/nominal-gdp-to-grow-at-10-11-in-2016-17/videoshow/51828092.cms,
RBI avoids policy response to rising inflation to support economic recovery,https://economictimes.indiatimes.comhttps://economictimes.indiatimes.com/news/economy/policy/rbi-avoids-policy-response-to-rising-inflation-to-support-economic-recovery/articleshow/85093553.cms,"On economic growth, RBI is expecting a revival backed by improving capacity utilisation, rising steel consumption and higher imports of capital goods. “The congenial monetary and financial conditions and the economic packages announced by the central government are expected to kick-start a long-awaited revival,” Das said."
RBI rules out special liquidity window for NBFCs,https://economictimes.indiatimes.comhttps://economictimes.indiatimes.com/markets/stocks/news/rbi-rules-out-special-liquidity-window-for-nbfcs/articleshow/66956605.cms,"In case of any stress building up, RBI promised to fulfill central bank's role as the lender of last resort."
One-off rate cut can’t be ruled out if inflation projection is close to 4%,https://economictimes.indiatimes.comhttps://economictimes.indiatimes.com/markets/stocks/news/one-off-rate-cut-cant-be-ruled-out-if-inflation-projection-is-close-to-4/articleshow/66963527.cms,The committee slashed inflation forecasts by 110-130 bps in H2.
"Growth picking up, but too early to celebrate: Chief economic advisor Raghuram Rajan",https://economictimes.indiatimes.comhttps://economictimes.indiatimes.com/news/economy/indicators/growth-picking-up-but-too-early-to-celebrate-chief-economic-advisor-raghuram-rajan/articleshow/18980430.cms,Rajan says he sees signs of recovery though it was too early to celebrate and the govt should not rest till the time growth rebounds to 7.5 pc-8 pc.
Has near-failure in inflation targetting altered the equation for RBI’s money policy?,https://economictimes.indiatimes.comhttps://economictimes.indiatimes.com/markets/stocks/mpc-goes-into-the-money-policy-huddle-heres-what-it-is-talking/articleshow/78530808.cms,"While MPC’s hands seem to be tied at present given the near-failure in meeting its inflation target, one believes RBI is not done with rate cuts."
'RBI governor is hitting every ball outside of the stadium',https://economictimes.indiatimes.comhttps://economictimes.indiatimes.com/markets/expert-view/why-it-is-time-to-be-optimistic-on-the-indian-economy/articleshow/78571188.cms,"I am a fund manager and by nature I have to be an optimist and second, the data also suggest that it is time to be optimististic, says Nilesh Shah"
Reserve Bank of India may cut rates by only 25 bps in FY18: ET poll,https://economictimes.indiatimes.comhttps://economictimes.indiatimes.com/news/economy/policy/reserve-bank-of-india-may-cut-rates-by-only-25-bps-in-fy18-et-poll/articleshow/59059736.cms,"The participants, all top fund managers, were split on issue of whether Centre was right in calling MPC members for discussion ahead of policy meet."
Monetary Policy: RBI's loan restructuring move to provide breather to real estate,https://economictimes.indiatimes.comhttps://economictimes.indiatimes.com/news/economy/policy/monetary-policy-rbis-loan-restructuring-move-to-provide-breather-to-real-estate/articleshow/77390247.cms,"“While the sector was looking at a further revision in the policy rate, to boost demand, we appreciate the accommodative stance by the RBI, in the wake of a high rate of inflation which may have necessitated keeping policy rates unchanged,” said Shishir Baijal, Chairman and Managing Director, Knight Frank India."
RBI likely to leave repo rate unchanged in August policy meet: SBI Report,https://economictimes.indiatimes.comhttps://economictimes.indiatimes.com/news/economy/policy/rbi-likely-to-leave-repo-rate-unchanged-in-august-policy-meet-sbi-report/articleshow/77277687.cms,"""We believe an August rate cut is unlikely. We believe that the MPC could now well debate what further unconventional policy measures could be resorted to in the current circumstances to ensure financial stability is continued to be addressed,"" an SBI research report- Ecowrap said."
MPC meet: Should you expect rate cut in Shaktikanta Das’ first review?,https://economictimes.indiatimes.comhttps://economictimes.indiatimes.com/markets/stocks/news/mpc-meet-should-you-expect-rate-cut-in-shaktikanta-das-first-review/articleshow/67878902.cms,Most economists expect the committee to keep the repo rate unchanged at 6.5 per cent.
India's foreign exchange reserve rises to record $600 billion,https://economictimes.indiatimes.comhttps://economictimes.indiatimes.com/news/economy/finance/indias-forex-reserves-likely-crossed-600-billion-this-week-rbi/articleshow/83229905.cms,Analysis of historical data indicates that the last $100 billion has taken exactly a year to plie-up and the fastest to accumulate in the central bank's history.
RBI Governor Shaktikanta Das says global trade rebounding; pitches for policy support for exports sector,https://economictimes.indiatimes.comhttps://economictimes.indiatimes.com/news/economy/foreign-trade/rbi-governor-says-global-trade-rebounding-pitches-for-policy-support-for-exports-sector/articleshow/83228331.cms,"Indian exports fell by 7.2 per cent in value terms in FY21, as the world wrestled with the COVID pandemic which had a severe impact to consumption because of the lockdowns and consequently to global trade. The exports had surged by more than 60 per cent in March to USD 34.45 billion as against USD 21.49 billion in the year-ago period."
"RBI's policy review: Status-quo on interest rate likely amid inflation concerns and Middle East crisis, say experts",https://economictimes.indiatimes.comhttps://economictimes.indiatimes.com/news/economy/policy/rbis-policy-review-status-quo-on-interest-rate-likely-amid-inflation-concerns-and-middle-east-crisis-say-experts/articleshow/113982358.cms,The RBI is expected to keep interest rates unchanged in its upcoming policy review due to ongoing inflation concerns and uncertainties in the Middle East. Experts suggest any easing of rates could happen in December. The reconstituted Monetary Policy Committee will hold its first meeting next week to discuss and decide the course.
Stock market update: Auto stocks crack up to 5% ahead of RBI policy outcome; M&M top loser,https://economictimes.indiatimes.comhttps://economictimes.indiatimes.com/markets/stocks/news/stock-market-update-auto-stocks-crack-up-to-5-ahead-of-rbi-policy-outcome-mampm-top-loser/articleshow/66083633.cms,"The Nifty Auto was trading 2.66 per cent down at 8,962 around 01:15 pm."
"RBI policy, Q1 earnings, auto sales, dollar among key factors that may guide Dalal Street this week",https://economictimes.indiatimes.comhttps://economictimes.indiatimes.com/markets/stocks/news/rbi-policy-q1-earnings-among-key-factors-that-may-guide-d-street-this-week/articleshow/77311705.cms,Here are some of the key factors expected to move the market in the week ahead.
Stock market update: Realty stocks build gains ahead of RBI's policy outcome; IB Real Estate jumps 5%,https://economictimes.indiatimes.comhttps://economictimes.indiatimes.com/markets/stocks/news/stock-market-update-realty-stocks-build-gains-ahead-of-rbis-policy-outcome-ib-real-estate-jumps-5/articleshow/64474010.cms,The Nifty Realty index was trading 1.51 per cent up at 283 around 10:25 am.
"Stock market update: Auto stocks rise ahead of RBI policy outcome; Eicher Motors, Tata Motors climb 1%",https://economictimes.indiatimes.comhttps://economictimes.indiatimes.com/markets/stocks/news/stock-market-update-auto-stocks-rise-ahead-of-rbi-policy-outcome-eicher-motors-tata-motors-climb-1/articleshow/64473914.cms,"The Nifty Auto index was trading 0.57 per cent up at 11,050 around 10:15 am on Wednesday."
"Rupee plummets to 7-month low, down 38 paise to end at 61.53 vs US dollar",https://economictimes.indiatimes.comhttps://economictimes.indiatimes.com/markets/forex/rupee-plummets-to-7-month-low-down-38-paise-to-end-at-61-53-vs-us-dollar/articleshow/43814461.cms,Sustained capital outflows also kept the rupee under pressure while some weakness in dollar overseas was not able to stem the rupee fall.
"Top three reasons why Sensex fell over 200 points, Nifty below 8300 intraday",https://economictimes.indiatimes.comhttps://economictimes.indiatimes.com/markets/stocks/news/top-three-reasons-why-sensex-fell-over-200-points-nifty-below-8300-intraday/articleshow/47455953.cms,Benchmark indices are headed for a 4th straight decline in a volatile session ahead of the expiry of monthly derivatives contracts.
Nifty seen at 5600-5580: Nirmal Bang Securities,https://economictimes.indiatimes.comhttps://economictimes.indiatimes.com/opinion/et-commentary/nifty-seen-at-5600-5580-nirmal-bang-securities/articleshow/9366504.cms,"Nifty may take immediate support at 5640 and strong support at 5600-5580, in case of any profit-booking."
Realtors unhappy over status quo in monetary policy,https://economictimes.indiatimes.comhttps://economictimes.indiatimes.com/wealth/personal-finance-news/realtors-unhappy-over-status-quo-in-monetary-policy/articleshow/43912644.cms,"CBRE South Asia Chairman & MD Anshuman Magazine said: ""The RBI's move of keeping base rates unchanged was expected by the industry""."
Nomura sees 0.25% rate cut in April by RBI,https://economictimes.indiatimes.comhttps://economictimes.indiatimes.com/news/economy/indicators/nomura-sees-0-25-rate-cut-in-april-by-rbi/articleshow/50720978.cms,"With inflation remaining under its 6 per cent target and oil prices falling, the Reserve Bank is likely to go for a final interest rate cut of 25 basis points in April."
Rupee settles nearly flat at 71.24 against US dollar,https://economictimes.indiatimes.comhttps://economictimes.indiatimes.com/markets/forex/forex-news/rupee-settles-nearly-flat-at-71-24-against-us-dollar/articleshow/73962953.cms,"At the interbank foreign exchange market, the local currency opened at 71.25."
"RBI may cut 25 bps on Dec 7, another in Q1 of 2017: DBS",https://economictimes.indiatimes.comhttps://economictimes.indiatimes.com/news/economy/policy/rbi-may-cut-25-bps-on-dec-7-another-in-q1-of-2017-dbs/articleshow/55809410.cms,"""These are likely to prod the MPC to consider a 25 bps rate cut on Wednesday, followed by another cut in 1Q17,"" DBS said in the research note."
"Re to come under pressure, 45.7-46.7/$ range likely",https://economictimes.indiatimes.comhttps://economictimes.indiatimes.com/markets/forex/re-to-come-under-pressure-45-7-46-7/-range-likely/articleshow/5496475.cms,"The dollar strength overseas, soft equity markets and negative sentiments due to a likely monetary action in the coming RBI policy will keep pressure on the rupee in the short term."
Buy PSU midcap banks on moderate corrections: Avinash Gorakshekar,https://economictimes.indiatimes.comhttps://economictimes.indiatimes.com/markets/stocks/recos/buy-psu-midcap-banks-on-moderate-corrections-avinash-gorakshekar/articleshow/6833355.cms,A 20-25 bps rate hike is expected in the RBI policy meet coming on November 2.
Govt likely to roll back stimulus,https://economictimes.indiatimes.comhttps://economictimes.indiatimes.com/news/economy/policy/govt-likely-to-roll-back-stimulus/articleshow/7552854.cms,"In response to a Parliament question, minister of state for finance Namo Narain Meena said that rolling back of fiscal stimulus and RBI's policy measures to curb excess liquidity would help the government pin down high inflation."
"Gains on auto stocks here to stay: Sangeeta Purushottam, Analyst",https://economictimes.indiatimes.comhttps://economictimes.indiatimes.com/markets/stocks/recos/gains-on-auto-stocks-here-to-stay-sangeeta-purushottam-analyst/articleshow/6979993.cms,"The earlier concerns that interest rates would rise and that would affect demand, actually are now a lot more tempered after the last RBI policy."
Will the dream run for home loan borrowers continue despite RBI pausing repo rate?,https://economictimes.indiatimes.comhttps://economictimes.indiatimes.com/wealth/borrow/will-the-dream-run-for-home-loan-borrowers-to-continue-despite-rbi-pausing-repo-rate/articleshow/123132827.cms,"RBI Repo Rate Cut News: The RBI has maintained the repo rate, a decision that may not immediately benefit home loan borrowers. However, with retail inflation falling to a 12-month low of 2.1% in June 2025, further rate cuts are anticipated. Experts suggest borrowers on older regimes like MCLR should switch to EBLR for quicker benefits."
"Expect RBI to cut repo rate by 25 bps on May 3: Rajeev Malik, CLSA",https://economictimes.indiatimes.comhttps://economictimes.indiatimes.com/opinion/interviews/expect-rbi-to-cut-repo-rate-by-25-bps-on-may-3-rajeev-malik-clsa/articleshow/19832486.cms,"""Obviously markets have flip-flopped since the last RBI policy statement in March, which was misinterpreted in my opinion to be less dovish."""
GIFT Nifty down 25 points; here's the trading setup for today's session,https://economictimes.indiatimes.comhttps://economictimes.indiatimes.com/markets/stocks/news/gift-nifty-down-25-points-heres-the-trading-setup-for-todays-session/articleshow/104110560.cms,"The rupee appreciated 13 paise to settle at 83.06 against the US dollar on Friday, boosted by a firm trend in equity markets and a sharp correction in the greenback against major rivals overseas."
Earnings will continue to grow at 15%-16% in next two years: Pankaj Pandey,https://economictimes.indiatimes.comhttps://economictimes.indiatimes.com/markets/expert-view/earnings-will-continue-to-grow-at-15-16-in-next-two-years-pankaj-pandey/articleshow/102593426.cms,"So obviously, inflation outlook could get revised and it is possible that the RBI might maintain some bit of a hawkish stance. But I think nothing major changes we would expect overall."
Interest rate cycle close to peaking in India: Rajeev Radhakrishna,https://economictimes.indiatimes.comhttps://economictimes.indiatimes.com/markets/expert-view/interest-rate-cycle-close-to-peaking-in-india-rajeev-radhakrishna/articleshow/94385501.cms,"For us, the impact is mostly going to come through the currency route, which the Monetary Policy Committee should factor in. Dollar strength will weigh on us as we are net importers with consumer inflation above the target range alongside continuing dependency on capital flows on the overall balance of payments."
Contrarian view: Six reasons why RBI may take a breather on rates,https://economictimes.indiatimes.comhttps://economictimes.indiatimes.com/markets/stocks/news/contrarian-view-six-reasons-why-rbi-may-take-a-breather-on-rates/articleshow/65224265.cms,Consumer prices rose 5 per cent in June after a 4.87 per cent increase in May
Axis Bank will do whatever it takes to support corporate bond market: Amitabh Chaudhry,https://economictimes.indiatimes.comhttps://economictimes.indiatimes.com/markets/expert-view/axis-bank-will-do-whatever-it-takes-to-support-corporate-bond-market-amitabh-chaudhry/articleshow/74845928.cms,"As far as the moratorium is concerned, we want to work with individual borrowers, says MD &CEO, Axis Bank"
"Rate sensitive stocks dip on RBI policy, HDFC Bank, SBI & ICICI Bank suffer most",https://economictimes.indiatimes.comhttps://economictimes.indiatimes.com/markets/stocks/news/rate-sensitive-stocks-dip-on-rbi-policy-hdfc-bank-sbi-icici-bank-suffer-most/articleshow/10486705.cms,"Following the RBI move the rate-sensitive stocks, mainly banking, saw massive selling pressure. HDFC Bank plummeted by 7.25%."
"Rupee hits 7-week low, tumbles 17 paise to 64.24 ahead of RBI policy",https://economictimes.indiatimes.comhttps://economictimes.indiatimes.com/markets/forex/rupee-hits-7-week-low-tumbles-17-paise-to-64-24-ahead-of-rbi-policy/articleshow/62808175.cms,The Indian currency hit a low of 64.40 intra-day before staging a recovery in line with local equities.
Impact of RBI policy move: Realty players expect rate cut to help beat slowdown blues,https://economictimes.indiatimes.comhttps://economictimes.indiatimes.com/industry/services/property-/-cstruction/impact-of-rbi-policy-move-realty-players-expect-rate-cut-to-help-beat-slowdown-blues/articleshow/51710056.cms,"Realty developers have welcomed the Reserve Bank of India's (RBI) decision to reduce repo rate by 25 bps, a move that may help ease home loan rates."
Tech View: Nifty forms long bull candle ahead of RBI policy. Is record high in the vicinity?,https://economictimes.indiatimes.comhttps://economictimes.indiatimes.com/markets/stocks/news/tech-view-nifty-forms-long-bull-candle-ahead-of-rbi-policy-is-record-high-in-the-vicinity/articleshow/100823526.cms,"The Nifty50, the benchmark index of the National Stock Exchange (NSE) of India, broke through the critical resistance level of 18,700 points and even closed higher at 18,726.40 points on Wednesday, signalling an attempt at an uptrend. Analysts predict that the Nifty could reach an all-time-high of over 18,889 in the short term, with immediate support at 18,650 and resistance around 18,900. The Nifty has already broken out of a sideways pattern, which positions it for a positive move ahead of the expected RBI rate decision tomorrow."
"As liquidity tightens, bank CD sales jump 3-fold in FY23: RBI policy report",https://economictimes.indiatimes.comhttps://economictimes.indiatimes.com/industry/banking/finance/banking/as-liquidity-tightens-bank-cd-sales-jump-3-fold-in-fy23-rbi-policy-report/articleshow/99330714.cms,"The RBI's March bulletin had said that banks' fund mobilisation through CD issuances was Rs 6.3 lakh crore in 2022-23 up to March 10, as against Rs 2 lakh crore a year ago. The sharp increase in issuance of CDs came amid tighter liquidity conditions and booming demand for credit."
"Ahead of RBI policy announcement, what 8 key market moves and data prints are telling us",https://economictimes.indiatimes.comhttps://economictimes.indiatimes.com/markets/stocks/news/ahead-of-rbi-policy-announcement-what-8-key-market-moves-and-data-prints-are-telling-us/slideshow/92050393.cms,
"Sensex loses over 100 points ahead of RBI policy decision; Nifty below 17,550",https://economictimes.indiatimes.comhttps://economictimes.indiatimes.com/markets/stocks/news/sensex-loses-over-100-points-ahead-of-rbi-policy-decision-nifty-below-17550/videoshow/99284705.cms,
Rupee surges 23 paise to 75.80 against US dollar post RBI policy decision,https://economictimes.indiatimes.comhttps://economictimes.indiatimes.com/markets/forex/rupee-surges-23-paise-to-75-80-against-us-dollar-post-rbi-policy-decision/articleshow/90723101.cms,"At the interbank foreign exchange, the rupee opened at 75.99 against the US dollar, gained further momentum and touched 75.80 against the American currency, registering a rise of 23 paise from the previous close."
"Shares of HDFC Bank, ICICI Bank, SBI & others fall on RBI policy, drag markets down",https://economictimes.indiatimes.comhttps://economictimes.indiatimes.com/markets/stocks/news/shares-of-hdfc-bank-icici-bank-sbi-others-fall-on-rbi-policy-drag-markets-down/articleshow/46114885.cms,Disappointing results from PNB also hurt market sentiment as banking shares had risen sharply over the past few months on expectations of a recovery in the sector.
"Nifty ends near 8,750; Bank Nifty plunges 535 points post RBI policy",https://economictimes.indiatimes.comhttps://economictimes.indiatimes.com/markets/stocks/news/nifty-ends-near-8750-bank-nifty-plunges-535-points-post-rbi-policy/articleshow/46107990.cms,The Reserve Bank of India left repo rate unchanged at 7.75 per cent and CRR at 4 per cent. It cut SLR by 50 bps to 21.50 per cent from 22 per cent.
"Sensex, Nifty rangebound a day ahead of RBI policy review: top 20 intraday bets",https://economictimes.indiatimes.comhttps://economictimes.indiatimes.com/markets/stocks/news/sensex-nifty-rangebound-a-day-ahead-of-rbi-policy-review-top-20-intraday-bets/articleshow/45332931.cms,"Moody's downgraded Japan's sovereign debt rating by a notch to A1 from Aa3, citing heightening uncertainty over the country's ability to hit its debt-reduction goal."
"Sensex, Nifty gain post RBI policy outcome; Housing finance firms spike up to 5%",https://economictimes.indiatimes.comhttps://economictimes.indiatimes.com/markets/stocks/news/sensex-nifty-gain-post-rbi-policy-outcome-housing-finance-firms-spike-up-to-5/articleshow/73979699.cms,"There will be no downgrade of commercial realty loans if the delay is genuine, said RBI."
Five key takeaways from today's RBI policy meet as second wave of COVID-19 ebbs,https://economictimes.indiatimes.comhttps://economictimes.indiatimes.com/industry/banking/finance/banking/five-key-takeaways-from-todays-rbi-policy-meet-as-second-wave-of-covid-19-ebbs/slideshow/83230059.cms,
"Sensex vaults 1,000 points on hopes of RBI policy measures, Nifty nears 9,000",https://economictimes.indiatimes.comhttps://economictimes.indiatimes.com/markets/stocks/news/sensex-vaults-1000-points-nifty-nears-9000-indusind-bank-jumps-15/articleshow/74840224.cms,"India VIX, the measure of volatility in the market, dropped further 4.8 per cent to 68.09."
"ETMarkets Morning Podcast: RBI policy outcome, drop in US bond yields & other top news",https://economictimes.indiatimes.comhttps://economictimes.indiatimes.com/markets/stocks/etmarkets-podcast/etmarkets-morning-podcast-rbi-policy-meet-drop-in-us-bond-yields-other-top-news/videoshow/66947645.cms,
Rupee opens 6 paise higher at 67.84 against dollar ahead of RBI policy outcome,https://economictimes.indiatimes.comhttps://economictimes.indiatimes.com/markets/forex/rupee-opens-6-paise-higher-at-67-84-against-dollar-ahead-of-rbi-policy-outcome/articleshow/55847642.cms,"Benchmark BSE Sensex was trading 47.90 points, or 0.18 per cent, up at 26,440.66 in early trade, while NSE Nifty was up 18.85 points, or 0.23 per cent, at 8,162."
Nifty hits record high ahead of RBI policy outcome; Sensex rises nearly 100 points,https://economictimes.indiatimes.comhttps://economictimes.indiatimes.com/et-now/markets/nifty-hits-record-high-ahead-of-rbi-policy-outcome-sensex-rises-nearly-100-points/videoshow/59876004.cms,
"RBI policy: Four MPC members voted in favour of 25 bps cut, one was in favour of 50",https://economictimes.indiatimes.comhttps://economictimes.indiatimes.com/news/economy/policy/rbi-policy-four-mpc-members-voted-in-favour-of-25-bps-cut-one-was-in-favour-of-50/articleshow/59879849.cms,RBI retained the economic growth forecast for 2017-18 at June 2017 projection of 7.3% and said trajectory of inflation in the baseline projection is expected to rise from current lows.
"Nifty Bank hits all-time high ahead of RBI policy outcome; PNB, SBI gain",https://economictimes.indiatimes.comhttps://economictimes.indiatimes.com/markets/stocks/news/nifty-bank-hits-all-time-high-ahead-of-rbi-policy-outcome-pnb-sbi-gain/articleshow/59875656.cms,"Nifty Bank index hit a fresh all-time high of 25,199 today."
Rupee opens 4 paise higher against dollar at 64.32 ahead of RBI policy meet,https://economictimes.indiatimes.comhttps://economictimes.indiatimes.com/markets/forex/rupee-opens-4-paise-higher-against-dollar-at-64-32-ahead-of-rbi-policy-meet/articleshow/59012010.cms,The benchmark 6.97% 2026 bond yield rose to 6.65% on June 5 from 6.63% in the previous session.
"Sensex sheds 119 pts; Nifty slips below 9,650 ahead of RBI policy outcome",https://economictimes.indiatimes.comhttps://economictimes.indiatimes.com/markets/stocks/news/sensex-sheds-119-pts-nifty-slips-below-9650-ahead-of-rbi-policy-outcome/articleshow/59018213.cms,"ITC, Tata Motors and Reliance Industries contributed most to the fall in the index."
"Sensex reclaims 37,000, Nifty50 nears 11,100 ahead of RBI policy decision",https://economictimes.indiatimes.comhttps://economictimes.indiatimes.com/markets/stocks/news/sensex-reclaims-37000-nifty50-nears-11100-ahead-of-rbi-policy-decision/videoshow/67878465.cms,
Tech View: Nifty awaiting upside breakout. What traders should do on Thursday expiry,https://economictimes.indiatimes.comhttps://economictimes.indiatimes.com/markets/stocks/news/tech-view-nifty-awaiting-upside-breakout-what-traders-should-do-on-thursday-expiry/articleshow/107494201.cms,Nifty on Wednesday ended flat with a gain of just one point and formed a small negative candle with a lower shadow on the daily chart ahead of the RBI policy outcome tomorrow.
Don’t juggle your debt mutual fund portfolio: Mahendra Jajoo of ‎Mirae Asset,https://economictimes.indiatimes.comhttps://economictimes.indiatimes.com/mf/analysis/dont-juggle-your-debt-mutual-fund-portfolio-mahendra-jajoo-of-mirae-asset/articleshow/60956474.cms,"ET.com Mutual Funds spoke to Mahendra Jajoo, Head - Fixed income - ‎Mirae Asset Global Investments, to find out what were the key points of yesterday's RBI policy."
Rupee heads toward 61 against US dollar,https://economictimes.indiatimes.comhttps://economictimes.indiatimes.com/markets/forex/rupee-heads-toward-61-against-us-dollar/articleshow/43869359.cms,"A lower opening at the domestic equity mkt and the dlr's rise against other major currencies overseas also put pressure on the rupee, dealers said."
"State election outcome to be next market trigger: Shibani Sircar Kurian, Kotak MF",https://economictimes.indiatimes.comhttps://economictimes.indiatimes.com/markets/expert-view/state-election-outcome-to-be-next-market-trigger-shibani-sircar-kurian-kotak-mf/articleshow/57058966.cms,"One key trend that we are seeing is the shift away from the unorganised to the organised segment and this is playing through in sectors where the unorganised component is fairly large, says the Kotak MF V-P"
Loan rates may remain same for next 6 months,https://economictimes.indiatimes.comhttps://economictimes.indiatimes.com/industry/banking/finance/banking/loan-rates-may-remain-same-for-next-6-months/articleshow/62879006.cms,"The inflation forecast for the next fiscal year has been pegged at 5.1-5.6% in the first half and 4.5-4.6% in the second half, with risks tilted to the upside."
Indian bond yields eye state debt auction demand for cues,https://economictimes.indiatimes.comhttps://economictimes.indiatimes.com/markets/bonds/india-bonds-indian-bond-yields-eye-state-debt-auction-demand-for-cues/articleshow/100782779.cms,"Indian government bond yields were stable in the early session as investors await cues from demand at the state debt auction of INR173bn ($2.09bn). This follows New Delhi's plan to borrow INR390bn via bond sale on Friday. The Reserve Bank of India’s (RBI) upcoming monetary policy decision also looms over the bond market. While experts predict that the central bank will leave the interest rate untouched at 6.50%, focus remains on the RBI's approach to liquidity management, coupled with its policy stance."
Rupee opens 13 paise up at 70.80 against dollar,https://economictimes.indiatimes.comhttps://economictimes.indiatimes.com/markets/forex/rupee-opens-13-paise-up-at-70-80-against-dollar/articleshow/71269946.cms,Market participants will now shift their focus on the RBI policy meeting.
"Stock market update: Over 20 stocks defy negative market sentiment, hit 52-week highs on BSE",https://economictimes.indiatimes.comhttps://economictimes.indiatimes.com/markets/stocks/news/stock-market-update-over-20-stocks-defy-negative-market-sentiment-hit-52-week-highs-on-bse/articleshow/64459539.cms,Market was subdued ahead of RBI's policy decision due tomorrow.
4980 to remain a key level for the day: Ashwani Gujral,https://economictimes.indiatimes.comhttps://economictimes.indiatimes.com/markets/stocks/recos/4980-to-remain-a-key-level-for-the-day-ashwani-gujral/articleshow/9832039.cms,"By the time the RBI policy comes in, we should be closer to 4700 rather than 5100. For the day 4980 remains a key level."
"Sensex advances 185 points on strong global cues; Nifty near 13,200",https://economictimes.indiatimes.comhttps://economictimes.indiatimes.com/markets/stocks/news/sensex-advances-185-points-on-strong-global-cues-nifty-near-13200/articleshow/79559265.cms,"Asian Paints was the top loser in the pack, down 1.12 per cent."
RBI may cut repo rate by 25 bps on February 7: Bank of Baroda,https://economictimes.indiatimes.comhttps://economictimes.indiatimes.com/news/economy/policy/rbi-may-cut-repo-rate-by-25-bps-on-february-7-bank-of-baroda/articleshow/117967533.cms,"The Reserve Bank of India is expected to lower the repo rate by 25 basis points in its upcoming monetary policy announcement. This consideration arises from easing inflation, mainly due to declining vegetable prices, which provides RBI some flexibility. The decision will balance growth support and financial stability amid global and domestic economic factors."
"Ahead of monetary policy, RBI Governor Urjit Patel holds meeting with FM Arun Jaitley",https://economictimes.indiatimes.comhttps://economictimes.indiatimes.com/news/economy/policy/ahead-of-monetary-policy-rbi-governor-urjit-patel-holds-meeting-with-fm-arun-jaitley/articleshow/63548791.cms,This would be the first monetary policy announcement for 2018-19. Patel held a meeting with Jaitley on Thursday.
RBI's inflation outlook a worry for exporters: EEPC India chairman,https://economictimes.indiatimes.comhttps://economictimes.indiatimes.com/industry/indl-goods/svs/engineering/rbis-inflation-outlook-a-worry-for-exporters-eepc-india-chairman/articleshow/62820532.cms,"Prices of raw material like steel for the manufactured exports have run up excessively, hitting the competitive advance of the Indian shipments, Ravi Sehgal said."
"Policy rates: Expect a long pause from RBI from here, say analysts",https://economictimes.indiatimes.comhttps://economictimes.indiatimes.com/news/economy/indicators/policy-rates-expect-a-long-pause-from-rbi-from-here-say-analysts/articleshow/62824933.cms,"We expect the repo rate to remain unchanged over the next six months unless significant upside risks to the MPC's inflation forecast materialise, Crisil said."
RBI to introduce new security measures for ATMs,https://economictimes.indiatimes.comhttps://economictimes.indiatimes.com/wealth/personal-finance-news/rbi-to-introduce-new-security-measures-for-atms/articleshow/72380380.cms,"RBI said that since many banks and other regulated entities are other regulated entities are dependent upon third-party application service providers for shared services for ATM switch applications, they are exposed exposed to the associated cyber threats."
"RBI’s wise men and women of MPC are all good, but let’s unleash fiscal entertainers",https://economictimes.indiatimes.comhttps://economictimes.indiatimes.com/opinion/et-commentary/taylor-swifts-can-give-the-economy-a-bump-n-grind/articleshow/102659098.cms,"RBI’s wise men and women of MPC are all good, but let’s unleash fiscal entertainers. Taylor Swift's US tour 'could generate $4.6 billion in total consumer spending, larger than the GDP of 35 countries', according to the Common Sense Institute's July 2023 report."
"Sensex, Nifty recover from day's low after RBI keeps policy rate unchanged",https://economictimes.indiatimes.comhttps://economictimes.indiatimes.com/markets/stocks/news/sensex-falls-200-points-nifty-below-19600-ahead-of-rbi-policy-decision/articleshow/102593507.cms,"Shares of renewable energy firm Suzlon jumped around 5% after the company launched a QIP to raise up to Rs 2,000 crore. Max Financial Services rose about 10% as Axis Bank agreed to buy an additional 6.23% stake in the insurance company."
ETMarkets Morning Podcast: RBI rate cut a given; First arrests made in PMC fraud and more,https://economictimes.indiatimes.comhttps://economictimes.indiatimes.com/markets/stocks/etmarkets-podcast/etmarkets-morning-podcast-rbi-rate-cut-a-given-first-arrests-made-in-pmc-fraud-and-more/videoshow/71433818.cms,
View: Transmission of lower policy rates to real sector key,https://economictimes.indiatimes.comhttps://economictimes.indiatimes.com/markets/stocks/news/view-transmission-of-lower-policy-rates-to-real-sector-key/articleshow/71445558.cms,All the MPC members voted for a rate cut with Ravindra Dholakia voting for a 40 bps cut.
'They did it first' is global central bankers' alibi in race to bottom,https://economictimes.indiatimes.comhttps://economictimes.indiatimes.com/markets/stocks/news/they-did-it-first-is-global-central-bankers-alibi-in-race-to-bottom/articleshow/71444291.cms,Guv Das said he’ll remain accommodative for “as long as it is necessary” to revive growth.
ETMarkets Evening Podcast: Should you go for buy on dips strategy?,https://economictimes.indiatimes.comhttps://economictimes.indiatimes.com/markets/stocks/etmarkets-podcast/etmarkets-evening-podcast-should-you-go-for-buy-on-dips-strategy/videoshow/71427095.cms,
Now your cheques will be cleared within few hours: Here's why,https://economictimes.indiatimes.comhttps://economictimes.indiatimes.com/wealth/now-your-cheques-to-be-cleared-within-few-hours-heres-why/videoshow/112369430.cms,
"Sensex, Nifty hit lifetime highs; rate cut hopes and other factors fuelled the rally",https://economictimes.indiatimes.comhttps://economictimes.indiatimes.com/markets/stocks/news/sensex-nifty-hit-lifetime-highs-rate-cut-hopes-and-other-factors-fuelling-the-rally/articleshow/69632222.cms,Weak auto sales numbers and GDP data failed to stop Sensex from rallying over 450 points.
Sensex nosedives 516 points; Nifty50 ends at 7603,https://economictimes.indiatimes.comhttps://economictimes.indiatimes.com/et-now/markets/sensex-nosedives-516-points-nifty50-ends-at-7603/videoshow/51698890.cms,
RBI keeps repo rate unchanged at 6.25%,https://economictimes.indiatimes.comhttps://economictimes.indiatimes.com/et-now/policy/rbi-keeps-repo-rate-unchanged-at-6-25/videoshow/55852020.cms,
RBI may bring uniform regulation for all microfinance lenders,https://economictimes.indiatimes.comhttps://economictimes.indiatimes.com/news/economy/policy/rbi-may-bring-uniform-regulation-for-all-microfinance-lenders/articleshow/80703426.cms,"While RBI did not specify anything more, captains of the microfinance sectors expect the activity-based regulation to replace the current framework of institution-based regulation to put all microfinance lenders on the same platform."
RBI keeps repo rate unchanged at 6.25%,https://economictimes.indiatimes.comhttps://economictimes.indiatimes.com/news/videos/rbi-keeps-repo-rate-unchanged-at-6-25/videoshow/55852258.cms,
"RBI needs to ease policy rates: Shikha Sharma, Axis Bank",https://economictimes.indiatimes.comhttps://economictimes.indiatimes.com/et-now/corporate/rbi-needs-to-ease-policy-rates-shikha-sharma-axis-bank/videoshow/20603855.cms,Axis.jpg
RBI should allow one-time loan restructuring for worst-hit sectors: Keki Mistry,https://economictimes.indiatimes.comhttps://economictimes.indiatimes.com/markets/expert-view/rbi-should-allow-one-time-loan-restructuring-for-worst-hit-sectors-keki-mistry/articleshow/75891399.cms,"‘Hospitality, airline, hotels and real estate are sectors where a lot of jobs get created’"
RBI may signal pandemic-era stimulus pullback to fight inflation,https://economictimes.indiatimes.comhttps://economictimes.indiatimes.com/markets/stocks/news/rbi-may-signal-pandemic-era-stimulus-pullback-to-fight-inflation/articleshow/86829848.cms,Governor Shaktikanta Das is scheduled to announce the MPC’s decision through a webcast at 10 a.m. in Mumbai on Friday. Here’s what else to watch for in his speech.
Guv Das responds to SBI note about excess liquidity; says banks must do own risk assessment,https://economictimes.indiatimes.comhttps://economictimes.indiatimes.com/markets/stocks/news/guv-das-responds-to-sbi-note-about-excess-liquidity-says-banks-must-do-own-risk-assessment/articleshow/86863302.cms,"In mid-September, SBI Economic Research said when other costs are taken into account, banks are facing significant pressure on margins because of the low market rates caused by surplus liquidity in the banking system."
"For next 2 yrs, real estate cos won’t transmit higher input cost, after that there would be step inflation: Gagan Banga",https://economictimes.indiatimes.comhttps://economictimes.indiatimes.com/markets/expert-view/for-next-2-yrs-real-estate-cos-wont-transmit-higher-input-cost-after-that-there-would-be-step-inflation-gagan-banga/articleshow/86864976.cms,“Both the central bank and the government have clearly prioritised growth over inflation or any other challenge.”
RBI launches industrial outlook survey for Jul-Sept 2011,https://economictimes.indiatimes.comhttps://economictimes.indiatimes.com/news/economy/policy/rbi-launches-industrial-outlook-survey-for-jul-sept-2011/articleshow/9469284.cms,The assessment of business sentiments for the present quarter and expectations for the ensuing quarter are based on qualitative responses to 20 major parameters.
Excise cuts cheer D-Street bulls but don’t think RBI won’t hike aggressively,https://economictimes.indiatimes.comhttps://economictimes.indiatimes.com/markets/stocks/news/excise-cuts-cheer-d-street-bulls-but-dont-think-rbi-wont-hike-aggressively/articleshow/91937204.cms,"Given the urgency shown by the RBI amid major inflationary pressures, speculation was rife that the central bank would follow up the 40-basis-point rate hike with a rate hike of around 50 bps in June and then more rounds of rate increases."
Shaktikanta Das is getting his way on interest rates. But for how long?,https://economictimes.indiatimes.comhttps://economictimes.indiatimes.com/news/economy/indicators/shaktikanta-das-is-getting-his-way-on-interest-rates-but-for-how-long/articleshow/92092572.cms,"Fiscal dominance occurs when the govt’s finances- for instance, the cost at which it borrows- take priority and force the monetary authority’s hand on interest rates, hurting its power to fight the inflation."
"Bonds extend losses, yields hit six-week high",https://economictimes.indiatimes.comhttps://economictimes.indiatimes.com/markets/bonds/bonds-extend-losses-yields-hit-six-week-high/articleshow/72405180.cms,RBI action disappointed the market as traders anticipated a cut following New Delhi’s sluggish economic growth.
RBI hikes repo rate by 35 bps to 6.25%; stance remains unchanged,https://economictimes.indiatimes.comhttps://economictimes.indiatimes.com/markets/stocks/news/rbi-hikes-repo-rate-by-35-bps-to-6-25-stance-remains-unchanged/articleshow/96046336.cms,The repo rate hike decision was taken by a majority of 5 out of the 6 members of the Monetary Policy Committee.
Why RBI could raise repo rates by up to 25-30 bps in December,https://economictimes.indiatimes.comhttps://economictimes.indiatimes.com/markets/stocks/news/why-rbi-could-raise-repo-rates-by-up-to-25-30-bps-in-december/articleshow/95998343.cms,"Exports may be dented further due to the global slowdown but, the rupee is likely to appreciate with the expectation on a moderating pace of rate cuts by US Fed and softening of crude oil prices."
RBI expected to prioritise growth during April meet,https://economictimes.indiatimes.comhttps://economictimes.indiatimes.com/news/economy/policy/rbi-expected-to-prioritise-growth-during-april-meet/articleshow/90318012.cms,The consumer price index (CPI) inflation print has remained at elevated level due to higher-than-expected vegetable prices in February.
"Hopes of liquidity measures to keep markets anchored: Lakshmi Iyer, Kotak MF",https://economictimes.indiatimes.comhttps://economictimes.indiatimes.com/markets/expert-view/hopes-of-liquidity-measures-to-keep-markets-anchored-lakshmi-iyer-kotak-mf/articleshow/68720465.cms,Bond markets wanted much more and so there has been a small selloff after the policy announcement.
"RBI reviewing framework that can help determine appropriate level of risk provisions, surplus distribution",https://economictimes.indiatimes.comhttps://economictimes.indiatimes.com/news/economy/policy/rbi-reviewing-framework-that-can-help-determine-appropriate-level-of-risk-provisions-surplus-distribution/articleshow/118025875.cms,"The central bank is currently reviewing its economic capital framework, last updated in 2019, which determines risk provisions and surplus distribution. This revision, due in August 2024, will consider recommendations from an expert committee. The RBI has maintained a 6.5% contingent risk buffer as of March 31, 2024."
"RBI may hold rates till December, says Arvind Chari of Quantum Mutual Fund",https://economictimes.indiatimes.comhttps://economictimes.indiatimes.com/mf/analysis/rbi-may-hold-rates-till-december/articleshow/65239647.cms,The MPC has delivered its second consecutive 25 bps rate hike. The repo rate now stands at 6.5 per cent.
RBI rules out changes in one-day NPA recognition norms,https://economictimes.indiatimes.comhttps://economictimes.indiatimes.com/news/economy/policy/rbi-rules-out-changes-in-one-day-npa-recognition-norms/articleshow/67885591.cms,The February 12 circular makes it mandatory to map an account as NPA even on a single-day default.
RBI rate cut to provide positive thrust to bank portfolios: CARE Ratings' Madan Sabnavis,https://economictimes.indiatimes.comhttps://economictimes.indiatimes.com/markets/stocks/news/rbi-rate-cut-to-provide-positive-thrust-to-bank-portfolios-care-ratings-madan-sabnavis/videoshow/67890317.cms,
National Automated Clearing House to be available on all days from August 1: RBI,https://economictimes.indiatimes.comhttps://economictimes.indiatimes.com/industry/banking/finance/banking/national-automated-clearing-house-to-be-available-on-all-days-from-august-1-rbi/articleshow/83229055.cms,"NACH facilitates one-to-many credit transfers such as payment of dividend, interest, salary and pension. It also facilitates collection of payments pertaining to electricity, gas, telephone, water, periodic instalments towards loans, investments in mutual funds and insurance premium."
"Monetary policy meet: RBI declares intent to keep borrowing costs low for govt, corporates",https://economictimes.indiatimes.comhttps://economictimes.indiatimes.com/news/economy/policy/monetary-policy-meet-rbi-declares-its-determination-to-keep-borrowing-costs-low-for-govt-corporates/articleshow/83227461.cms,The MPC decisions were in line with expectations. An ET poll showed that there would be a status quo on rates and stance and a possibility of reduction in growth projections.
"ET View: Rate hike deferred, aiming for compression of the Current Account Deficit via a weaker rupee?",https://economictimes.indiatimes.comhttps://economictimes.indiatimes.com/opinion/et-view/et-view-rate-hike-deferred-aiming-for-compression-of-the-current-account-deficit-via-a-weaker-rupee/articleshow/66085857.cms,"The MPC’s mandate is to target inflation, all other macroeconomic variables being taken into account only through their impact on inflation."
RBI rolls out new merger norms for banks,https://economictimes.indiatimes.comhttps://economictimes.indiatimes.com/et-now/policy/rbi-rolls-out-new-merger-norms-for-banks/videoshow/51936992.cms,
Reduced rates and govt credit guarantee to persuade more banks to lend: Mythili Bhusnurmath,https://economictimes.indiatimes.comhttps://economictimes.indiatimes.com/markets/expert-view/reduced-rates-and-govt-credit-guarantee-to-persuade-more-banks-to-lend-mythili-bhusnurmath/articleshow/75889695.cms,‘Government will ensure that public sector banks at least fall in line’
Next set of reforms could be on supply-side: Radhika Rao,https://economictimes.indiatimes.comhttps://economictimes.indiatimes.com/markets/stocks/news/next-set-of-reforms-could-be-on-supply-side-radhika-rao/videoshow/72467761.cms,
RBI to cut SLR gradually to 18% by mid-2019,https://economictimes.indiatimes.comhttps://economictimes.indiatimes.com/markets/stocks/news/rbi-to-cut-slr-gradually-to-18-by-mid-2019/articleshow/66956832.cms,The calibrated reduction in SLR will continue till it reaches 18%. The current SLR is 19.5%.
"SLR cut to tackle liquidity woes: D-Street, India Inc react to RBI money policy",https://economictimes.indiatimes.comhttps://economictimes.indiatimes.com/markets/stocks/news/slr-cut-to-tackle-liquidity-woes-d-street-india-inc-react-to-rbi-money-policy/articleshow/66952867.cms,The Monetary Policy Committee (MPC) kept repo rate unchanged at 6.5 per cent.
How will RBI steps affect market? Analysts broke it down like this,https://economictimes.indiatimes.comhttps://economictimes.indiatimes.com/markets/stocks/news/how-will-rbi-steps-affect-market-analysts-broke-it-down-like-this/articleshow/78568643.cms,"""We see the possibility of the further scope of 25-50 basis points cut in repo policy rates,"" said Amar Ambani, YES Securities"
Markets tomorrow: Stocks to watch,https://economictimes.indiatimes.comhttps://economictimes.indiatimes.com/et-now/stocks/markets-tomorrow-stocks-to-watch/videoshow/43914777.cms,
RBI postpones MPC meeting as external member posts lie vacant,https://economictimes.indiatimes.comhttps://economictimes.indiatimes.com/markets/stocks/news/rbi-postpones-mpc-meeting-as-external-member-posts-lie-vacant/videoshow/78365747.cms,
RBI says MPC meet rescheduled; new dates to be announced soon,https://economictimes.indiatimes.comhttps://economictimes.indiatimes.com/markets/stocks/news/rbi-says-mpc-meet-rescheduled-new-dates-to-be-announced-soon/articleshow/78361617.cms,"The central bank, however, did not provide any reason for such rescheduling."
Revised guidelines on bad loans will sustain improvement in credit culture: RBI Governor Shaktikanta Das,https://economictimes.indiatimes.comhttps://economictimes.indiatimes.com/news/economy/policy/revised-guidelines-on-bad-loans-will-sustain-improvement-in-credit-culture-rbi-governor-shaktikanta-das/articleshow/69705531.cms,"Das said the new guidelines provide a system of ""strong disincentives"" in the form of additional provisioning for delay in initiation of resolution or insolvency proceedings."
"QE3, LTRO unlikely to benefit India without reforms: Ashit Suri, JV Capital Services",https://economictimes.indiatimes.comhttps://economictimes.indiatimes.com/opinion/interviews/qe3-ltro-unlikely-to-benefit-india-without-reforms-ashit-suri-jv-capital-services/articleshow/14689500.cms,"In a chat with ET Now, Ashit Suri, Fundamental Research Analyst of JV Capital Services, shares his views on the upcoming quarterly results, the QE buzz and stocks to invest in the near, medium and long term. Excerpts:"
Why MPC is likely to keep repo rate unchanged in this review,https://economictimes.indiatimes.comhttps://economictimes.indiatimes.com/markets/stocks/news/why-mpc-is-likely-to-keep-repo-rate-unchanged-in-this-review/articleshow/64452100.cms,Some of the risks highlighted by MPC in the April policy review have come to the forefront.
Brokerages still see scope for one more cut in the repo rate,https://economictimes.indiatimes.comhttps://economictimes.indiatimes.com/markets/stocks/news/brokerages-still-see-scope-for-one-more-cut-in-the-repo-rate/articleshow/77426775.cms,Some brokerages see scope for one more rate cut but said the central bank’s focus is likely to be on financial stability measures.
MPC minutes: RBI governor says economic activity clearly losing traction,https://economictimes.indiatimes.comhttps://economictimes.indiatimes.com/markets/stocks/news/mpc-minutes-rbi-governor-says-economic-activity-clearly-losing-traction/articleshow/69876663.cms,"MPC members are concerned about India’s economic growth, inflation and global trade war."
RBI Monetary Policy: Key things to know,https://economictimes.indiatimes.comhttps://economictimes.indiatimes.com/markets/stocks/news/rbi-monetary-policy-key-things-to-know/articleshow/73910451.cms,The Reserve Bank of India (RBI) in December had kept interest rates unchanged after five consecutive cuts.
"India 10-year bond yield dips, new note's cutoff key for further slide",https://economictimes.indiatimes.comhttps://economictimes.indiatimes.com/markets/bonds/india-bonds-india-10-year-bond-yield-dips-new-notes-cutoff-key-for-further-slide/articleshow/124283638.cms,"Indian government bond yields declined on Friday, with the 10-year benchmark hovering around 6.50% as the market awaited a new 320 billion rupee security auction. The Reserve Bank of India's unchanged policy rate and revised forecasts, coupled with easing OIS rates, have fueled market expectations for a rate cut in December."
Tata Sons missing IPO deadline: RBI says an entity can continue to do biz till registration isn't cancelled,https://economictimes.indiatimes.comhttps://economictimes.indiatimes.com/news/company/corporate-trends/tata-sons-missing-ipo-deadline-rbi-says-an-entity-can-continue-to-do-biz-till-registration-isnt-cancelled/articleshow/124254764.cms,"RBI Governor Sanjay Malhotra said that an entity can continue business until its registration is cancelled, amid speculation over Tata Sons' non-compliance with the listing mandate. Tata Sons had sought to surrender its CIC registration to avoid listing, a requirement for Upper Layer NBFCs by September 30, which all other entities met."
Rate cut by RBI likely to dictate the next rally in Banking sector: Kunj Bansal,https://economictimes.indiatimes.comhttps://economictimes.indiatimes.com/markets/stocks/recos/rate-cut-by-rbi-likely-to-dictate-the-next-rally-in-banking-sector-kunj-bansal/articleshow/45119085.cms,Nobody is expecting a rate cut in the 2nd December RBI policy. It will probably be flattish around for some time.
Standard Chartered cuts base rate by 0.25 per cent,https://economictimes.indiatimes.comhttps://economictimes.indiatimes.com/industry/banking/finance/banking/standard-chartered-cuts-base-rate-by-0-25-per-cent/articleshow/49230924.cms,"Standard Chartered cut its base rate or minimum rate of lending by 0.25% to 9.50%, joining a large number of rivals who have slashed rates after the RBI's policy."
"Stock market update: Over 60 stocks defy bullish market sentiment, hit 52-week lows on NSE",https://economictimes.indiatimes.comhttps://economictimes.indiatimes.com/markets/stocks/news/stock-market-update-over-60-stocks-defy-bullish-market-sentiment-hit-52-week-lows-on-nse/articleshow/64489348.cms,"Market extended its post-RBI policy rally on widespread buying, with banking, metal and realty sectors leading the gains."
Stock market update: PSU bank stocks plunge up to 6% ahead of RBI policy outcome; SBI among top losers,https://economictimes.indiatimes.comhttps://economictimes.indiatimes.com/markets/stocks/news/stock-market-update-psu-bank-stocks-plunge-up-to-6-ahead-of-rbi-policy-outcome-sbi-among-top-losers/articleshow/66083310.cms,"The Nifty PSU Bank index was 2.55 per cent down at 2,707 around 12:55 pm."
Five stocks that exhibit strong upside on increased volumes,https://economictimes.indiatimes.comhttps://economictimes.indiatimes.com/markets/stocks/news/five-stocks-that-exhibit-strong-upside-on-increased-volumes/articleshow/54727641.cms,"Amidst the uncertainty, a handful of stocks such as ACC, Sintex Industries, Mphasis, Hikal have seen consistent increase in stock prices and delivery volumes."
"Tech View: Nifty50 bulls tired, upside capped at 17,500",https://economictimes.indiatimes.comhttps://economictimes.indiatimes.com/markets/stocks/news/tech-view-nifty50-bulls-tired-upside-capped-at-17500/articleshow/93299436.cms,"Rupak De, Senior Technical Analyst at LKP Securities said the daily RSI is in bullish crossover and rising. The trend is likely to remain bullish as long as the Nifty50 holds above 17,000. On the higher end resistance is visible at 17,400-17,500, De said."
"UBS sees Nifty at 8,200 by yr-end, more earnings downgrades",https://economictimes.indiatimes.comhttps://economictimes.indiatimes.com/markets/stocks/news/ubs-sees-nifty-at-8200-by-yr-end-more-earnings-downgrades/articleshow/50449386.cms,"UBS' most-favoured sectors are retail private banks, NBFCs, pharmaceuticals, oil & gas petrochemicals, coal, telecom, auto parts"
Lower inflation not enough for a December move by RBI: Barclays,https://economictimes.indiatimes.comhttps://economictimes.indiatimes.com/news/economy/indicators/lower-inflation-not-enough-for-a-december-move-by-rbi-barclays/articleshow/17217136.cms,"The marginal decline in WPI inflation is not a sign of ""dissipating"" inflationary pressures , a Barclays research note says."
RBI likely to go for 25 bps interest rate hike as inflation risks mount,https://economictimes.indiatimes.comhttps://economictimes.indiatimes.com/markets/stocks/news/rbi-likely-to-go-for-25-bps-interest-rate-hike-as-inflation-risks-mount/articleshow/65191971.cms,India’s consumer prices rose 5 per cent in June from a year earlier.
"GDP data, RBI meet among key factors that may guide D-Street this week",https://economictimes.indiatimes.comhttps://economictimes.indiatimes.com/markets/stocks/news/gdp-data-rbi-meet-among-key-factors-that-may-guide-d-street-this-week/articleshow/72315255.cms,"GDP growth rate slipped to 4.5% in the July-September quarter, lowest in over 6 years."
"Sensex sheds 215 pts post RBI policy, Nifty ends below 16,400; Gujarat Gas tanks 7%, Airtel 3%",https://economictimes.indiatimes.comhttps://economictimes.indiatimes.com/markets/stocks/news/sensex-sheds-215-pts-post-rbi-policy-nifty-ends-below-16400-gujarat-gas-tanks-7-airtel-3/videoshow/92082236.cms,
"RBI rate hike like an insurance policy, erring on side of caution: Nilesh Shah, Kotak AMC",https://economictimes.indiatimes.comhttps://economictimes.indiatimes.com/markets/expert-view/rbi-rate-hike-like-an-insurance-policy-erring-on-side-of-caution-nilesh-shah-kotak-amc/articleshow/97724599.cms,"“RBI had the choice of raising rates or not raising rates both would have been acceptable but they preferred to err on the side of caution and raised rates by 25 bps. They could have probably made the stance more neutral, more nuanced towards growth but they are taking it based on the data coming through.”"
Ahead of Market: 12 things that will decide stock action on Friday,https://economictimes.indiatimes.comhttps://economictimes.indiatimes.com/markets/stocks/news/ahead-of-market-12-things-that-will-decide-stock-action-on-friday/articleshow/79551229.cms,"Nagaraj Shetti, Technical Research Analyst, HDFC Securities said, “The market was seen struggling at the new highs, which could open further consolidation or weakness from the highs. Immediate support needs to be watched at 13,000 levels."""
"Impact of government measures to be evident over the next few years: Nikhil Vora, IDFC Securities",https://economictimes.indiatimes.comhttps://economictimes.indiatimes.com/opinion/interviews/impact-of-government-measures-to-be-evident-over-the-next-few-years-nikhil-vora-idfc-securities/articleshow/22992272.cms,There are a lot of measures that the government has taken in the last year and their quantum of benefit will eventually come about.
"Swaps shut the door on India rate cuts, growth-inflation outlook lifts longer tenors",https://economictimes.indiatimes.comhttps://economictimes.indiatimes.com/markets/stocks/news/swaps-shut-the-door-on-india-rate-cuts-growth-inflation-outlook-lifts-longer-tenors/articleshow/128195383.cms,"India's overnight indexed swaps signal that the central bank's rate-cut cycle has likely run its course, anchoring short-term rates, while longer-tenor rates are being pulled higher on expectations of firmer inflation and robust growth."
BoB slashes deposit rates by 0.25-0.75 per cent,https://economictimes.indiatimes.comhttps://economictimes.indiatimes.com/industry/banking/finance/banking/bob-slashes-deposit-rates-by-0-25-0-75-per-cent/articleshow/4576436.cms,State-run Bank of Baroda today reduced interest rates on its various maturity deposits by 0.25-0.75 per cent.
Rupee is expected to hold firm,https://economictimes.indiatimes.comhttps://economictimes.indiatimes.com/markets/forex/rupee-is-expected-to-hold-firm/articleshow/222146.cms,"Rupee closed at 45.19 per dollar, the highest level since mid-May, from 45.31 per dollar. In addition to the optimistic growth outlook, the rupee drew strength from the broad weakness of the dollar."
Rupee up 17 paise against dollar in early trade,https://economictimes.indiatimes.comhttps://economictimes.indiatimes.com/markets/forex/rupee-up-17-paise-against-dollar-in-early-trade/articleshow/27569574.cms,The rupee had lost 28 paise to close at 62.01 against the dollar in yesterday's trade on possibility of interest rate hike by the RBI.
Rupee down 14 paise to 64.52 on RBI's inflation forecast,https://economictimes.indiatimes.comhttps://economictimes.indiatimes.com/markets/stocks/news/rupee-down-14-paise-to-64-52-on-rbis-inflation-forecast/articleshow/61950953.cms,
"Latest home loan, other loan interest rates of ICICI Bank, PNB and Bank of India",https://economictimes.indiatimes.comhttps://economictimes.indiatimes.com/wealth/borrow/latest-home-loan-other-loan-interest-rates-of-icici-bank-pnb-and-bank-of-india/articleshow/99203354.cms,"The marginal cost of funds-based lending rate (MCLR) helps banks in determining the lowest interest rate for different loan categories. Below are the most recent MCLRs from ICICI Bank, Punjab National Bank (PNB), and Bank of India."
25 basis point CRR hike likely: ICICI Securities,https://economictimes.indiatimes.comhttps://economictimes.indiatimes.com/markets/stocks/recos/25-basis-point-crr-hike-likely-icici-securities/articleshow/5787635.cms,"ET Now talks to Piyush Garg, Chief Investment Officer, ICICI Securities on RBI policy."
"Last week, gilt yields reversed previous trends",https://economictimes.indiatimes.comhttps://economictimes.indiatimes.com/markets/commodities/last-week-gilt-yields-reversed-previous-trends/articleshow/1797958.cms,"Last week, gilt yields reversed previous trends and closed on the lower side, helped by a fall in global oil prices, speculations of a pause in US Fed rate hike and on hopes of steady interest rates at the RBI policy review."
Invest in longer tenure fixed deposits and dynamic bond funds,https://economictimes.indiatimes.comhttps://economictimes.indiatimes.com/wealth/personal-finance-news/invest-in-longer-tenure-fixed-deposits-and-dynamic-bond-funds/articleshow/19858641.cms,"Fixed income investors should opt for long tenure fixed deposits and dynamic bond funds, say experts after the RBI policy announcement."
"Monsoon to decide policy on interest rates: Duvvuri Subbarao, RBI",https://economictimes.indiatimes.comhttps://economictimes.indiatimes.com/news/economy/indicators/monsoon-to-decide-policy-on-interest-rates-duvvuri-subbarao-rbi/articleshow/20485981.cms,"""The monsoon outlook and monsoon performance is going to be an important factor in determining the RBI policy in the next three months,"" Subbarao said."
"Rupee gains for fourth straight session, settles at 74.17/USD",https://economictimes.indiatimes.comhttps://economictimes.indiatimes.com/markets/forex/rupee-gains-for-fourth-straight-session-settles-at-74-17/usd/articleshow/85066845.cms,Forex traders said price action remained subdued as investors awaited the Reserve Bank of India's (RBI) policy decision on Friday for further cues.
Rupee falls 6 paise to 67.84 vs USD,https://economictimes.indiatimes.comhttps://economictimes.indiatimes.com/markets/forex/rupee-falls-6-paise-to-67-84-vs-usd/articleshow/50808250.cms,The rupee declined by six paise to close at 67.84 against the American currency on dollar demand from banks and importers ahead of the RBI policy meet.
Rupee opens 6 paise down at 73.67 against dollar,https://economictimes.indiatimes.comhttps://economictimes.indiatimes.com/markets/forex/rupee-opens-6-paise-down-at-73-67-against-dollar/articleshow/78358417.cms,"On the domestic front, the focus will be on fiscal deficit number that will be released this week and widening fiscal deficit could keep the rupee weighed down against the US dollar. Volatility for the currency is expected to remain low ahead of the important RBI policy statement that will be released this week."
Share market update: Over 40 stocks hit 52-week lows on NSE,https://economictimes.indiatimes.comhttps://economictimes.indiatimes.com/markets/stocks/news/share-market-update-over-40-stocks-hit-52-week-lows-on-nse/articleshow/65193819.cms,Equity benchmarks erased early gains and turned flat ahead of RBI policy meet beginning today.
Rupee opens 15 paise down at 70.98 against dollar,https://economictimes.indiatimes.comhttps://economictimes.indiatimes.com/markets/forex/rupee-opens-15-paise-down-at-70-98-against-dollar/articleshow/70564551.cms,"On the domestic front, market participants will be keeping an eye on RBI policy meeting."
"Stock market update: Smallcaps tread higher, but Manpasand Beverages plunges on reports of a probe",https://economictimes.indiatimes.comhttps://economictimes.indiatimes.com/markets/stocks/news/stock-market-update-smallcaps-tread-higher-but-manpasand-beverages-plunges-on-reports-of-anbspprobe/articleshow/64475953.cms,Equity markets were up ahead of the RBI policy outcome scheduled for later in the day.
"Stock market update: Biocon, Just Dial most active stocks in value terms",https://economictimes.indiatimes.comhttps://economictimes.indiatimes.com/markets/stocks/news/stock-market-update-biocon-just-dial-most-active-stocks-in-value-terms/articleshow/64473637.cms,Domestic equity markets opened in the green on Wednesday ahead of the RBI policy outcome scheduled for later in the day.
Right strategy for Nifty is to ‘buy on dips’,https://economictimes.indiatimes.comhttps://economictimes.indiatimes.com/markets/stocks/news/right-strategy-for-nifty-is-to-buy-on-dips/articleshow/74054231.cms,"With a favourable RBI policy, the markets scaled past the 12,000 mark again in a week."
"Sensex falls 300 pts, Nifty below 24,200 as RBI keeps repo rate unchanged",https://economictimes.indiatimes.comhttps://economictimes.indiatimes.com/markets/stocks/news/sensex-falls-300-pts-nifty-below-24250-as-investors-await-rbi-mpc-outcome/articleshow/112362875.cms,"Following the RBI's decision to keep interest rates unchanged and maintain the withdrawal of accommodation stance, Sensex and Nifty saw declines. RBI Governor Shaktikanta Das noted market alignment with RBI policies. Despite steady inflation and GDP growth forecasts, specific stocks like Infosys and Apollo Tyres experienced notable losses. Investors remain cautious amid global economic concerns."
"Sensex, Nifty trade on volatile note amid geopolitical worries; all eyes on RBI now",https://economictimes.indiatimes.comhttps://economictimes.indiatimes.com/markets/stocks/news/sensex-nifty-trade-on-volatile-note-amid-geopolitical-worries-all-eyes-on-rbi-now/articleshow/93313585.cms,"Among Sensex stocks, Infosys gained 0.9 per cent to Rs 1,556.95. HCL Tech, Tech Mahindra and Hindustan Unilever rose 0.75 per cent, 0.65 per cent and 0.46 per cent, respectively. Bajaj Finserv, Wipro, Axis Bank, Bharti Airtel and Reliance Industries edged up to 0.4 per cent higher. Losers included M&M which fell 1.49 per cent to Rs 1,236.55. Kotak Mahindra Bank, Maruti Suzuki, ITC, IndusInd Bank and NTPC dropped up to 1.5 per cent."
SBI hikes lending rate by 25 bps; loans get costlier,https://economictimes.indiatimes.comhttps://economictimes.indiatimes.com/industry/banking/finance/banking/sbi-hikes-lending-rate-by-25-bps-loans-get-costlier/articleshow/8033365.cms,"It has also increased the benchmark prime lending rate by the same extent to 13.25% a year, from 13% now. Banks use the base rate as the benchmark for all loans since July 2010."
"Indian stocks, money markets closed for public holiday",https://economictimes.indiatimes.comhttps://economictimes.indiatimes.com/markets/stocks/news/indian-stocks-money-markets-closed-for-public-holiday/articleshow/69658437.cms,The stock market in Singapore is also shut for the day for Hari Raya Puasa.
SBI reduces MCLR across all tenures by up to 15 bps,https://economictimes.indiatimes.comhttps://economictimes.indiatimes.com/wealth/personal-finance-news/sbi-reduces-mclr-rates-across-all-tenures-by-up-to-15-bps/articleshow/74570234.cms,"Effective from March 10, 2020, the one-year is 7.75 per cent down from 7.85 per cent earlier. Similarly, three-month MCLR now stands at7.50 per cent, down from 7.65 per cent by 15 bps."
RBI arm-twisting banks; that’s not how mature financial markets function: Mythili Bhusnurmath,https://economictimes.indiatimes.comhttps://economictimes.indiatimes.com/opinion/interviews/rbi-arm-twisting-banks-thats-not-how-mature-financial-markets-function-mythili-bhusnurmath/articleshow/46849195.cms,"""It is very unfortunate that after moving towards deregulation and market forces, the RBI seems to be going back to the policies of the 60s and 70s."""
"Market leadership could emerge from BFSI, metals and auto sector, says Sudip Bandyopadhyay",https://economictimes.indiatimes.comhttps://economictimes.indiatimes.com/markets/expert-view/market-leadership-could-emerge-from-bfsi-metals-and-auto-sector-says-sudip-bandyopadhyay/articleshow/124144967.cms,Indian markets are currently volatile. Metals showed some gains due to copper prices. The Reserve Bank of India policy and Q2 results are key triggers. BFSI sector may lead if the policy is favorable. Construction and infrastructure sectors are also promising. Metals have a long-term positive outlook.
"US consumer strength keeping global markets buoyant, says Chidu Narayanan",https://economictimes.indiatimes.comhttps://economictimes.indiatimes.com/markets/expert-view/us-consumer-strength-keeping-global-markets-buoyant-says-chidu-narayanan/articleshow/124205363.cms,"Chidu Narayanan notes robust US consumer-driven growth, with the Fed poised for gradual rate cuts this year and next, aiming for policy normalisation. While tariff-induced inflation is still nascent, India's RBI will likely pause, leveraging strong domestic consumption and a stable rupee against external headwinds. This resilience suggests global growth remains supported despite uncertainties."
Household savings in India drop to 18.1% of GDP in FY24: CareEdge Ratings,https://economictimes.indiatimes.comhttps://economictimes.indiatimes.com/news/economy/indicators/household-savings-in-india-drop-to-18-1-of-gdp-in-fy24-careedge-ratings/articleshow/121862096.cms,"CareEdge Ratings reveals a concerning trend as India's household savings decline for the third year to 18.1% of GDP in FY24, while financial liabilities surge. Rural India offers a positive outlook with rising wage growth and recovering demand, contrasting with pessimistic urban consumer confidence. CPI inflation eases, and expectations of RBI policy rate cuts are anticipated to boost demand recovery."
"Liquidity won’t be a constraint: Dinesh Kumar Khara on RBI policy, growth outlook & rupee strategy",https://economictimes.indiatimes.comhttps://economictimes.indiatimes.com/markets/expert-view/liquidity-wont-be-a-constraint-dinesh-kumar-khara-on-rbi-policy-growth-outlook-rupee-strategy/articleshow/125784100.cms,"Former SBI Chairman Dinesh Kumar Khara says RBI’s latest 25 bps rate cut will gradually transmit through the banking system, supporting economic growth. He explains why the Monetary Policy Committee kept its stance neutral, when a shift may come, how liquidity will be managed, and why bank margins are likely to stabilise despite rising credit-deposit ratios and deposit repricing pressures."
"RBI Policy Impact: Sensex falls 365 points let down by financials; Nifty below 19, 450",https://economictimes.indiatimes.comhttps://economictimes.indiatimes.com/markets/stocks/news/rbi-impact-sensex-falls-365-points-let-down-by-financials-nifty-below-19-450/articleshow/102645984.cms,"From the Sensex pack, IndusInd Bank, NTPC, Bajaj Finance, Sun Pharma and HUL closed with cuts. On the other hand, HCL Tech, Power Grid, Titan, and Relaince Industries closed with gains. Among individual stocks, Indian Overseas Bank closed 13% higher after the bank said CARE Ratings has assigned a fresh rating of CARE A1 + (A One Plus) to the bank's proposed certificate of deposits of Rs 10,000 crore"
"Sensex slips 107 pts dragged by FMCG, metal stocks in run up to key data, RBI policy",https://economictimes.indiatimes.comhttps://economictimes.indiatimes.com/markets/stocks/news/sensex-slips-107-pts-dragged-by-fmcg-metal-stocks-in-run-up-to-key-data-rbi-policy/articleshow/102534312.cms,"From the Sensex pack, Power Grid, M&M, JSW Steel, Sun Pharma, Nestle and Relaince Industries closed in the red. The market breadth was skewed in the favour of the bulls. About 1,853 stocks gained, 1,751 declined, and 151 remained unchanged on the BSE."
Stock Market Highlights: Nifty forms long bull candle ahead of RBI policy. Is record high in the vicinity?,https://economictimes.indiatimes.comhttps://economictimes.indiatimes.com/markets/stocks/live-blog/bse-sensex-today-live-nifty-stock-market-updates-07-june-2023/liveblog/100806650.cms,"Stock Market Highlights: After being in a consolidation phase for several sessions, the benchmark Nifty50 gave a positive breakout on Wednesday by crossing the key resistance level of 18,700 points and even closing comfortably above it. The 50-stock index ended 0.7% higher at 18726.40 points. A long bull candle was formed on the daily charts with a gap-up opening. This indicates an attempt to an upside breakout of minor range movement, says Nagaraj Shetti, technical analyst, HDFC Securities. “The Nifty is all set to move into all-time highs (above the high of 18,887) in the short term and that could possibly open sharp upside momentum for the market ahead,” Shetti added. Immediate support in Nifty50 to be watched is at the 18,650 level, and the immediate resistance is around the 18,900 levels for the short term."
10 key MPC Takeaways: Here's all you need to know about the 'cautious but bullish' RBI policy,https://economictimes.indiatimes.comhttps://economictimes.indiatimes.com/news/economy/policy/10-key-mpc-takeaways-heres-all-you-need-to-know-about-a-cautious-but-bullish-rbi-policy/articleshow/100840343.cms,The Reserve Bank of India's (RBI) six-member Monetary Policy Committee (MPC) has decided to keep the benchmark lending rates unchanged for the second straight time. Governor Shaktikanta Das marginally lowered projections for inflation while being bullish on growth. He remained wary of external developments that may affect the trajectory of GDP growth and inflation in the coming months.
"Nifty50 slips below 12,000 mark ahead of RBI policy decision; bank stocks slip",https://economictimes.indiatimes.comhttps://economictimes.indiatimes.com/markets/stocks/news/nifty50-slips-below-12000-mark-ahead-of-rbi-policy-decision-bank-stocks-slip/articleshow/69671107.cms,Bank and financial stocks were the major index drags.
35 basis points repo rate hike looks imminent from RBI policy meet: SBI Research,https://economictimes.indiatimes.comhttps://economictimes.indiatimes.com/news/economy/policy/35-basis-points-repo-rate-hike-looks-imminent-from-rbi-policy-meet-sbi-research/articleshow/95995156.cms,"The RBI's three-day monetary policy committee meeting has commenced today. Financial markets will be keenly watching the committee's rate hike stance if any, as inflation is still above the 6 per cent target band. The central bank had already hiked the key policy rate by 190 basis points since May to 5.9 per cent to cool off domestic retail inflation that has stayed above the RBI's upper tolerance limit for over three quarters now. In October, retail inflation was 6.77 per cent as against 7.41 per cent the previous month."
"RBI policy will have to ensure more liquidity in markets: Rupa Rege Nitsure, L&T Financial Services",https://economictimes.indiatimes.comhttps://economictimes.indiatimes.com/markets/expert-view/rbi-policy-will-have-to-ensure-more-liquidity-in-markets-rupa-rege-nitsure-lt-financial-services/articleshow/50805259.cms,"In a chat with ET Now, Rupa Rege Nitsure, L&T Financial Services, says fiscal consolidation need not be achieved at the expense of government capex spending because but by controlling revenue spending"
"Slow growth & high inflation will keep RBI policy in a bind: Ananth Narayan, Standard Chartered Bank",https://economictimes.indiatimes.comhttps://economictimes.indiatimes.com/opinion/interviews/slow-growth-high-inflation-will-keep-rbi-policy-in-a-bind-ananth-narayan-standard-chartered-bank/articleshow/33776689.cms,We were hoping for a softer number on WPI both on the core and the headline. This is a kind of a negative surprise for us.
"Don’t expect any RBI policy action until December: Neeraj Gambhir, Nomura Capital India",https://economictimes.indiatimes.comhttps://economictimes.indiatimes.com/opinion/interviews/dont-expect-any-rbi-policy-action-until-december-neeraj-gambhir-nomura-capital-india/articleshow/16264883.cms,"It does look like so that liquidity picture once it tightens we will see the overnight rate taking up a little bit more from here: Neeraj Gambhir, Nomura Capital India"
"State Bank of India takes the lead after RBI's policy review, cuts base rate by 15 bps",https://economictimes.indiatimes.comhttps://economictimes.indiatimes.com/industry/banking/finance/banking/state-bank-of-india-takes-the-lead-after-rbis-policy-review-cuts-base-rate-by-15-bps/articleshow/47517534.cms,"SBI lending rate now at 9.7 per cent, Allahabad Bank cuts rates to 9.95 per cent, while Dena and Punjab & Sind Bank follow at 10 per cent."
"RBI policy-driven correction overdone, great opportunity for long-term buyers: Dharmesh Mehta, Axis Capital",https://economictimes.indiatimes.comhttps://economictimes.indiatimes.com/opinion/interviews/rbi-policy-driven-correction-overdone-great-opportunity-for-long-term-buyers-dharmesh-mehta-axis-capital/articleshow/47565972.cms,"'Markets were waiting for this kind of correction to happen, so it is a great opportunity for investors who are buying India for the long term.'"
India has far more degrees of freedom than Federal Reserve: V Anantha Nageswaran on RBI policy,https://economictimes.indiatimes.comhttps://economictimes.indiatimes.com/news/economy/policy/india-has-far-more-degrees-of-freedom-than-federal-reserve-v-anantha-nageswaran-on-rbi-policy/articleshow/81950323.cms,"""Right now, they are locked in certain policies over which they have no control, they have been dragged into fiscal dominance and given that they cannot afford to raise interest rates at all without jeopardising the economy,"" said V Anantha Nageswaran."
"Sensex rallies over 300 points ahead of RBI policy meet, Nifty50 reclaims 8,700",https://economictimes.indiatimes.comhttps://economictimes.indiatimes.com/markets/stocks/news/whats-buzzing-on-breakfast-tables-before-opening-bell/articleshow/54648842.cms,"The Nifty50 reclaims its crucial level of 8,650 supported by gains in realty, power, oil & gas, metal, consumer durable, banks, auto and healthcare stocks."
Rupee opens 6 paise lower against US dollar at 64.49 ahead of RBI policy outcome,https://economictimes.indiatimes.comhttps://economictimes.indiatimes.com/markets/forex/rupee-opens-6-paise-lower-agains-us-dollar-at-64-49-ahead-of-rbi-policy-outcome/articleshow/59029622.cms,The local currency on Tuesday snapped its four-day gaining streak and settled 7 paise down at 64.43 against dollar.
"Realty index makes a comeback, rises 20% in March; All eyes now fixed on RBI policy",https://economictimes.indiatimes.comhttps://economictimes.indiatimes.com/markets/stocks/news/realty-index-makes-a-comeback-rises-20-in-march-all-eyes-now-fixed-on-rbi-policy/articleshow/33012689.cms,"In the near term, the catalyst is RBI’s policy meet tomorrow. Realty firms with high debt to equity ratio may benefit if the RBI lowers interest rates or takes a dovish stance."
Correction was more of a global rally: Jyoti Jaipuria,https://economictimes.indiatimes.comhttps://economictimes.indiatimes.com/markets/stocks/recos/correction-was-more-of-a-global-rally-jyoti-jaipuria/articleshow/5552430.cms,So that was really the trigger for the markets to start correcting globally and India of course participated in the correction with these India specific factors also.
Rupee up 7 paise at 66.52 against dollar ahead of RBI meet,https://economictimes.indiatimes.comhttps://economictimes.indiatimes.com/markets/forex/rupee-up-7-paise-at-66-52-against-dollar-ahead-of-rbi-meet/articleshow/54670031.cms,"Forex dealers said a higher opening in domestic equity markets supported the rupee, but strength in dollar against other currencies capped the gains."
"Mahendra Jajoo on challenging inflation trajectory, bond yields and more",https://economictimes.indiatimes.comhttps://economictimes.indiatimes.com/markets/expert-view/mahendra-jajoo-on-challenging-inflation-trajectory-bond-yields-and-more/articleshow/102632547.cms,"""The headline number on the inflation side is expected to shoot up and at the same time on the global front also we now have a very clear messaging from the Fed that the rates are going to be higher for longer and it is in anticipation of that higher number of inflation that the market was building the possibility of a rate hike. It is in that context that RBI has guided for a possibility of a rate action if there is a generalisation of that inflation."""
"ETMarkets Smart Talk: Long term, DIIs would become the dominant players in market: Santosh Singh",https://economictimes.indiatimes.comhttps://economictimes.indiatimes.com/markets/expert-view/etmarkets-smart-talk-long-term-diis-would-become-the-dominant-players-in-market-santosh-singh/articleshow/93560507.cms,"""Although there has been some bounce back in the mid and small-cap stocks; however, smallcaps is still at a significant discount from its high. The smallcap tends to get significantly more in a downturn, it looks like the market is pricing in some sort of downturn there. However, small and midcaps are very much bottom-up segments of the market, and we find a lot of opportunities in that space."""
A key indicator hints at high possibility of policy rate hike today,https://economictimes.indiatimes.comhttps://economictimes.indiatimes.com/markets/stocks/news/a-key-indicator-hints-at-high-possibility-of-policy-rate-hike-today/articleshow/64472240.cms,"If the central bank springs any ugly surprise, it is expected to push up yields."
RBI credit policy: Will Urjit Patel maintain status quo on Thursday?,https://economictimes.indiatimes.comhttps://economictimes.indiatimes.com/markets/stocks/news/rbi-credit-policy-will-urjit-patel-maintain-status-quo-on-thursday/videoshow/63613965.cms,
RBI monetary policy review: Experts’ take,https://economictimes.indiatimes.comhttps://economictimes.indiatimes.com/markets/stocks/news/rbi-monetary-policy-review-experts-take/videoshow/63631002.cms,
Reserve Bank to maintain status quo at April meet: Axis Bank Chief Economist,https://economictimes.indiatimes.comhttps://economictimes.indiatimes.com/news/economy/policy/reserve-bank-to-maintain-status-quo-at-april-meet-axis-bank-chief-economist/articleshow/90491791.cms,Axis Bank's chief economist Saugata Bhattacharya had earlier expected a tightening action at the policy meet scheduled for April 6-8 but the increased uncertainties on the geopolitical front due to the Russian invasion of Ukraine and its impact on commodity prices makes him now think that RBI will defer such an action.
World comes huffing to Indian markets,https://economictimes.indiatimes.comhttps://economictimes.indiatimes.com/opinion/et-editorial/world-comes-huffing-to-indian-markets/articleshow/106966448.cms,"The Nifty bank and financial services sub-indices are driving the fall in the headline index. Given their weight in Nifty, the effects are considerable. The Nifty technology sub-index is also being affected by fears of a longer credit squeeze in the US as consumer spending remains stronger than expectations. This is part of the heightened volatility in global markets that have run up in anticipation of a soft landing of the US economy."
The CRR cut now may deliver more than lower rates,https://economictimes.indiatimes.comhttps://economictimes.indiatimes.com/news/economy/policy/the-crr-cut-now-may-deliver-more-than-lower-rates/articleshow/116056460.cms,The Reserve Bank of India (RBI) unexpectedly cut the cash reserve ratio (CRR) by 50 basis points to inject ₹1.16 lakh crore into the banking system. This move aims to improve liquidity and transmission of rate cuts amid high inflation and slowing economic growth.
The Governor’s gambit: A double order of a big beautiful cut,https://economictimes.indiatimes.comhttps://economictimes.indiatimes.com/opinion/et-commentary/the-governors-gambit-a-double-order-of-a-big-beautiful-cut/articleshow/121719623.cms,"The new RBI Governor has adopted an aggressive approach, signaling a departure from incremental measures with a significant rate cut and CRR reduction. This bold move aims to achieve sustainable 8% growth, prioritizing market impact over gradual adjustments. The strategy seeks to influence inflation expectations by delivering impactful changes, potentially causing market volatility but ultimately driving desired economic outcomes."
"'I learnt to question the status quo,' RBI Governor Sanjay Malhotra says",https://economictimes.indiatimes.comhttps://economictimes.indiatimes.com/news/economy/policy/i-learnt-to-question-the-status-quo-rbi-governor-sanjay-malhotra-says/articleshow/122024654.cms,Reserve Bank of India Governor Sanjay Malhotra addressed IIT Kanpur students. He emphasized questioning norms for innovation and efficiency. Malhotra shared his experiences of improving processes by challenging the status quo. He advised graduates to pursue lifelong learning. He also noted the rapid pace of technological advancement. He urged them to build upon their foundation and adapt to change.
Debt mutual fund managers decode RBI’s rate hike,https://economictimes.indiatimes.comhttps://economictimes.indiatimes.com/mf/analysis/debt-mutual-fund-managers-decode-rbis-rate-hike/articleshow/94553829.cms,"""Overall, the monetary policy is not as hawkish as the market expected. Global adverse development has been acknowledged but RBI monetary policy stance is predominantly domestic driven. Rates market should take this positively and should trade in a range”."
"Rupee depreciation due to strengthening dollar, happened in orderly fashion: RBI Guv",https://economictimes.indiatimes.comhttps://economictimes.indiatimes.com/markets/forex/rupee-depreciation-due-to-strengthening-dollar-happened-in-orderly-fashion-rbi-guv/articleshow/93362576.cms,"Das said that the domestic currency has fared much better than EM currencies, adding that the central bank remained watchful and focused on maintaining stability in rupee."
We need a buyer of last resort for capital market: Nilesh Shah,https://economictimes.indiatimes.comhttps://economictimes.indiatimes.com/markets/expert-view/we-need-a-buyer-of-last-resort-in-the-capital-market-nilesh-shah/articleshow/80706144.cms,We need a buyer of last resort in the capital market for participation of NBFCs in TLTRO.
RBI’s words will have to speak louder than action as market looks for answers,https://economictimes.indiatimes.comhttps://economictimes.indiatimes.com/markets/stocks/news/rbis-words-will-speak-louder-than-action-as-market-looks-for-answers/articleshow/80691328.cms,"When the rate-setting panel sets to release its statement on Friday, it will have to choose its words with even more care than before, as they may end up deciding the course the bond market and equity market will take going ahead."
Loan EMIs likely to reduce: RBI cuts repo rate by 25 bps,https://economictimes.indiatimes.comhttps://economictimes.indiatimes.com/wealth/personal-finance-news/good-news-for-borrowers-rbi-cuts-repo-rate-by-25bps/articleshow/67863207.cms,"This is the first time in FY2018-19 that the RBI has cut key policy rates. Earlier, apex bank has hiked the rates twice in June and August 2018 by 25 bps both times."
"Not just you, even the RBI finds India’s equity market “frothy”",https://economictimes.indiatimes.comhttps://economictimes.indiatimes.com/markets/stocks/news/not-just-you-even-the-rbi-finds-indias-equity-market-frothy/articleshow/86862518.cms,Nifty50’s one-year and two-year forward PE multiples are the highest among emerging market economies.
"From May 1, SBI will link loan and deposit rates to repo: Dinesh Kumar Khara",https://economictimes.indiatimes.comhttps://economictimes.indiatimes.com/markets/expert-view/from-may-1-sbi-will-link-loan-and-deposit-rates-to-repo-dinesh-kumar-khara/articleshow/68722245.cms,"Linking to repo rates is the best way we can ensure the transmission of any rate cut, says Khara."
Gainers and Losers: Zomato and Paytm among stocks that hogged limelight today,https://economictimes.indiatimes.comhttps://economictimes.indiatimes.com/markets/web-stories/gainers-and-losers-zomato-and-paytm-among-among-key-stocks-in-news-today/slideshow/97732403.cms,
D-Street waiting to see “dovish” RBI tomorrow; what could it do to rate-sensitive sectors?,https://economictimes.indiatimes.comhttps://economictimes.indiatimes.com/markets/stocks/news/d-street-waiting-to-see-dovish-rbi-tomorrow-what-could-it-do-to-rate-sensitive-sectors/articleshow/96020070.cms,"As far as the domestic equity market, a rate hike of 30-35 bps has been largely discounted by investors. Therefore, no major movement in equities is expected if the rate action is on expected lines."
"Global bond index inclusion poses risk of sudden fund outflows, says RBI Guv",https://economictimes.indiatimes.comhttps://economictimes.indiatimes.com/markets/bonds/global-bond-index-inclusion-poses-risk-of-sudden-fund-outflows-says-rbi-guv/articleshow/89474309.cms,"Issuing debt in foreign currencies or listing of bonds in international indices, while attracting greater flows, could expose the country to a greater degree of exchange rate risk"
"India not only game in town, FII flows following EM trade: Adrian Mowat",https://economictimes.indiatimes.comhttps://economictimes.indiatimes.com/markets/expert-view/india-not-only-game-in-town-fii-flows-following-em-trade-adrian-mowat/articleshow/68718165.cms,"Relative positioning of actively managed EM funds show how foreign investors are thinking, says Mowat."
"Can't ask banks to cut rates, competition will force them: RBI Guv Raghuram Rajan",https://economictimes.indiatimes.comhttps://economictimes.indiatimes.com/news/economy/policy/cant-ask-banks-to-cut-rates-competition-will-force-them-rbi-guv-raghuram-rajan/articleshow/46108786.cms,"Despite a fall in long-term interest rates, treasury rates and corporate bond rates, banks' lending rates have remained flat, Rajan said."
Higher US tariffs to impact local growth and inflation: RBI boss,https://economictimes.indiatimes.comhttps://economictimes.indiatimes.com/markets/stocks/news/higher-us-tariffs-to-impact-local-growth-and-inflation-rbi-bos/articleshow/120144475.cms,"RBI Governor Sanjay Malhotra warned of growth and inflation risks from global tariff wars and policy uncertainties, prompting a downward revision of India's FY26 growth forecast to 6.5%. He emphasized India's relative resilience due to lower export dependence but acknowledged that rising trade frictions remain a growth dampener."
RBI keeps rates unchanged amid inflation worries,https://economictimes.indiatimes.comhttps://economictimes.indiatimes.com/markets/stocks/news/rbi-keeps-rates-unchanged-amid-inflation-worries/articleshow/73979476.cms,"The central bank raised its inflation projection, saying that outlook on prices remains uncertain. The Monetary Policy Committee (MPC) maintained the accommodative stance."
"Latest News: Facebook to hold politicians accountable for disinformation, suspends Donald Trump's account for two years",https://economictimes.indiatimes.comhttps://economictimes.indiatimes.com/news/newsblogs/latest-daily-news-and-updates-june-4/liveblog/83222678.cms,Facebook said it will suspend former President Donald Trump's accounts for two years following its finding that he stoked violence ahead of the deadly Jan. 6 insurrection. Facebook also plans to end a contentious policy championed by CEO Mark Zuckerberg that automatically exempted politicians from rules that banned hate speech and abuse. The company has said it has never applied this policy to Trump.
RBI's status quo brings cheer for real estate developers,https://economictimes.indiatimes.comhttps://economictimes.indiatimes.com/industry/indl-goods/svs/construction/rbis-status-quo-brings-cheer-for-real-estate-developers/articleshow/66088605.cms,"Any hike in repo rate would have impacted consumption sentiment and also the real estate sector, market leaders said"
Reserve Bank of India expected to hold rates this week,https://economictimes.indiatimes.comhttps://economictimes.indiatimes.com/opinion/et-commentary/reserve-bank-expected-to-hold-rates-this-week/articleshow/81904487.cms,"But investors would need clarity in communication from Governor Shaktikanta Das on his agenda for the bond markets, which have lately been roiled by hardening yields."
India takes step down QE road with $14 billion bond-buy plan,https://economictimes.indiatimes.comhttps://economictimes.indiatimes.com/markets/bonds/india-takes-step-down-qe-road-with-14-billion-bond-buy-plan/articleshow/81950740.cms,"The debt purchases under the program in the secondary market will start from April 15, Reserve Bank of India Governor Shaktikanta Das said Wednesday."
"RBI money policy: EMIs stable, call for tax cut on fuel & other takeaways",https://economictimes.indiatimes.comhttps://economictimes.indiatimes.com/markets/stocks/news/rbi-money-policy-emis-stable-call-for-tax-cut-on-fuel-other-takeaways/articleshow/81947738.cms,"The Monetary Policy Committee of RBI decided to keep the policy rate unchanged, maintained growth projections and pledged to keep money supply open."
"RBI joins coronavirus fight with big-bang rate move, EMIs put on hold",https://economictimes.indiatimes.comhttps://economictimes.indiatimes.com/news/economy/policy/rbi-joins-coronavirus-fight-rolls-out-big-bang-rate-move/articleshow/74840568.cms,"Make no mistake, it is a fight never seen before, Das warned while outlining the risks to Indian economy ."
RBI is done keeping its powder dry as India brings out heavy artillery to fight virus,https://economictimes.indiatimes.comhttps://economictimes.indiatimes.com/news/economy/policy/rbi-to-keep-the-powder-dry-no-longer-as-india-brings-out-heavy-artillery-to-fight-virus/articleshow/74845722.cms,"FM Nirmala Sitharaman had yesterday announced a Rs 1.70 lakh crore mega rescue package for the country's poor. This, along with today's RBI moves that will eventually release Rs 3.74 lakh crore of liquidity into the system, forms the frontline of India's response to the menace. Here is a look at how India is front-loading its countermeasures."
View: 10-year G-sec yield to trade in 7.3-7.7% range in Q4FY19,https://economictimes.indiatimes.comhttps://economictimes.indiatimes.com/markets/bonds/view-10-year-g-sec-yield-to-trade-in-7-3-7-7-per-cent-range-in-q4fy19/articleshow/66957763.cms,There appears to be a substantial likelihood of a change in the monetary policy stance to neutral from calibrated tightening in Q4FY19.
"Shaktikanta Das expects banks to cut home, auto loans faster",https://economictimes.indiatimes.comhttps://economictimes.indiatimes.com/industry/banking/finance/banking/shaktikanta-das-expects-banks-to-cut-home-auto-loans-faster/articleshow/70567428.cms,The RBI has so far cut policy rates by 110 basis points and changed its stance to accommodative.
Rate cut will be credit positive: Karnataka Bank CEO,https://economictimes.indiatimes.comhttps://economictimes.indiatimes.com/news/economy/policy/rate-cut-will-be-credit-positive-karnataka-bank-ceo/articleshow/59882613.cms,"Monetary Policy Committee of the Reserve Bank of India slashed the short-term lending rate, or repo rate, by 25 basis points to 6 per cent at its third bimonthly policy review."
"Stick to short-term funds, experts advise investors",https://economictimes.indiatimes.comhttps://economictimes.indiatimes.com/mf/analysis/stick-to-short-term-funds-experts-advise-investors/articleshow/65253571.cms,Fund managers say debt investors should stick to ultra short-term or short-term funds.
Reserve Bank of India looks for honourable exit,https://economictimes.indiatimes.comhttps://economictimes.indiatimes.com/news/economy/policy/reserve-bank-of-india-looks-for-honourable-exit/articleshow/59037431.cms,"If demonetisation had put a question mark on the credibility of RBI, its erroneous prophesy on inflation has left it looking for a course correction."
ET View: RBI Monetary Policy offers no miracle growth pills,https://economictimes.indiatimes.comhttps://economictimes.indiatimes.com/opinion/et-view/et-view-monetary-policy-offers-no-miracle-growth-pills/articleshow/69673134.cms,The government has to bear the brunt of infusing new vigour in the economy.
Should you change your mutual fund investment strategy after RBI rate hike?,https://economictimes.indiatimes.comhttps://economictimes.indiatimes.com/mf/mf-news/should-you-change-your-mutual-fund-investment-strategy-after-rbi-rate-hike/articleshow/64477671.cms,"Until now, most mutual fund advisors have been asking investors to stick to short-term debt mutual fund schemes and credit opportunity schemes."
Would MPC push Modi to take a leaf out of Trump’s book?,https://economictimes.indiatimes.comhttps://economictimes.indiatimes.com/markets/stocks/news/would-mpc-push-modi-to-take-a-leaf-out-of-trumps-book/articleshow/69642329.cms,Yield at 7 per cent is at least 320 basis points above forecast inflation.
'India needs more rate cuts to boost consumer sentiment',https://economictimes.indiatimes.comhttps://economictimes.indiatimes.com/et-now/experts/india-needs-more-rate-cuts-to-boost-consumer-sentiment-ihs/videoshow/46832479.cms,
India Inc is still weighed down by huge debt: Crisil,https://economictimes.indiatimes.comhttps://economictimes.indiatimes.com/et-now/experts/india-inc-is-still-weighed-down-by-huge-debt-crisil/videoshow/46836165.cms,
Reluctant emerging Asia central banks could delay rate hikes until 2022,https://economictimes.indiatimes.comhttps://economictimes.indiatimes.com/markets/stocks/news/reluctant-emerging-asia-central-banks-could-delay-rate-hikes-until-2022/articleshow/82270867.cms,"All eight emerging Asian economies are seen holding benchmark interest rates steady through 2021, according to the median forecasts from Bloomberg surveys of economists."
Brokerages see more rate hikes in 2014; private banks look good in long term,https://economictimes.indiatimes.comhttps://economictimes.indiatimes.com/markets/stocks/news/brokerages-see-more-rate-hikes-in-2014-private-banks-look-good-in-long-term/articleshow/29494607.cms,Analysts at top brokerage firms expect further rate hikes in the year 2014 if the proposed monetary policy framework by Urjit panel is adopted.
RBI holds repo rate steady at 5.5% amid economic challenges and adjusts GDP growth forecast,https://economictimes.indiatimes.comhttps://economictimes.indiatimes.com/news/economy/policy/rbi-holds-repo-rate-steady-at-5-5-amid-economic-challenges-and-adjusts-gdp-growth-forecast/articleshow/124249857.cms,"The Reserve Bank of India kept its policy repo rate unchanged at 5.5% due to tariff challenges, while revising FY26 GDP growth upwards to 6.8%. Governor Sanjay Malhotra announced 22 measures to strengthen the banking sector, including allowing corporate acquisition financing and deferring the ECL framework, aiming to improve credit flow and resilience."
Chances of Nifty slipping to 8000 is high if RBI does not cut rates next week: Experts,https://economictimes.indiatimes.comhttps://economictimes.indiatimes.com/markets/stocks/news/chances-of-nifty-slipping-to-8000-is-high-if-rbi-does-not-cut-rates-next-week-experts/articleshow/47456011.cms,"With expectations running high ahead of the RBI policy, market participants are hopeful that the RBI would be able to slash policy rates."
"Sensex ends 716 points higher, Nifty breaks 8-day losing streak. Top 6 factors behind the rally",https://economictimes.indiatimes.comhttps://economictimes.indiatimes.com/markets/stocks/news/sensex-nifty-snap-8-day-losing-streak-here-are-top-factors-behind-the-rally-today/articleshow/124251692.cms,"Indian markets rebounded on October 1 after eight sessions of losses. The Reserve Bank of India maintained repo rates, revising inflation forecasts lower. This decision supported investor confidence. Bank stocks saw gains as RBI increased loan limits. The Indian rupee strengthened against the US dollar. Falling crude oil prices and positive global cues also contributed to the market surge."
Wait and watch BHEL: Rajan Malik,https://economictimes.indiatimes.comhttps://economictimes.indiatimes.com/markets/stocks/recos/wait-and-watch-bhel-rajan-malik/articleshow/12528825.cms,"We would continue to be optimistic about BHEL. But, the kind of orders that are flowing through, one needs a pickup in domestic investment."
"Sensex falls 477 points from day's high on profit booking, ends 25 points lower; all eyes on RBI policy outcome",https://economictimes.indiatimes.comhttps://economictimes.indiatimes.com/markets/stocks/news/profit-booking-in-ril-hdfc-bank-drag-sensex-25-points-lower-all-eyes-on-rbi-policy-outcome/articleshow/77371808.cms,"The continued rapid surge in coronavirus infections also bothered investors. For the seventh day in a row India registered more than 50,000 new Covid-19 cases, taking the total tally past the 19-lakh mark."
"PSU banks still a no-go area for investors, but can be trading bets: Vivek Mavani",https://economictimes.indiatimes.comhttps://economictimes.indiatimes.com/markets/expert-view/psu-banks-still-a-no-go-area-for-investors-but-can-be-trading-bets-vivek-mavani/articleshow/63642669.cms,"Valuations of private banks and NBFCs are at elevated levels, says Vivek Mavani."
"Nifty Bank rallies nearly 1%; next resistance seen at 48,000: Experts",https://economictimes.indiatimes.comhttps://economictimes.indiatimes.com/markets/options/nifty-bank-rallies-nearly-1-next-resistance-seen-at-48000-experts/articleshow/108946840.cms,"The Nifty Bank managed to reclaim crucial resistance levels and any dips towards 47,000 could be used as a buying opportunity. Federal Bank, HDFC Bank, AU Small Finance Bank, and Bandhan Bank rose more than 1% each."
"State lenders PNB, BoB, OBC cut base rate by up to 0.40 per cent",https://economictimes.indiatimes.comhttps://economictimes.indiatimes.com/industry/banking/finance/banking/state-lenders-pnb-bob-obc-cut-base-rate-by-up-to-0-40-per-cent/articleshow/49170117.cms,"State-run lenders Punjab National Bank, Bank of Baroda and Oriental Bank of Commerce have trimmed their base or minimum lending rates."
Market expects more OMOs by RBI under Operation Twist : Bhaskar Panda,https://economictimes.indiatimes.comhttps://economictimes.indiatimes.com/markets/expert-view/market-expects-more-omos-by-rbi-under-operationtwist-bhaskar-panda/articleshow/72901827.cms,"After RBI’s OMO announcement, the market is now scaling down its expectations."
"If you want reforms, take people along, Rajan tells students",https://economictimes.indiatimes.comhttps://economictimes.indiatimes.com/news/economy/policy/if-you-want-reforms-take-people-along-rajan-tells-students/articleshow/51710389.cms,"Raghuram Rajan told the students that If they want to exercise independence, if they want to make reforms, they have to take the broader public along with them."
SBI hikes lending rate by 25 bps; stock up,https://economictimes.indiatimes.comhttps://economictimes.indiatimes.com/markets/stocks/news/sbi-hikes-lending-rate-by-25-bps-stock-up/articleshow/8034452.cms,"The State Bank of India has made loans dearer by raising base rate by 25 basis points, ahead of RBI’s annual monetary policy review on May 3."
"REC raises Rs 2,848 cr in first local bond issue of FY24",https://economictimes.indiatimes.comhttps://economictimes.indiatimes.com/markets/bonds/rec-raises-rs-2848-cr-in-first-local-bond-issue-of-fy24/articleshow/99419905.cms,"The Power Finance Corp subsidiary had initially announced a bond sale worth up to ₹3,000 crore, comprising a base size of ₹500 crore and a green-shoe option of ₹2,500 crore."
SBI rate cut may trigger war in car loan segment,https://economictimes.indiatimes.comhttps://economictimes.indiatimes.com/industry/banking/finance/banking/sbi-rate-cut-may-trigger-war-in-car-loan-segment/articleshow/12846318.cms,"The equated monthly instalment on a Rs 1 lakh seven-year loan has come down from Rs 1,765 to Rs 1,725. Till now SBI had pegged its auto loans at its rack rate of 12%."
"Nifty could be headed to 11,150 in short term",https://economictimes.indiatimes.comhttps://economictimes.indiatimes.com/markets/stocks/news/nifty-could-be-headed-to-11150-in-short-term/articleshow/70562652.cms,"From a one-week perspective, the markets will probably head higher."
Bond yields harden as rate cut chances dim,https://economictimes.indiatimes.comhttps://economictimes.indiatimes.com/markets/bonds/bond-yields-harden-as-rate-cut-chances-dim/articleshow/77476631.cms,"The five-year paper Monday yielded 5.13 percent compared with 4.97 percent last Wednesday, a day before the Reserve Bank of India’s (RBI) bi-monthly policy."
Trade setup: Nifty showing lot of discomfort at higher levels,https://economictimes.indiatimes.comhttps://economictimes.indiatimes.com/markets/stocks/news/trade-setup-nifty-showing-lot-of-discomfort-at-higher-levels/articleshow/77397204.cms,"Friday’s session is likely to see a tentative start and the 11,245 and 11,285 levels are likely to act as key resistance points."
"Nifty may trade in 5500-6200 range in near term: Manish Sonthalia, Motilal Oswal AMC",https://economictimes.indiatimes.comhttps://economictimes.indiatimes.com/opinion/interviews/nifty-may-trade-in-5500-6200-range-in-near-term-manish-sonthalia-motilal-oswal-amc/articleshow/22942443.cms,"'With all the other sectors doing fairly well, the markets may trade in a range 5500 to 6200 for the near term, but if I had cash, it is a good time to buy'"
Market Now: Pharma stocks in the green; Aurobindo Pharma up 3%,https://economictimes.indiatimes.comhttps://economictimes.indiatimes.com/markets/stocks/news/market-now-pharma-stocks-in-the-green-aurobindo-pharma-up-3brbr/articleshow/62818369.cms,Equity benchmarks were trading on a cautious note awaiting RBI policy meet outcome.
Rupee inches 4 paise higher to 74.15 against US dollar,https://economictimes.indiatimes.comhttps://economictimes.indiatimes.com/markets/forex/rupee-inches-4-paise-higher-to-74-15-against-us-dollar/articleshow/85060621.cms,Forex traders said price action remained subdued as investors awaited the Reserve Bank of India's (RBI) policy decision on Friday for further cues.
IndusInd Bank to cut rates soon; clocks 80 pc jump in Q3 net,https://economictimes.indiatimes.comhttps://economictimes.indiatimes.com/news/economy/indicators/indusind-bank-to-cut-rates-soon-clocks-80-pc-jump-in-q3-net/articleshow/3985068.cms,"IndusInd Bank, plans to cut its prime lending and deposit rates in the next two weeks with view to pass on the benefits of the recent RBI policy actions to its customers."
"Stock market update: These stocks defy positive market sentiment, plunge up to 10% on BSE",https://economictimes.indiatimes.comhttps://economictimes.indiatimes.com/markets/stocks/news/stock-market-update-these-stocks-defy-positive-market-sentiment-plunge-up-to-10-on-bse/articleshow/64474221.cms,Equity markets were up ahead of the RBI policy outcome scheduled for later in the day.
"Stock market update: Titan, Bajaj Electricals boost consumer durables index",https://economictimes.indiatimes.comhttps://economictimes.indiatimes.com/markets/stocks/news/stock-market-update-titan-bajaj-electricals-boost-consumer-durables-index/articleshow/64477335.cms,Equity markets were up ahead of the RBI policy outcome scheduled for later in the day.
RBI MPC at a glance: Your one-stop guide for all key decisions,https://economictimes.indiatimes.comhttps://economictimes.indiatimes.com/news/economy/policy/rbi-mpc-meeting-at-a-glance-key-highlights-from-fy-2026-27-monetary-policy/articleshow/127965417.cms,"RBI MPC Meeting at a Glance: The Reserve Bank of India’s Monetary Policy Committee kept the repo rate unchanged at 5.25%, signalling a cautious yet steady approach amid global uncertainties and strong domestic growth. With inflation remaining low and under control, the committee unanimously decided to continue with a neutral monetary policy stance, staying prepared to respond to evolving economic conditions and fresh data."
"Stocks to buy today: Asian Paints, Berger Paint among top 6 trading ideas for 9 April 2025",https://economictimes.indiatimes.comhttps://economictimes.indiatimes.com/markets/stocks/news/stocks-to-buy-today-asian-paints-berger-paint-among-top-6-trading-ideas-for-9-april-2025/articleshow/120113743.cms,"Indian markets may consolidate on Wednesday amid muted global cues. Nifty50 bounced back from 21,800, forming a bullish candlestick. Analysts suggest a potential move toward 23,000, while India VIX signals heightened volatility. Experts recommend select stocks like Asian Paints and Berger Paints for short-term trades, advising cautious optimism ahead of the RBI policy outcome."
Re may inch up further,https://economictimes.indiatimes.comhttps://economictimes.indiatimes.com/markets/forex/re-may-inch-up-further/articleshow/2258148.cms,The rupee ended stronger for the week after moving in a fairly wide range.
Rupee up 2 paise against US dollar in trade,https://economictimes.indiatimes.comhttps://economictimes.indiatimes.com/markets/forex/rupee-up-2-paise-against-us-dollar-in-trade/articleshow/39668357.cms,"A higher opening of the domestic equity market also supported the rupee but the dollar's rise against other currencies overseas capped the gains, dealers said."
Here's what debt fund managers say about the RBI rate pause,https://economictimes.indiatimes.comhttps://economictimes.indiatimes.com/mf/analysis/heres-what-debt-fund-managers-say-about-the-rbi-rate-pause/articleshow/72384382.cms,The RBI on Thursday surprised the money market by keeping the repo rate unchanged. The market participants were expecting a 15-25 basis points cut in the key policy rates.
Here's why Sudip Bandyopadhyay is bullish on the cement sector,https://economictimes.indiatimes.comhttps://economictimes.indiatimes.com/markets/expert-view/heres-why-sudip-bandyopadhyay-is-bullish-on-the-cement-sector/articleshow/100851644.cms,"I think Avenue Supermarts is a fantastic company. They have done very, very well. They have reshaped the Indian grocery retail in a big way. But always my challenge was that valuation was extremely rich and I think at that kind of valuation, the margin of error is very, very limited"
RBI keeps repo rate unchanged but your EMIs are likely to go up anyway,https://economictimes.indiatimes.comhttps://economictimes.indiatimes.com/wealth/personal-finance-news/rbi-keeps-repo-rate-unchanged-but-your-emis-are-likely-to-go-up-anyway/articleshow/66063598.cms,"Although RBI has kept the key policy rates unchanged, now it is up to the banks on whether they will keep interest rates where they are or raise them."
RBI MPC Meet 2025 Inflation Forecast: Sanjay Malhotra-led MPC projects inflation at 4.2% for FY26,https://economictimes.indiatimes.comhttps://economictimes.indiatimes.com/news/economy/policy/rbi-mpc-meeting-inflation-forecast-india-rbi-governor-sanjay-malhotra-led-mpc-projects-inflation-at-4-2-for-fy26-check-full-forecast/articleshow/118000928.cms,"RBI Meeting Inflation Forecast Update:RBI's Monetary Policy Committee, under new Governor Sanjay Malhotra, forecasts inflation at 4.2% for the coming fiscal year, with inflation control remaining critical amid economic challenges. Former Governor Shaktikanta Das highlighted the volatility, referencing inflation control efforts. Policy adjustments may be delayed to stabilize inflation without hampering growth, crucial for the upcoming Union Budget focus on domestic investment."
"No extension of loan moratorium, but RBI introduces debt resolution plan for eligible borrowers",https://economictimes.indiatimes.comhttps://economictimes.indiatimes.com/markets/stocks/news/no-extension-of-loan-moratorium-but-rbi-introduces-debt-resolution-plan-for-eligible-borrowers/articleshow/77392810.cms,Analysts said the step was in the right direction and would cover roughly 50-55 per cent of the loans in the banking system.
Gift Nifty flat; here's the trading setup for today's session,https://economictimes.indiatimes.comhttps://economictimes.indiatimes.com/markets/stocks/news/gift-nifty-flat-heres-the-trading-setup-for-todays-session/articleshow/105824550.cms,"""Market may take a breather before the next leg of the rally. Overall, the undertone remains positive over the medium to long term given the return of FIIs, strong macro data and healthy corporate earnings,"" said Siddhartha Khemka, Head - Retail Research, Motilal Oswal."
"Sensex, Nifty trade in red; Rupee on 2-year high",https://economictimes.indiatimes.comhttps://economictimes.indiatimes.com/markets/stocks/news/nifty-hits-record-high-ahead-of-rbi-policy-outcome-sensex-rises-nearly-100-points/articleshow/59874714.cms,Rupee strengthened nearly 25 paise to 63.82 against dollar to its highest level since August 2015.
"Fed there done that: Banks see delay in rate cuts by RBI, too",https://economictimes.indiatimes.comhttps://economictimes.indiatimes.com/news/economy/policy/rbis-das-co-rate-easing-cycle-may-be-influenced-by-potential-fed-rate-cut-delays/articleshow/109371228.cms,"The US Federal Reserve's potential delay in cutting rates may impact the Reserve Bank of India's decision on beginning its rate easing cycle. Factors such as strong economic growth, tensions in West Asia, and inflation risks could lead to a delay in rate cuts. Economists anticipate a possible delay in RBI's rate cuts, with expectations shifting to October 2024 for any easing to begin. India's robust economic performance and inflation close to the RBI target suggest a need for caution in monetary policy decisions."
"100% transmission of rate cut difficult to achieve: Charan Singh, UCO Bank",https://economictimes.indiatimes.comhttps://economictimes.indiatimes.com/opinion/interviews/100-transmission-of-rate-cut-difficult-to-achieve-charan-singh-uco-bank/articleshow/49995179.cms,"""In fact, transmission is the biggest issue. Governor Rajan has said in his speech that he is looking for more transmission, because the RBI has already cut 125 bps."""
Rupee crosses 74 for first time vs dollar as RBI holds rates,https://economictimes.indiatimes.comhttps://economictimes.indiatimes.com/markets/forex/rupee-crosses-74-for-first-time-vs-dollar-as-rbi-holds-rates/articleshow/66084543.cms,Forex market didn’t like the Reserve Bank of India’s move to keep repo rate unchanged at 6.50 per cent.
Rupee up 29 paise at 47.26/27 against dollar,https://economictimes.indiatimes.comhttps://economictimes.indiatimes.com/markets/forex/rupee-up-29-paise-at-47-26/27-against-dollar/articleshow/10008258.cms,The cumulative impact of RBI's policy actions should now be increasingly felt in the form of a further moderation in rupee's demand by banks and supply in the system.
Very difficult for RBI governor Raghuram Rajan to argue a case for holding interest rates: Mythili Bhusnurmath,https://economictimes.indiatimes.comhttps://economictimes.indiatimes.com/opinion/interviews/very-difficult-for-rbi-governor-raghuram-rajan-to-argue-a-case-for-holding-interest-rates-mythili-bhusnurmath/articleshow/51491605.cms,"In this interview, Mythili Bhusnurmath talks about RBI's policy-meet and that governor will cut interest rates."
Rupee trades higher against US dollar,https://economictimes.indiatimes.comhttps://economictimes.indiatimes.com/markets/forex/rupee-trades-higher-against-us-dollar/articleshow/49991877.cms,"India’s November PMI print is scheduled for release on Tuesday, but RBI policy will hog the limelight."
RBI's first monetary policy of FY19: Key takeaways,https://economictimes.indiatimes.comhttps://economictimes.indiatimes.com/markets/stocks/news/rbi-credit-policy-fy19-key-takeaways/videoshow/63629686.cms,
One last time? RBI likely to deliver 25 bps rate hike with a shift to 'neutral' stance,https://economictimes.indiatimes.comhttps://economictimes.indiatimes.com/markets/stocks/news/one-last-time-rbi-likely-to-deliver-25-bps-rate-hike-with-a-shift-to-neutral-stance/articleshow/99236734.cms,The central bank has so far raised the repo rate six times by a total of 250 basis points. It all started with an off-cycle surprise increase in May 2022 to tame inflation
RBI's tighter liquidity norms credit positive for banks: Moody's,https://economictimes.indiatimes.comhttps://economictimes.indiatimes.com/industry/banking/finance/rbis-tighter-liquidity-norms-credit-positive-for-banks-moodys/articleshow/112196277.cms,"Moody's views the Reserve Bank of India's draft guidelines on enhancing banks' liquidity management as credit positive, despite a projected 15 percentage point drop in banks' liquidity coverage ratios (LCR). The new guidelines, which require banks to allocate an additional 5% reduction in the stability of retail deposits with internet and mobile banking access, are expected to improve banks' resilience against unexpected deposit outflows."
"Monetary Policy Statement by Shaktikanta Das, Governor of the Reserve Bank of India (RBI)",https://economictimes.indiatimes.comhttps://economictimes.indiatimes.com/news/economy/policy/monetary-policy-statement-by-shaktikanta-das-governor-of-the-reserve-bank-of-india-rbi/videoshow/107512215.cms,
"Short-term trend reversal notwithstanding, buy the dips as Nifty headed to 20,000-20,300: Axis Securities",https://economictimes.indiatimes.comhttps://economictimes.indiatimes.com/markets/stocks/news/short-term-trend-reversal-notwithstanding-buy-the-dips-as-nifty-headed-to-20000-20300-axis-securities/articleshow/102670937.cms,"In the near term, any corrections towards 19300-19100 levels should be seen as a buying opportunity, as the index has the potential to extend its rally and test levels of 20000-20300 points. In the week ended August 10, benchmark indices lost about 0.4%. This was primarily due to the Reserve Bank of India’s move to impose an incremental Cash Reserve Ratio of 10% on banks in its move to tighten the liquidity in the system."
"After Market: Zee, HDFC AMC and top banks bleed; investors lose Rs 1.43 lakh crore",https://economictimes.indiatimes.comhttps://economictimes.indiatimes.com/markets/stocks/news/after-market-zee-hdfc-amc-and-top-banks-bleed-investors-lose-rs-1-43l-c/articleshow/71441349.cms,"The 50-share Nifty fell 139 points to 11,174."
"RBI says inflation, growth to ease in fiscal 2026",https://economictimes.indiatimes.comhttps://economictimes.indiatimes.com/news/economy/policy/rbi-says-inflation-growth-to-ease-in-fiscal-2026/articleshow/114070432.cms,"The Reserve Bank of India forecasts a reduction in consumer price inflation to 4.1% by March 2026, down from 4.5% this fiscal year, contingent on a normal monsoon and stable policy environment. Economic growth is expected to ease slightly to 7.1%, supported by strong domestic demand and government capex."
RBI-MPC may not change interest rates: Experts,https://economictimes.indiatimes.comhttps://economictimes.indiatimes.com/news/economy/policy/rbi-mpc-may-not-change-interest-rates-experts/articleshow/100696796.cms,"The MPC met on April 3, 5 and 6 this year and decided to pause on the repo rate at 6.50 per cent after hiking continuously earlier as an inflation control measure."
"Invest in equities with confidence, through cycles to realise its full potential: Anoop Bhaskar of IDFC MF",https://economictimes.indiatimes.comhttps://economictimes.indiatimes.com/mf/analysis/invest-in-equities-with-confidence-through-cycles-to-realise-its-full-potential-anoop-bhaskar-of-idfc-mf/articleshow/94495711.cms,"“Returns from April 2020 are clearly unsustainable and should not be used as a referral point for future. Given the liquidity equity and especially equity mutual funds offer should also be an integral part while allocating for the future,” says Anoop Bhaskar."
"Inflation may ease by September-end aided by supply-side measures, SBI chairman says",https://economictimes.indiatimes.comhttps://economictimes.indiatimes.com/news/economy/indicators/inflation-may-ease-by-september-end-aided-by-supply-side-measures-sbi-chairman-says/articleshow/93597886.cms,"As for the policy rates, SBI Chairman Dinesh Khara did not want to guess whether the Reserve Bank of India will go for another round of rate increase as the banking regulator will evaluate multiple data points and there were many moving parts in the economy. Khara, who was in Bengaluru to open a dedicated branch for startups, said expectations were that inflation should come down."
RBI caught between the devil & the deep sea: Can it still gratify markets?,https://economictimes.indiatimes.comhttps://economictimes.indiatimes.com/markets/stocks/news/rbi-caught-between-the-devil-the-deep-sea-can-it-still-gratify-markets/articleshow/72364993.cms,Foreign investors simply cannot ignore the high real rates that Indian bonds have to offer.
'CRR withdrawal will release lot of liquidity for bank',https://economictimes.indiatimes.comhttps://economictimes.indiatimes.com/et-now/experts/crr-withdrawal-will-release-lot-of-liquidity-for-bank/videoshow/55872296.cms,
"Reliance Jio, Airtel tariff hikes likely to elevate core inflation",https://economictimes.indiatimes.comhttps://economictimes.indiatimes.com/markets/stocks/news/telecom-tariff-hikes-likely-to-elevate-inflation-shaktikanta-das/articleshow/72380553.cms,Das noted that timing of interest rate cut was important rather than mechanical cuts.
RBI Monetary Policy December 2019: Key takeaways,https://economictimes.indiatimes.comhttps://economictimes.indiatimes.com/news/economy/policy/rbi-monetary-policy-december-2019-key-takeaways/videoshow/72383317.cms,
"Monetary, fiscal authorities taking steps to moderate inflation, push growth: DEA Secretary Ajay Seth",https://economictimes.indiatimes.comhttps://economictimes.indiatimes.com/industry/csr/policy/monetary-fiscal-authorities-taking-steps-to-moderate-inflation-push-growth-dea-secretary-ajay-seth/articleshow/92079279.cms,"Department of Economic Affairs Secretary Ajay Seth said, ""There are domestic challenges and larger ones are there in the global scenario. Whatever it takes for monetary and fiscal authorities, those actions are being taken. We (are working) to moderate the inflation (and) at the same time keep the growth efforts as earlier."""
Debt mutual fund managers react to RBI’s status quo on rates,https://economictimes.indiatimes.comhttps://economictimes.indiatimes.com/mf/analysis/debt-mutual-fund-managers-react-to-rbis-status-quo-on-rates/articleshow/90723934.cms,"In line with market expectations, the RBI has maintained a status quo on policy rates and has also decided to maintain an accommodative stance on rates. Here’s what top debt fund managers had to say about the policy:"
Why Fed rate hike did not send rupee scurrying for cover this time,https://economictimes.indiatimes.comhttps://economictimes.indiatimes.com/markets/forex/why-fed-rate-hike-did-not-send-rupee-scurrying-for-cover-this-time/articleshow/90287554.cms,"When the country’s central bank boasts of $632 billion worth of FX reserves, speculating against the currency is fraught with risk."
RBI may raise policy rate tomorrow. Will debt funds be under pressure?,https://economictimes.indiatimes.comhttps://economictimes.indiatimes.com/mf/analysis/rbi-may-raise-policy-rate-tomorrow-will-debt-funds-be-under-pressure/articleshow/89444119.cms,"Money market participants believe that the Reserve Bank of India will raise policy rates. However, debt mutual fund managers do not have a unanimous view on the topic."
"Expect 150 bps cut in interest rates through the year: Jim Walker, Asianomics Group",https://economictimes.indiatimes.comhttps://economictimes.indiatimes.com/opinion/interviews/expect-150-bps-cut-in-interest-rates-through-the-year-jim-walker-asianomics-group/articleshow/46105278.cms,"There is plenty of scope to cut interest rates. Our view is that this year the RBI will do 150 bps of cuts, perhaps even slightly more than that."
"Not much leeway for RBI to cut rates substantially: Ajay Srinivasan, Aditya Birla Group",https://economictimes.indiatimes.comhttps://economictimes.indiatimes.com/opinion/interviews/not-much-leeway-for-rbi-to-cut-rates-substantially-ajay-srinivasan-aditya-birla-group/articleshow/12498333.cms,"Ajay Srinivasan, CEO, financial services Aditya Birla Group says the RBI does not have much leeway to ease monetary policy aggressively due to inflationary pressures."
"After Piyush Goyal, now RBI's gift to farmers",https://economictimes.indiatimes.comhttps://economictimes.indiatimes.com/news/economy/agriculture/after-piyush-goyal-now-rbis-gift-to-farmers/articleshow/67880481.cms,The central bank has enhanced the limit of collateral-free agriculture loans.
RBI to pump in Rs 1.2 lakh crore under GSAP 2.0 in September quarter,https://economictimes.indiatimes.comhttps://economictimes.indiatimes.com/markets/bonds/rbi-to-pump-in-rs-1-2-lakh-crore-under-gsap-2-0-in-september-quarter/articleshow/83226594.cms,"The central bank said it would also purchase bonds worth Rs 40,000 crore, including state development loans worth Rs 10,000 crore, under the ongoing GSAP 1.0 through an auction on June 17."
"After Market: Stocks in oversold zone, those which defied market",https://economictimes.indiatimes.comhttps://economictimes.indiatimes.com/markets/stocks/news/after-market-stocks-in-oversold-zone-those-which-defied-market/articleshow/66088599.cms,A plunging domestic currency and rising crude oil prices remained an overhang.
ETMarkets Morning Podcast: Why MF firm called for exiting Templeton funds,https://economictimes.indiatimes.comhttps://economictimes.indiatimes.com/markets/stocks/etmarkets-podcast/etmarkets-morning-podcast-why-mf-firm-called-for-exiting-templeton-funds/videoshow/81962641.cms,
RBI targets 5.2 per cent retail inflation for first half of FY22,https://economictimes.indiatimes.comhttps://economictimes.indiatimes.com/news/economy/indicators/rbi-targets-5-2-per-cent-retail-inflation-for-first-half-of-fy22/articleshow/81945664.cms,"While headline inflation at 5 per cent in Feb 2021 remains within the tolerance band, some underline constituents are testing the upper tolerance level. Going forward, the food inflation trajectory will critically depend on the temporal and special progress of southwest monsoon in the 2021 season, RBI Governor Shaktikanta Das said."
"Money Policy: RBI keeps repo rate unchanged at 4%, maintains accommodative stance",https://economictimes.indiatimes.comhttps://economictimes.indiatimes.com/markets/stocks/news/money-policy-rbi-keeps-repo-rate-unchanged-at-4-maintains-accommodative-stance/articleshow/79558964.cms,"RBI refrained from cutting policy rates in previous monetary policy meetings as well, citing discomfort over elevated inflation."
RBI decision-day guide: Assessing the extent of the slowdown,https://economictimes.indiatimes.comhttps://economictimes.indiatimes.com/markets/stocks/news/rbi-decision-day-guide-assessing-the-extent-of-the-slowdown/articleshow/60934652.cms,Cracks have emerged within Governor Urjit Patel’s six-member monetary policy committee.
"Latest News Live Updates: JEE-Mains results announced; 17 candidates score 100 percentile, says National Testing Agency",https://economictimes.indiatimes.comhttps://economictimes.indiatimes.com/news/newsblogs/rbi-monetary-policy-latest-news-mpc-meeting-shaktikanta-das-live-updates/liveblog/85088102.cms,"Result of the third session of the Joint Entrance Examination Main 2021 has been announced. In the third session, 17 students have scored the perfect 100 percentile, the National Testing Agency has said. Here are the other updates: Hopeful of launching Covovax vaccine, says Poonawala India, China disengage in Gogra in Eastern Ladakh after 12th round of talks ED summons mother of Mehbooba Mufti in money laundering case: Officials Future Retail says will exercise available remedies in law in Amazon dispute Lok Sabha passes the Taxation Laws (Amendment) Bill, 2021"
We shouldn't be too worried about inflation as people have started questioning the accuracy of numbers: KV Kamath,https://economictimes.indiatimes.comhttps://economictimes.indiatimes.com/markets/expert-view/we-should-be-too-worried-about-inflation-as-people-have-started-questioning-the-accuracy-of-numbers-kv-kamath/articleshow/98233023.cms,"""The problem started around a year ago when inflation was raising its head and then the vast disruption due to the European situation occurred. Unfortunately, this situation has not yet normalized, and recovery has not happened as expected, which is causing the problem to persist. This situation has resulted in the pain and inflation continuing."""
5 reasons why RBI didn't go for rate cut,https://economictimes.indiatimes.comhttps://economictimes.indiatimes.com/news/economy/policy/5-reasons-why-rbi-didnt-go-for-rate-cut/videoshow/72385651.cms,
"RBI money policy: Repo rate unchanged at 5.15%, stance remains accommodative",https://economictimes.indiatimes.comhttps://economictimes.indiatimes.com/markets/stocks/news/rbi-money-policy-repo-rate-unchanged-at-5-15-stance-remains-accommodative/videoshow/72379688.cms,
Full text of monetary policy statement: RBI explains why it cut FY20 growth estimate,https://economictimes.indiatimes.comhttps://economictimes.indiatimes.com/markets/stocks/news/full-text-of-monetary-policy-statement-rbi-explains-why-it-cut-fy20-growth-estimate/articleshow/70566807.cms,The MPC also decided to maintain the accommodative stance of monetary policy.
Slowing growth may lead RBI to cut rates by 25 bps,https://economictimes.indiatimes.comhttps://economictimes.indiatimes.com/markets/stocks/news/slowing-growth-may-lead-rbi-to-cut-rates-by-25-bps/articleshow/69626673.cms,Some respondents indicated informally that the cut in repo rate could be 15-35 basis points.
Expect 50 bps cut in rates by end of 2015: Care Ratings,https://economictimes.indiatimes.comhttps://economictimes.indiatimes.com/et-now/experts/expect-50-bps-cut-in-rates-by-end-of-2015-care-ratings/videoshow/46822420.cms,
RBI holds rates; What should debt mutual fund investors do?,https://economictimes.indiatimes.comhttps://economictimes.indiatimes.com/mf/analysis/rbi-holds-rates-what-should-debt-mutual-fund-investors-do/articleshow/77387396.cms,The Reserve Bank of India held its policy rate in its monetary policy review held today in line with market expectations.
We could get a sneak peek of one-time restructuring for banks: Lakshmi Iyer,https://economictimes.indiatimes.comhttps://economictimes.indiatimes.com/markets/expert-view/we-could-get-a-sneak-peek-of-one-time-restructuring-for-banks-lakshmi-iyer/articleshow/77385616.cms,It is going to be a tightrope walk. So there is no one answer to this.
RBI's 'reckless' delay on policy panel holds back recovery,https://economictimes.indiatimes.comhttps://economictimes.indiatimes.com/markets/stocks/news/rbis-reckless-delay-on-policy-panel-holds-back-recovery/articleshow/78390311.cms,"The Reserve Bank of India deferred its three-day interest-rate meeting due to start Tuesday, without giving any reasons or a new date for its policy decision."
"Selectivity is key as markets enter narrow, range-bound phase: Dipan Mehta",https://economictimes.indiatimes.comhttps://economictimes.indiatimes.com/markets/expert-view/selectivity-is-key-as-markets-enter-narrow-range-bound-phase-dipan-mehta/articleshow/121770317.cms,"Dipan Mehta suggests that the market's consolidation follows the RBI's positive policy move, anticipating improved corporate earnings due to lower tax rates and a potentially better monsoon. The market's future hinges on the outcome of the US-China trade talks and potential tariffs. Mehta emphasizes a shift towards selective stock picking as market movements become more narrow."
"RBI expected to hold policy rate, but surprise cut possible",https://economictimes.indiatimes.comhttps://economictimes.indiatimes.com/news/economy/indicators/rbi-expected-to-hold-policy-rate-but-surprise-cut-possible/articleshow/124204150.cms,"The Reserve Bank of India is widely expected to hold its key policy rate at 5.50% this Wednesday. However, some economists anticipate a surprise rate cut, citing downside risks to economic growth from U.S. trade tariffs and persistently subdued inflation. This potential ""insurance"" cut aims to cushion against external shocks, despite India's stronger-than-expected Q2 growth."
Tech View: Nifty bulls take a breather ahead of RBI policy. What traders should do on Friday,https://economictimes.indiatimes.comhttps://economictimes.indiatimes.com/markets/stocks/news/tech-view-nifty-bulls-take-a-breather-ahead-of-rbi-policy-what-traders-should-do-on-friday/articleshow/105815979.cms,"“If today’s uninspiring session is any indication, then Nifty will waver and trade choppy in tomorrow's session, with the biggest hurdle now seen at the psychological level of 21,000, while the biggest support is placed at the 19,521 mark,” says Prashanth Tapse, senior VP - research, Mehta Equities."
"Repo rate, GDP & inflation: 10 key takeaways from RBI policy that flags keeping Arjuna's eye is not enough",https://economictimes.indiatimes.comhttps://economictimes.indiatimes.com/news/economy/indicators/repo-rate-gdp-inflation-10-key-takeaways-from-rbi-policy-that-flags-keeping-arjunas-eye-is-not-enough/articleshow/102596492.cms,"Reserve Bank of India (RBI) Governor Shaktikanta Das announced that the MPC decided unanimously to keep repo rates unchanged. However, India's inflation forecast has been increased from the previous forecast, even as GDP projections remained unchanged. Here is a look at other important MPC announcements, including further filip to UPI ecosystem."
"Market closes lower for 7th straight session; Nifty ends near 16,800 ahead of RBI policy",https://economictimes.indiatimes.comhttps://economictimes.indiatimes.com/markets/stocks/news/market-closes-lower-for-7th-straight-session-nifty-ends-near-16800-ahead-of-rbi-policy/articleshow/94532697.cms,"The 30-share Sensex declined 188 points to end at 56,410. Its broader peer, Nifty50, ended at 16,818, down 40 points."
"Sensex rangebound, Nifty50 tests 7,950 post RBI policy review; Amtek Auto up 4%",https://economictimes.indiatimes.comhttps://economictimes.indiatimes.com/markets/stocks/news/sensex-rangebound-nifty50-tests-7950-post-rbi-policy-review-amtek-auto-up-4/articleshow/49991504.cms,"Sensex pared some of its gains after rallying 100 points in trade on Tuesday, after the RBI maintained status quo on policy rates."
10-year bond yield hits 3-year high as fuel prices shoot up; RBI policy eyed,https://economictimes.indiatimes.comhttps://economictimes.indiatimes.com/markets/bonds/10-year-bond-yield-hits-3-year-high-as-fuel-prices-shoot-up-rbi-policy-eyed/articleshow/92030096.cms,"Bond yields and prices move inversely. A rise in yields, therefore, brings with it the risk of marked-to-market losses on bond portfolios and eats into banks’ profitability."
Sensex pares losses after taking over 150-pt hit after RBI policy: 10 stocks in focus,https://economictimes.indiatimes.comhttps://economictimes.indiatimes.com/markets/stocks/news/sensex-pares-losses-after-taking-over-150-pt-hit-after-rbi-policy-10-stocks-in-focus/articleshow/45343811.cms,The S&P BSE Sensex slipped over 150 points after the RBI maintained a status quo in its policy meet today.
"Market now: ICICI Bank up 2%, YES Bank down 1% ahead of RBI policy meeting outcome",https://economictimes.indiatimes.comhttps://economictimes.indiatimes.com/markets/stocks/news/market-now-icici-bank-up-2-yes-bank-down-1-ahead-of-rbi-policy-meeting-outcome/articleshow/59030446.cms,"Benchmark NSE Nifty50 index was up 28.95 points at 9,666.Among the 51 stocks in Nifty index, 32 were trading in green, while 19 were in red."
"Rates steady, gold LTV ratio raised, MSME debt restructuring extended: Analysing the key RBI policy announcements",https://economictimes.indiatimes.comhttps://economictimes.indiatimes.com/news/economy/policy/rates-steady-gold-ltv-ratio-raised-msme-debt-restructuring-extended-analysing-the-key-rbi-policy-announcements/videoshow/77397126.cms,
"ETMarkets Evening Podcast: Money, Markets and everything else that matters to your wealth creation",https://economictimes.indiatimes.comhttps://economictimes.indiatimes.com/markets/stocks/news/listen-now-money-markets-and-everything-else-that-matters-to-your-wealth-creation/articleshow/57020122.cms,The nervousness ahead of the crucial Reserve Bank of India's policy outcome was quite evident. Traders preferred to stay on sidelines on Tuesday.
Super hawkish Fed may drive USDINR higher; RBI may go for 50-bps rate hike,https://economictimes.indiatimes.comhttps://economictimes.indiatimes.com/markets/forex/super-hawkish-fed-may-drive-usdinr-higher-rbi-may-go-for-50-bps-rate-hike/articleshow/94413886.cms,"USDINR has crossed above 81 in the spot market, a fresh all-time high. The up move in the USDINR pair was basically a result of a couple of things -- a) the escalation in the geopolitical instability after Putin’s speech and b) the US FED opting for a very hawkish 75-bps hike."
RBI may go for further rate hike this fiscal: Economists,https://economictimes.indiatimes.comhttps://economictimes.indiatimes.com/news/economy/indicators/rbi-may-go-for-further-rate-hike-this-fiscal-economists/articleshow/6243660.cms,"RBI may go for further tightening of interest rates during this fiscal as part of efforts to tame inflation, experts say. Track global trends while picking stocks | Q1 results"
RBI may go for further rate hike this fiscal: Economists,https://economictimes.indiatimes.comhttps://economictimes.indiatimes.com/news/economy/finance/rbi-may-go-for-further-rate-hike-this-fiscal-economists/articleshow/6243656.cms,"The Reserve Bank may go for further tightening of interest rates during this fiscal as part of efforts to tame inflationary pressures, experts believe."
Rate hikes not only solution to tackle food inflation: Nipun Mehta,https://economictimes.indiatimes.comhttps://economictimes.indiatimes.com/opinion/interviews/rate-hikes-not-only-solution-to-tackle-food-inflation-nipun-mehta/articleshow/27536485.cms,"""There is not too much expectation of 50 bps rate hike, but if that happens, it would be negative for sectors which are capital-intensive."""
RBI's new base rate norms to hit bank profitability: Crisil,https://economictimes.indiatimes.comhttps://economictimes.indiatimes.com/news/economy/finance/rbis-new-base-rate-norms-to-hit-bank-profitability-crisil/articleshow/48790375.cms,"The guidelines, released late Tuesday, require banks to follow the 'marginal cost of funds' method for base rate computation from April 1, 2016."
"Traders carry fewer Nifty futures into December series amid poll, rate uncertainties",https://economictimes.indiatimes.comhttps://economictimes.indiatimes.com/markets/stocks/news/traders-carry-fewer-nifty-futures-into-december-series-amid-poll-rate-uncertainties/articleshow/61873151.cms,"Options data show Nifty has major support at 10,000 & faces resistance at 10,500."
"Expect a 25 bps rate cut from RBI's June 19 policy: NS Venkatesh, IDBI Bank",https://economictimes.indiatimes.comhttps://economictimes.indiatimes.com/opinion/interviews/expect-a-25-bps-rate-cut-from-rbis-june-19-policy-ns-venkatesh-idbi-bank/articleshow/20443709.cms,A 25 bps cut can be expected from the June 19th policy because GDP growth has come down to around 4.8% and inflation has started showing signs of lower trajectory.
Ahead of Market: 10 things that will decide stock market action on Wednesday,https://economictimes.indiatimes.comhttps://economictimes.indiatimes.com/markets/stocks/news/ahead-of-market-10-things-that-will-decide-stock-market-action-on-wednesday/articleshow/120100774.cms,"Indian equity markets rebounded on Tuesday with the Sensex rising 1,089.18 points and the Nifty gaining 374.25 points, buoyed by bargain buying, positive global cues, and easing trade tensions. Analysts await the RBI policy decision amid currency concerns."
"Buy bank stocks at lower levels & hold for 6-9 months: Jyotivardhan Jaipuria, BofA-ML",https://economictimes.indiatimes.comhttps://economictimes.indiatimes.com/markets/stocks/recos/buy-bank-stocks-at-lower-levels-hold-for-6-9-months-jyotivardhan-jaipuria-bofa-ml/articleshow/23348912.cms,"We will see these stocks being very volatile, but you have to buy these stocks at lower levels and then hold them for the next six-nine months, says Jaipuria."
SKS Microfinance rallies for second straight day as RBI raises borrowing limits,https://economictimes.indiatimes.comhttps://economictimes.indiatimes.com/markets/stocks/news/sks-microfinance-rallies-for-second-straight-day-as-rbi-raises-borrowing-limits/articleshow/46845920.cms,SKS Microfinance Ltd continued its rally for second straight day and gained as much as 2.15 per cent in intraday trade on Wednesday.
Rupee down 7 paise against dollar ahead of RBI monetary policy review,https://economictimes.indiatimes.comhttps://economictimes.indiatimes.com/markets/forex/rupee-down-7-paise-against-dollar-ahead-of-rbi-monetary-policy-review/articleshow/35983425.cms,"Forex dealers said besides dollar's gains against other currencies overseas, increased demand for the American currency from importers put pressure on the rupee."
"ETMarkets After Hours: Nifty Bank slips; realty, media stocks get a high",https://economictimes.indiatimes.comhttps://economictimes.indiatimes.com/markets/stocks/news/etmarkets-after-hours-nifty-bank-slips-realty-media-stocks-get-a-high/articleshow/62821268.cms,Market breadth remained in favour of bulls with the advance-decline ratio at 3:1.
Global tide lifts Indian stocks,https://economictimes.indiatimes.comhttps://economictimes.indiatimes.com/markets/stocks/news/global-tide-lifts-indian-stocks/articleshow/66874872.cms,The benchmark bond yield fell 3 basis points to 7.61 per cent on Thursday.
ICRA flags rising risks in unsecured securitised pools; collections of microfinance dropped to 90% in Q3 FY25,https://economictimes.indiatimes.comhttps://economictimes.indiatimes.com/industry/banking/finance/icra-flags-rising-risks-in-unsecured-securitised-pools-collections-of-microfinance-dropped-to-90-in-q3-fy25/articleshow/118973109.cms,"The collection efficiency for unsecured asset classes like microfinance, personal loans, and unsecured SME loans has seen a decline in recent months due to economic slowdown and borrower overleveraging. In contrast, secured asset classes have maintained healthy performance. The recent RBI repo rate cut could ease cash flow burdens and support better collection efficiencies, especially for vehicle loan pools."
"Why stock market rose today: Sensex soars 1,090 pts; Nifty above 22,500; 5 key factors behind surge",https://economictimes.indiatimes.comhttps://economictimes.indiatimes.com/markets/stocks/news/why-stock-market-is-rising-today-sensex-jumps-over-700-pts-nifty-above-22350-5-key-factors-behind-todays-surge/articleshow/120084320.cms,"Indian equities rebounded strongly, with the Nifty 50 surging 1.69% and the Sensex rising 1.49%, fueled by bargain hunting and positive global cues. Market sentiment was boosted by hopes of U.S. tariff negotiations, anticipation of an RBI rate cut, and a drop in crude oil prices. A weaker dollar and falling U.S. bond yields further supported the rally."
India bonds edge down in thin trade before debt sale,https://economictimes.indiatimes.comhttps://economictimes.indiatimes.com/markets/bonds/india-bonds-edge-down-in-thin-trade-before-debt-sale/articleshow/123180472.cms,Indian government bonds experienced a dip in early trading on Friday. Investors are cautious before the weekly debt sale. This sale will test demand after a disappointing central bank policy decision. The Reserve Bank of India's decision to hold rates impacted investor appetite. Market participants await next quarter's GDP data for policy easing cues.
Smallcaps that can give sharp returns in near term,https://economictimes.indiatimes.comhttps://economictimes.indiatimes.com/markets/stocks/news/smallcaps-that-can-give-sharp-returns-in-near-term/articleshow/27679087.cms,"BSE was on a firm footing, led by gains in oil & gas, realty, banks and power stocks as tensions tapered after the RBI policy review and US Fed meet."
"Stock market update: Private bank stocks mixed; ICICI Bank up, but HDFC Bank down",https://economictimes.indiatimes.comhttps://economictimes.indiatimes.com/markets/stocks/news/stock-market-update-private-bank-stocks-mixed-icici-bank-up-but-hdfc-bank-down/articleshow/65193420.cms,Equity benchmarks erased early gains and turned flat ahead of RBI policy meet beginning today.
RBI Monetary Policy Highlights: RBI hikes repo rate by 50 bps; retains GDP forecast,https://economictimes.indiatimes.comhttps://economictimes.indiatimes.com/news/newsblogs/rbi-mpc-meeting-live-news-shaktikanta-das-latest-updates-08-june-2022/liveblog/92069850.cms,"RBI Hikes Repo Rate Highlights: The MPC unanimously voted to increase the policy repo rate by 50 basis points to 4.90% and keep policy stance ‘withdrawal of accommodation’. Real GDP forecast for FY23 has been retained at 7.2%. After May’s surprise 40 basis-point off-cycle hike, Shaktikanta Das and co were widely expected to hike the rates again in this monetary policy meet. Here are the highlights Policy repo rate hiked by 50 basis points to 4.90% Policy stance to remain ‘withdrawal of accommodation’ Real GDP forecast for FY23 retained at 7.2% RBI revises inflation projection for FY23 to 6.7% from 5.7% earlier Additional measures announced for cooperative banks Credit cards, starting with RuPay credit cards, can now be linked to UPI E-mandate on cards for recurring payments, limit upped from Rs 5,000 to Rs 15,000 per transaction"
Monetary policy: RBI leaves inflation projection for FY24 unchanged at 5.4% amid food price concerns,https://economictimes.indiatimes.comhttps://economictimes.indiatimes.com/news/economy/indicators/rbi-monetary-policy-committee-live-updates-monetary-policy-rbi-leaves-inflation-projection-for-fy24-unchanged-at-5-4-amid-food-price-concerns/articleshow/105826925.cms,"RBI Monetary Policy Committee: The Reserve Bank of India left the inflation aim unchanged at 5.4%. In the August policy, the RBI had raised its FY24 inflation forecast to 5.4% from 5.1%."
NSE to launch six- year govt bond futures from Dec 30,https://economictimes.indiatimes.comhttps://economictimes.indiatimes.com/markets/bonds/nse-to-launch-six-year-govt-bond-futures-from-dec-30/articleshow/56136929.cms,"The IRF contract is based on 6.84 per cent central government security maturing on December 19, 2022, will be made available for trading from December 30, this year, NSE said in a circular."
Call rates range-bound at 6-6.10%,https://economictimes.indiatimes.comhttps://economictimes.indiatimes.com/markets/bonds/call-rates-range-bound-at-6-6-10/articleshow/1808982.cms,"Call rates moved in a range of 6-6.10%, on account of a 25 basis point hike announced by the Reserve Bank of India in the repo and reverse repo rates."
Call rates remain range-bound,https://economictimes.indiatimes.comhttps://economictimes.indiatimes.com/markets/bonds/call-rates-remain-range-bound/articleshow/1947141.cms,Rates on the inter-bank call market ended the day in a range of 9.00-9.50%.
Subvention: Do you know what it means?,https://economictimes.indiatimes.comhttps://economictimes.indiatimes.com/news/budget-faqs/subvention/articleshow/62495342.cms,"Subvention literally means grant of money by the govt. The government offers subvention mostly on home, crop and education loans."
"Avoid ADAG stocks: Sudip Bandyopadhyay, Destimoney Securities",https://economictimes.indiatimes.comhttps://economictimes.indiatimes.com/markets/stocks/recos/avoid-adag-stocks-sudip-bandyopadhyay-destimoney-securities/articleshow/19090615.cms,"ADAG is a high beta bunch of stocks and in this kind of market, it will be under pressure."
"Markets should be relieved as there are no surprises in credit policy: Mythili Bhusnurmath, ET Now",https://economictimes.indiatimes.comhttps://economictimes.indiatimes.com/opinion/interviews/markets-should-be-relieved-as-there-are-no-surprises-in-credit-policy-mythili-bhusnurmath-et-now/articleshow/43879055.cms,"""It really does not make much difference whether banks lend to the government or lend to the corporate sector. So, SLR reduction does not change things."""
Nifty towers over global peers despite recent fall,https://economictimes.indiatimes.comhttps://economictimes.indiatimes.com/markets/stocks/news/nifty-towers-over-global-peers-despite-recent-fall/articleshow/89417554.cms,"The index is trading at 23.27 times one-year forward PE, the most expensive among the top 20 markets. Other key markets, including the UK, Japan, Korea, Singapore, Germany, China, France, Brazil, and Russia, are trading at a discount."
Bank Nifty likely to outperform Nifty: Sandeep Wagle,https://economictimes.indiatimes.comhttps://economictimes.indiatimes.com/markets/stocks/recos/bank-nifty-likely-to-outperform-nifty-sandeep-wagle/articleshow/45335528.cms,"I would talk of 19,000 levels being tested in the Bank Nifty. Maybe in the second half, there can be some choppiness."
Oberoi Realty Q3 profit up 7% at Rs 148 crore,https://economictimes.indiatimes.comhttps://economictimes.indiatimes.com/markets/stocks/earnings/oberoi-realty-q3-profit-up-7-at-rs-148-crore/articleshow/74025833.cms,"Total income, however, fell to Rs 536.53 crore in the third quarter of 2019-20."
Central Bank of India slashes lending rates,https://economictimes.indiatimes.comhttps://economictimes.indiatimes.com/industry/banking/finance/banking/central-bank-of-india-slashes-lending-rates/articleshow/3960704.cms,State-owned Central Bank of India on Saturday cut its lending rates by 0.75 per cent effective from Monday.
"Limited room left for further upside, says P Phani Sekhar, Karvy Stock Broking",https://economictimes.indiatimes.comhttps://economictimes.indiatimes.com/markets/stocks/recos/limited-room-left-for-further-upside-says-p-phani-sekhar-karvy-stock-broking/articleshow/46836836.cms,"The market will sulk further until it settles down and probably find new reasons to cheer, says Sekhar in an interview to ET Now."
Indian bonds weaken on supply woes ahead of federal budget,https://economictimes.indiatimes.comhttps://economictimes.indiatimes.com/markets/bonds/indian-bonds-weaken-on-supply-woes-ahead-of-federal-budget/articleshow/127792102.cms,"Indian sovereign bonds weakened Friday due to supply concerns ahead of the final debt sale before the federal budget and rising U.S. Treasury yields. Investors await the budget's borrowing figures and the Reserve Bank of India's policy decision next week, with the 10-year yield hovering around 6.71%."
5 deeper stress signals for Nifty investors even as RBI cuts rates on 'Goldilocks' phase,https://economictimes.indiatimes.comhttps://economictimes.indiatimes.com/markets/stocks/news/5-deeper-stress-signals-for-nifty-investors-even-as-rbi-cuts-rates-on-goldilocks-phase/articleshow/125784730.cms,"The RBI’s 25 bps rate cut and aggressive liquidity infusion signal rising stress beneath India’s “Goldilocks” growth narrative. Despite record-high GDP prints, weak nominal growth, a sliding rupee, persistent FII outflows and narrow market breadth reveal deeper cracks that Nifty investors must track even as policy support strengthens."
Watch: ET Headlines @ 4 PM,https://economictimes.indiatimes.comhttps://economictimes.indiatimes.com/et-now/daily/watch-et-headlines-4-pm/videoshow/56954031.cms,
"RBI maintains status quo on rates: What should home loan, auto loan, personal loan borrowers do now?",https://economictimes.indiatimes.comhttps://economictimes.indiatimes.com/wealth/personal-finance-news/rbi-maintains-status-quo-on-rates-what-should-home-loan-auto-loan-personal-loan-borrowers-do-now/articleshow/88157467.cms,"Though the time to avail festive season loan offers may be over, certain banks are still offering low interest rates on home loans. Currently, interest rates on home loans are starting from as low as 6.40%."
"RBI likely to keep key policy rate unchanged, say experts",https://economictimes.indiatimes.comhttps://economictimes.indiatimes.com/markets/bonds/rbi-likely-to-keep-key-policy-rate-unchanged-say-experts/articleshow/88106429.cms,"The Reserve Bank Governor-headed Monetary Policy Committee (MPC) is scheduled to meet during December 6-8, 2021. The decision of the rate setting panel would be announced on Wednesday (December 8). The central bank had kept the benchmark policy rate unchanged in October."
"From RBI rate decision to US CPI data, key triggers to watch out for next week",https://economictimes.indiatimes.comhttps://economictimes.indiatimes.com/markets/stocks/news/from-rbi-rate-decision-to-us-cpi-data-key-triggers-to-watch-out-for-next-week/videoshow/102450300.cms,
"Don't expect RBI to cut rates, status quo may be maintained: SBI Chairman",https://economictimes.indiatimes.comhttps://economictimes.indiatimes.com/news/economy/policy/rbi-likely-to-maintain-status-quo-in-upcoming-monetary-policy-sbi-chairman/articleshow/101925100.cms,"State Bank of India (SBI) Chairman Dinesh Khara on Wednesday said the Reserve Bank of India is likely to maintain status quo in the upcoming monetary policy. The next meeting of the Monetary Policy Committee of the Reserve Bank of India is scheduled to be held on August 8-10, 2023."
"RBI expected to deliver 3rd consecutive rate cut of 25 bps on Friday, say experts",https://economictimes.indiatimes.comhttps://economictimes.indiatimes.com/news/economy/policy/rbi-expected-to-deliver-3rd-consecutive-rate-cut-of-25-bps-on-friday-say-experts/articleshow/121548759.cms,"The Reserve Bank of India (RBI) is anticipated to cut the repo rate by 25 basis points for the third consecutive time, aiming to stimulate growth amid global economic uncertainties. With inflation remaining below the 4% target, the Monetary Policy Committee (MPC) is expected to ease monetary policy."
RBI MPC minutes indicate dichotomy: SBI Ecowrap report,https://economictimes.indiatimes.comhttps://economictimes.indiatimes.com/news/economy/indicators/mpc-minutes-indicate-dichotomy-sbi-ecowrap-report/articleshow/114538389.cms,"The SBI Ecowrap report on MPC meetings highlights divergent views among committee members on policy rates, with debate on inflation control versus economic flexibility. A proposed amendment seeks to shorten the release timeline for meeting minutes from 14 to 7 days for timely communication."
RBI’s repo rate hike likely to hit real estate sector’s growth momentum,https://economictimes.indiatimes.comhttps://economictimes.indiatimes.com/news/economy/policy/rbis-repo-rate-hike-likely-to-hit-real-estate-sectors-growth-momentum/articleshow/94550951.cms,The cumulative hike in repo rate in the last five months now stands at 190 basis points and housing loan rates have already been moved upward by lenders after the first two hikes in May and June.
What’s cooking at rate-setting review: Expect RBI to be more accommodative,https://economictimes.indiatimes.comhttps://economictimes.indiatimes.com/markets/stocks/news/rbis-tone-may-get-more-accommodative-as-second-wave-burdens-economy/articleshow/81936763.cms,"Post the Monetary Policy Committee’s February meeting, the debate among economists was whether or not it’s time for the central bank to start guiding the market about its intention to eventually roll back the extraordinarily loose policy steps taken in the middle of the pandemic in 2020."
RBI governor on monetary policy,https://economictimes.indiatimes.comhttps://economictimes.indiatimes.com/news/web-stories/rbi-governor-on-monetary-policy/slideshow/92082300.cms,
RBI Repo rate hike decoded: How will it affect equity investors?,https://economictimes.indiatimes.comhttps://economictimes.indiatimes.com/news/economy/policy/rbi-repo-rate-hike-decoded-how-will-it-affect-equity-investors/videoshow/92083891.cms,
RBI likely to keep key policy rates unchanged in its first MPC meet after Budget 2022–23,https://economictimes.indiatimes.comhttps://economictimes.indiatimes.com/news/economy/policy/rbi-likely-to-keep-key-policy-rates-unchanged-in-its-first-mpc-meet-after-budget-202223/videoshow/89457125.cms,
"ETMarkets Morning Podcast: RBI asks banks to pass on rate cut, Trump expects trade deal in 4 weeks & more",https://economictimes.indiatimes.comhttps://economictimes.indiatimes.com/markets/stocks/etmarkets-podcast/etmarkets-morning-podcast-rbi-asks-banks-to-pass-on-rate-cut-trump-expects-china-trade-deal-in-4-weeks-more/videoshow/68733081.cms,
10 takeaways from RBI’s first bi-monthly policy of FY20,https://economictimes.indiatimes.comhttps://economictimes.indiatimes.com/markets/stocks/news/10-takeaways-from-rbis-first-bi-monthly-policy-of-fy20/articleshow/68719898.cms,RBI said there were some signs of weakening investment activity as reflected in a slowdown in production of capital goods.
"RBI's rate cut to cushion economy amidst global turmoil, says India Inc",https://economictimes.indiatimes.comhttps://economictimes.indiatimes.com/news/economy/policy/rbis-rate-cut-to-cushion-economy-amidst-global-turmoil-says-india-inc/articleshow/120122318.cms,"The RBI’s second consecutive rate cut to 6% aims to shield India’s economy from global shocks triggered by US tariffs, industry bodies said. CII called the move timely and prudent, adding the accommodative stance and easing cycle reflect concerns over slowing global growth and a mild domestic inflation outlook."
RBI to remain 'agile & proactive' in policy action amid evolving global situation: Guv Malhotra,https://economictimes.indiatimes.comhttps://economictimes.indiatimes.com/news/economy/policy/rbi-to-remain-agile-proactive-in-policy-action-amid-evolving-global-situation-guv-malhotra/articleshow/120428845.cms,"Reserve Bank Governor Sanjay Malhotra emphasized the central bank's commitment to monitoring the global economic situation and proactively adjusting policies. While acknowledging India's economic resilience, he cautioned against global uncertainties impacting inflation and growth. He highlighted the stability of Indian financial markets, government borrowing costs reduction, and concerns about forex pricing transparency and unauthorized trading platforms."
RBI set to hike rates despite Japan crisis,https://economictimes.indiatimes.comhttps://economictimes.indiatimes.com/news/economy/policy/rbi-set-to-hike-rates-despite-japan-crisis/articleshow/7724729.cms,Events in Japan are expected to weigh on the mind of Reserve Bank of India governor D Subbarao while charting the course of action in his mid-term policy review on Thursday.
"News Updates: Japanese PM plans to visit India, Philippines to discuss regional security",https://economictimes.indiatimes.comhttps://economictimes.indiatimes.com/news/newsblogs/latest-daily-news-and-updates-april-7/liveblog/81942593.cms,Japanese Prime Minister Yoshihide Suga plans to visit India and the Philippines later this month to discuss regional security to bolster a free and open Indo-Pacific region amid China's growing aggression in the South and East China seas.
"Days of record low rates numbered, but RBI's liftoff still sometime away",https://economictimes.indiatimes.comhttps://economictimes.indiatimes.com/markets/stocks/news/days-of-record-low-rates-numbered-but-rbis-liftoff-still-sometime-away/articleshow/85168753.cms,"Das’ and the current MPC’s tenure has been bogged down by one crisis after another. In February 2019, when Das took over the reins, India was slumping ever so deep into an economic abyss. And just when signs emerged of a recovery, it was plunged into the darkness by the Covid-19 pandemic and national lockdown last year."
RBI says GDP growth estimates at risk: Key takeaways from money policy,https://economictimes.indiatimes.comhttps://economictimes.indiatimes.com/markets/stocks/news/rbi-says-gdp-growth-estimates-at-risk-other-top-takeaways-from-policy-statement/articleshow/74842684.cms,"MPC will continue with the accommodative stance as long as it is necessary, says RBI."
Digital transaction failed? Now you can complain to ombudsman,https://economictimes.indiatimes.comhttps://economictimes.indiatimes.com/industry/banking/finance/banking/digital-transaction-failed-now-you-can-complain-to-ombudsman/articleshow/66952078.cms,The RBI has announced setting up of ombudsman to look into the issue of failed digital transactions.
"Sensex falls 250 points, Nifty below 10,800",https://economictimes.indiatimes.comhttps://economictimes.indiatimes.com/markets/stocks/news/sensex-falls-250-points-nifty-below-10800/videoshow/66954312.cms,
"Status quo! Yet, RBI delivered more than a rate cut, and how!",https://economictimes.indiatimes.comhttps://economictimes.indiatimes.com/markets/stocks/news/status-quo-yet-rbi-delivered-more-than-a-rate-cut-and-how/articleshow/78575556.cms,"Though the rates were kept unchanged, RBI Governor announced various other measures to improve credit growth in the economy, and to deal with the risk aversion among banks."
RBI cuts repo rate by 25 basis points: Here's what experts say,https://economictimes.indiatimes.comhttps://economictimes.indiatimes.com/markets/stocks/news/rbi-cuts-repo-rate-by-25-basis-points-heres-what-experts-say/articleshow/59880505.cms,25 bps rate cut by itself will not result in a large fall in interest expenses for the businesses.
"Invest in dynamic bond funds, say fund managers after RBI rate cut",https://economictimes.indiatimes.comhttps://economictimes.indiatimes.com/mf/analysis/invest-in-dynamic-bond-funds-say-fund-managers-after-rbi-rate-cut/articleshow/59879643.cms,The banking regulator cut repo rate by 25 basis points to 6 per cent. This is the first rate cut after the banking regulator changed its monetary stance from accommodative to neutral in February.
"Another rate cut from RBI, or could it get more creative?",https://economictimes.indiatimes.comhttps://economictimes.indiatimes.com/markets/stocks/news/another-rate-cut-from-rbi-or-could-it-get-more-creative/articleshow/77333702.cms,One of the key reasons why this is likely to get debated is the recent CPI data (consumer inflation).
"Home, auto loans set to get costlier as RBI hikes key rates",https://economictimes.indiatimes.comhttps://economictimes.indiatimes.com/wealth/personal-finance-news/home-auto-loans-set-to-get-costlier-as-rbi-hikes-key-rates/articleshow/7733437.cms,"Home loans, auto loans and loans to businesses are set to get expensive with the Reserve Bank of India increasing its key policy rates by 25 basis points on Thursday."
"How will RBI’s money policy impact bond mart, borrowers, home budget",https://economictimes.indiatimes.comhttps://economictimes.indiatimes.com/markets/stocks/news/how-will-rbis-money-policy-impact-bond-mart-borrowers-home-budget/articleshow/83228612.cms,"While the central bank did not change its repo rate, it did make certain changes to its forecasts, announced more relief measures for hard-hit citizens and businesses and provided hope for the future beyond the second wave."
Fag-end buying helps Sensex rebound 550 pts from day’s low to end 149 pts higher; eye on RBI policy decision,https://economictimes.indiatimes.comhttps://economictimes.indiatimes.com/markets/stocks/news/sensex-rebounds-550-pts-from-days-low-to-end-149-pts-higher-ahead-of-rbi-policy-decision/articleshow/102572199.cms,"From the Sensex pack, JSW Steel, Tata Motors, and M&M were the top gainers, rising 2-3%. Adani Wilmar shares closed 4% lower, following the report that Gautam Adani is considering selling stake in the firm"
GIFT Nifty up 40 points; here's the trading setup for today's session,https://economictimes.indiatimes.comhttps://economictimes.indiatimes.com/markets/stocks/news/pre-market-action-heres-the-trade-setup-for-todays-session/articleshow/116016449.cms,"In the short term, the trend is likely to remain positive as long as it stays above 24,300. Traders may adopt a buy-on-dips strategy in the current market. On the higher side, the index could move towards 25,000 in the near term."
"RBI MPC: Rupee sees marginal gains against dollar, likely to trade in narrow range, say experts",https://economictimes.indiatimes.comhttps://economictimes.indiatimes.com/markets/forex/rbi-mpc-rupee-sees-marginal-gains-against-dollar-likely-to-trade-in-narrow-range-say-experts/articleshow/109056595.cms,"The rupee was little changed at the opening time on Friday amid expectations that the country's central bank will intervene, which countered weak risk appetite, a stronger US dollar and rising oil prices."
ICICI Bank hikes home loan interest rates; this is how much your EMIs will increase,https://economictimes.indiatimes.comhttps://economictimes.indiatimes.com/wealth/borrow/icici-bank-hikes-home-loan-interest-rates-this-is-how-much-your-emis-will-increase/articleshow/93385792.cms,"ICICI hiked the ICICI Bank External Benchmark Lending Rate (I-EBLR) to 9.10% p.a.p.m. effective from August 5, 2022. The announcement was made just a few hours after the Reserve Bank of India (RBI) hiked the key policy rates by 50 basis points. A hike in lending rate will lead to a hike in your EMI outgo as well."
"ICICI Bank, Bank of Baroda hike interest rates of repo rate linked home loans; EMIs to go up",https://economictimes.indiatimes.comhttps://economictimes.indiatimes.com/wealth/borrow/icici-bank-bank-of-baroda-hikes-interest-rates-of-repo-rate-linked-home-loans-emis-to-go-up/articleshow/91336989.cms,The governor of the Reserve Bank of India (RBI) announced a surprise 40 basis point (bps) increase in key policy rates on Wednesday. ICICI Bank and Bank of Baroda are among the banks that have raised their external benchmark linked loan interest rates.
"ICICI Bank, PNB revise home loan, other loan interest rates",https://economictimes.indiatimes.comhttps://economictimes.indiatimes.com/wealth/borrow/icici-bank-pnb-revise-home-loan-other-loan-interest-rates/articleshow/97511270.cms,"ICICI Bank and Punjab National bank have revised their marginal cost-based lending rate (MCLR) across all tenures. The higher interest rates are effective from February 1, 2023."
RBI unlikely to change interest rates on September 30: S Krishnakumar,https://economictimes.indiatimes.comhttps://economictimes.indiatimes.com/opinion/interviews/rbi-unlikely-to-change-interest-rates-on-september-30-s-krishnakumar/articleshow/43615126.cms,"""The food inflation is something that RBI would be keenly watching out for and the trajectory would determine rate action."""
Twelve stocks in focus in Tuesday morning trade,https://economictimes.indiatimes.comhttps://economictimes.indiatimes.com/markets/stocks/news/twelve-stocks-in-focus-in-tuesday-morning-trade/articleshow/39662466.cms,Indian markets are expected to trade in a range. Here is a list of twelve stocks which are likely to be in focus today.
Rupee best performer among emerging markets on currency stability hopes,https://economictimes.indiatimes.comhttps://economictimes.indiatimes.com/markets/forex/rupee-best-performer-among-emerging-markets-on-currency-stability-hopes/articleshow/29576222.cms,Rupee could be an out performer among EMs as global investors’ carry trade could get a boost amid expectations of a stable currency.
RBI MPC meeting time: When it will be live streamed and how to catch the Governor Sanjay Malhotra’s key decisions,https://economictimes.indiatimes.comhttps://economictimes.indiatimes.com/news/new-updates/rbi-mpc-meeting-time-when-it-will-be-live-streamed-and-how-to-catch-the-governor-sanjay-malhotras-key-decisions/articleshow/127966670.cms,"RBI MPC meeting time: The Reserve Bank of India's Monetary Policy Committee will announce its latest policy decision on February 6, 2026. This decision will impact loan EMIs, savings returns, and market sentiment. Analysts expect the repo rate to remain unchanged. The RBI Governor will address the media, providing insights into inflation and growth. This announcement is crucial for borrowers, investors, and businesses."
Muthoot Microfin to raise Rs 450 crore in high-yield bonds over two months,https://economictimes.indiatimes.comhttps://economictimes.indiatimes.com/markets/bonds/muthoot-microfin-to-raise-rs-450-crore-in-high-yield-bonds-over-two-months/articleshow/125618416.cms,"Muthoot Microfin will raise Rs 450 crore through privately placed bonds aimed at high net worth investors over the next two months. The three tranches, offering 9.7–9.95% interest, begin December 3, ahead of the RBI policy announcement, according to the company.Muthoot Microfin will raise Rs 450 crore through privately placed bonds aimed at high net worth investors over the next two months. The three tranches, offering 9.7–9.95% interest, begin December 3, ahead of the RBI policy announcement, according to the company."
Nifty bear rampage set to break 23-year record. Will Budget 2025 revive animal spirits?,https://economictimes.indiatimes.comhttps://economictimes.indiatimes.com/markets/stocks/news/nifty-bear-rampage-set-to-break-23-year-record-will-budget-2025-revive-animal-spirits/articleshow/117667804.cms,"Nifty is on track to end January with its fourth consecutive month of decline, a rare event not seen in the last 23 years. Analysts are looking to the Budget for potential revival, with expectations of tax cuts and increased infrastructure spending. Historical data shows a market bounce back post-Budget."
"State-run fin companies line up Rs 20,000 cr bond issue despite rising yields",https://economictimes.indiatimes.comhttps://economictimes.indiatimes.com/markets/bonds/state-run-fin-companies-line-up-rs-20000-cr-bond-issue-despite-rising-yields/articleshow/118159373.cms,"REC raised up to ₹6,000 crore through two bond issuances on Tuesday, while India Infrastructure Finance is looking to raise ₹2,000 crore via bonds maturing in March 2028. Similarly, the National Bank for Agriculture and Rural Development (Nabard) is looking to raise ₹5,000 crore on Wednesday."
"Don’t expect similar sales growth in December as in festive season: Pravin Shah, M&M",https://economictimes.indiatimes.comhttps://economictimes.indiatimes.com/opinion/interviews/dont-expect-similar-sales-growth-in-december-as-in-festive-season-pravin-shah-mm/articleshow/17279617.cms,"""Our new products like Quanto, Verito and Rexton are showing good market acceptance and surely this would let the growth momentum continuing for us"", Pravin said."
Market outlook for Monday: Will Sensex and Nifty stay under pressure as Iran war clouds linger?,https://economictimes.indiatimes.comhttps://economictimes.indiatimes.com/markets/stocks/market-outlook-for-monday-will-bears-keep-pressure-on-sensex-nifty-amid-usisraeliran-war/articleshow/129588688.cms,"Indian stock markets experienced a sharp decline in March, with Sensex and Nifty falling approximately 8% each. Escalating tensions in the Middle East, particularly the prolonged closure of the Strait of Hormuz amid the Iran-Israel-US war, spooked investors. Experts anticipate a weak market trend in the short term, with potential further declines."
Interest rates continue to react in a very volatile manner: Sashi Krishnan,https://economictimes.indiatimes.comhttps://economictimes.indiatimes.com/markets/stocks/recos/interest-rates-continue-to-react-in-a-very-volatile-manner-sashi-krishnan/articleshow/10005134.cms,It is difficult to believe that RBI will start reversing its monetary tightening stand very quickly.
Subscribe to Muthoot Finance IPO: HSBC,https://economictimes.indiatimes.comhttps://economictimes.indiatimes.com/markets/stocks/recos/subscribe-to-muthoot-finance-ipo-hsbc/articleshow/8016056.cms,HSBC has advised investors to ‘Subscribe’ to the initial public offering of Muthoot Finance for listing benefits as well as long-term gains.
CALL MONEY: Short-term rates may gradually inch up 15-20 bps,https://economictimes.indiatimes.comhttps://economictimes.indiatimes.com/markets/stocks/recos/call-money-short-term-rates-may-gradually-inch-up-15-20-bps/articleshow/5829874.cms,Call money rates would continue to hover around the reverse repo rate.
Run up for the budget has started: Avinnash Gorakssakar,https://economictimes.indiatimes.comhttps://economictimes.indiatimes.com/markets/stocks/recos/run-up-for-the-budget-has-started-avinnash-gorakssakar/articleshow/36108617.cms,The activity we are seeing in most of the smaller cap companies and larger names from the oil marketing space suggest that this budget will be a very good budget in terms of improving the macros.
Bank Nifty will get below 8900: Ashwani Gujral,https://economictimes.indiatimes.comhttps://economictimes.indiatimes.com/markets/stocks/recos/bank-nifty-will-get-below-8900-ashwani-gujral/articleshow/9956418.cms,"""Bank Nifty will get below 8900 whatever be the policy..."""
BSE to launch new IRF contracts on May 30,https://economictimes.indiatimes.comhttps://economictimes.indiatimes.com/markets/stocks/news/bse-to-launch-new-irf-contracts-on-may-30/articleshow/52448051.cms,"The IRF market gets participation from retail investors, trading houses, foreign portfolio investors (FPIs) and other institutions."
Bond prices to remain in a narrow range: HDFC MF,https://economictimes.indiatimes.comhttps://economictimes.indiatimes.com/opinion/interviews/bond-prices-to-remain-in-a-narrow-range-hdfc-mf/articleshow/15290882.cms,"If credit picks up in the second half in the busy season and then the banks may not need to buy G-sec, which could have some impact on bond prices."
Nifty to be in the 6600-6800 range over next couple of sessions: Sandeep Wagle,https://economictimes.indiatimes.comhttps://economictimes.indiatimes.com/markets/stocks/recos/nifty-to-be-in-the-6600-6800-range-over-next-couple-of-sessions-sandeep-wagle/articleshow/33020876.cms,"Broadly, Nifty shouldn't break the 6600 levels and would hit 6800 levels on the upside. So, Nifty will moving in the 6600 to 6800 broad range, he said."
"People will continue to invest in PPF despite rate cuts: Praveen Gupta, MD (Compliance & Risk), SBI",https://economictimes.indiatimes.comhttps://economictimes.indiatimes.com/opinion/interviews/people-will-continue-to-invest-in-ppf-despite-rate-cuts-praveen-gupta-md-compliance-risk-sbi/articleshow/51490228.cms,"Praveen Gupta, MD (Compliance & Risk), SBI talks about the PPF, KVP rate cut, RBI's policy meeting and other things in this interview."
Market Now: Auto stocks gain; Tata Motors up nearly 2%,https://economictimes.indiatimes.comhttps://economictimes.indiatimes.com/markets/stocks/news/market-now-auto-stocks-gain-tata-motors-up-nearly-2brbr/articleshow/62818245.cms,Equity benchmarks were trading on a cautious note awaiting RBI policy meet outcome.
Govt accords infrastructure status to MRO industry,https://economictimes.indiatimes.comhttps://economictimes.indiatimes.com/news/economy/infrastructure/govt-accords-infrastructure-status-to-mro-industry/articleshow/28745443.cms,"Following a recent change in the RBI policy, the MRO industry, which currently has an annual turnover of about $800 million, would get a boost, they said."
"India bonds inch up before state debt supply, US rate decision",https://economictimes.indiatimes.comhttps://economictimes.indiatimes.com/markets/bonds/india-bonds-inch-up-before-state-debt-supply-us-rate-decision/articleshow/122966651.cms,"Indian government bonds saw a slight increase in early trading on Tuesday, recovering from a two-day selloff, though trading volume remained low. Investors are awaiting state debt supply details and the U.S. Federal Reserve's rate decision. The focus is also on RBI policy decisions and U.S. Fed Chair Jerome Powell's commentary for cues on the domestic policy easing cycle."
"Indian banks, state firms plan $3.5 bln of bond sales before GDP, RBI policy, bankers say",https://economictimes.indiatimes.comhttps://economictimes.indiatimes.com/markets/bonds/indian-banks-state-firms-plan-3-5-bln-of-bond-sales-before-gdp-rbi-policy-bankers-say/articleshow/125540123.cms,"Large corporate issues are being comfortably absorbed by institutional investors, and the supply should be digested by the market, Ghosh said"
"Post RBI policy, short-term debt funds, dynamic bond funds can be more rewarding than bank FDs",https://economictimes.indiatimes.comhttps://economictimes.indiatimes.com/markets/stocks/news/post-rbi-policy-short-term-debt-funds-dynamic-bond-funds-can-be-more-rewarding-than-bank-fds/articleshow/58077668.cms,"Post RBI move, short-term deb and dynamic funds are relatively attractive vis-à-vis rates on FDs and would attract lower taxation if held for 3 years."
"RBI policy has been very positive and a very welcome move: Pawan Kumar Bajaj, United Bank Of India",https://economictimes.indiatimes.comhttps://economictimes.indiatimes.com/markets/expert-view/rbi-commentary-has-been-very-positive-and-a-very-welcome-move-pawan-kumar-bajaj-united-bank-of-india/articleshow/63627770.cms,"“In a way, RBI’s earlier projections on the inflation was a little on the higher side.”"
Stock Market Highlights: Nifty bulls take a breather ahead of RBI policy; what traders should do on Friday?,https://economictimes.indiatimes.comhttps://economictimes.indiatimes.com/markets/stocks/live-blog/bse-sensex-today-live-nifty-stock-market-updates-07-december-2023/liveblog/105796437.cms,"Tech View: The bull run on Dalal Street came to a halt on Thursday, as Nifty 50 snapped its seven-day winning streak amid profit booking ahead of the outcome of the Reserve Bank of India’s monetary policy meeting on Friday. “If today’s uninspiring session is any indication, then Nifty will waver and trade choppy in tomorrow's session, with the biggest hurdle now seen at the psychological level of 21000, while the biggest support is placed at the 19521 mark,” says Prashanth Tapse, senior VP - research, Mehta Equities. The Nifty 50 settled at 20901.15 points, down 0.2% from the previous close after hitting a high of 20941.25 points then a low of 20850.80 points."
"ET Market Watch: Sensex ends 149 pts higher, Nifty at 19,632; All eyes on RBI policy decision",https://economictimes.indiatimes.comhttps://economictimes.indiatimes.com/markets/stocks/etmarkets-podcast/et-market-watch-sensex-ends-149-pts-higher-nifty-at-19632-all-eyes-on-rbi-policy-decision/videoshow/102577580.cms,
RBI Policy Meeting GDP Forecast: Malhotra & Co peg India’s FY26 growth aim at 6.7%,https://economictimes.indiatimes.comhttps://economictimes.indiatimes.com/news/economy/indicators/india-gdp-forecast-rbi-mpc-meeting-2025/articleshow/118000763.cms,"India GDP Forecast: The Reserve Bank of India forecasted India's GDP to grow at 6.7% in FY26, with quarterly projections at around 6.5%-7%. The economic survey highlighted concerns over global risks impacting growth and emphasized the need for deregulation to achieve long-term goals. Current fiscal year growth is marked at a low 6.4%, with lagging manufacturing and investment levels."
"Sensex pares losses, Nifty above 8,500 post RBI policy review; GAIL, ONGC down 2% each",https://economictimes.indiatimes.comhttps://economictimes.indiatimes.com/markets/stocks/news/sensex-pares-losses-nifty-above-8500-post-rbi-policy-review-gail-ongc-down-2-each/articleshow/48338903.cms,The S&P BSE Sensex slipped over 300 points in trade on Tuesday after the Reserve Bank of India maintained a status quo.
"If monsoon pans out well, expect rate cut before next RBI policy: Gaurang Shah, Geojit BNP Paribas",https://economictimes.indiatimes.comhttps://economictimes.indiatimes.com/markets/expert-view/if-monsoon-pans-out-well-expect-rate-cut-before-next-rbi-policy-gaurang-shah-geojit-bnp-paribas/articleshow/52655245.cms,"If the government pushes for the GST bill on day one of the monsoon session, then our markets would definitely have more leg up."
"Expect RBI to cut rates by 25 bps tomorrow: Girish Nadkarni, Avendus Capital",https://economictimes.indiatimes.comhttps://economictimes.indiatimes.com/opinion/interviews/expect-rbi-to-cut-rates-by-25-bps-tomorrow-girish-nadkarni-avendus-capital/articleshow/19036250.cms,"""The indications are there, the body language has been indicative of a possible cut. So the whole street is, therefore, expecting a 25 bps cut tomorrow."""
Markets to follow global developments; build short positions: Ashwani Gujral,https://economictimes.indiatimes.comhttps://economictimes.indiatimes.com/markets/stocks/recos/markets-to-follow-global-developments-build-short-positions-ashwani-gujral/articleshow/49060189.cms,"For resistance, Nifty should not go past 7,930-7,950 and, hence that should be your stop loss, says Gujral."
Markets to consolidate than collapse: Ashwani Gujral,https://economictimes.indiatimes.comhttps://economictimes.indiatimes.com/markets/stocks/recos/markets-to-consolidate-than-collapse-ashwani-gujral/articleshow/24292289.cms,For the movement it does not look like we are going to collapse from here but what it appears is that the market is going to drift along may be in 100 point ranges.
Rupee opens 11 paise lower at 71.95 against dollar,https://economictimes.indiatimes.comhttps://economictimes.indiatimes.com/markets/forex/rupee-opens-11-paise-lower-at-71-95-against-dollar/articleshow/72119613.cms,The local currency on Monday closed 6 paise lower at 71.84 against the American currency.
"Expect a rate hike, not rate cut, in 2015: Jahangir Aziz, JPMorgan",https://economictimes.indiatimes.comhttps://economictimes.indiatimes.com/opinion/interviews/expect-a-rate-hike-not-rate-cut-in-2015-jahangir-aziz-jpmorgan/articleshow/43877520.cms,"""We always thought there was going to be an upside to 6%, which is why we will have a rate hike,"" says Jahangir Aziz."
Election won't change course of the market in medium to long term: Dipan Mehta,https://economictimes.indiatimes.comhttps://economictimes.indiatimes.com/markets/stocks/recos/election-wont-change-course-of-the-market-in-medium-to-long-term-dipan-mehta/articleshow/26851038.cms,it is an important event and it will have an impact maybe 2-3% either side on the indices but it is not going to change the course of the market in the medium to long term.
Metropolitan Exchange gets nod to launch weekly IRFs,https://economictimes.indiatimes.comhttps://economictimes.indiatimes.com/markets/stocks/news/metropolitan-exchange-gets-nod-to-launch-weekly-irfs/articleshow/73348885.cms,Weekly IRFs would have weekly convergences to interest rates.
FIIs buy shares worth Rs 450 crore in Reliance Capital,https://economictimes.indiatimes.comhttps://economictimes.indiatimes.com/markets/stocks/news/fiis-buy-shares-worth-rs-450-crore-in-reliance-capital/articleshow/59661776.cms,SMTB had purchased the stake in Reliance Capital (RCAP) when it had applied for banking license.
Tide Water Oil climbs 2% on acquisition of UK-based lubricant company,https://economictimes.indiatimes.comhttps://economictimes.indiatimes.com/markets/stocks/news/tide-water-oil-climbs-2-on-acquisition-of-uk-based-lubricant-company/articleshow/51921541.cms,Price Thomas Holdings along with a subsidiary is a manufacturer and supplier of lubricants and car care products in UK and few overseas automotive markets.
Bank of India cuts base rate by 25 bps to 9.70%,https://economictimes.indiatimes.comhttps://economictimes.indiatimes.com/industry/banking/finance/banking/bank-of-india-cuts-base-rate-by-25-bps-to-9-70/articleshow/49157475.cms,"The reverse repo rate, at which it accepts banks' excess liquidity, will be 5.75 per cent, while the cash reserve ratio is kept unchanged at 4 per cent."
"NSE, BSE to launch new 10-year bond futures on Monday",https://economictimes.indiatimes.comhttps://economictimes.indiatimes.com/markets/bonds/nse-bse-to-launch-new-10-year-bond-futures-on-monday/articleshow/39372625.cms,"NSE and BSE today said they will begin trading in interest rate futures (IRF) with tenures of one-three months, with underlying of 10-year govt bonds."
NSE to launch 13-year govt bond futures tomorrow,https://economictimes.indiatimes.comhttps://economictimes.indiatimes.com/markets/bonds/nse-to-launch-13-year-govt-bond-futures-tomorrow/articleshow/56422618.cms,An IRF contract is an agreement to buy or sell a debt instrument at a specified future date at a pre-determined price.
Rupee opens 7 paise higher at 67.08 against US dollar,https://economictimes.indiatimes.comhttps://economictimes.indiatimes.com/markets/forex/rupee-opens-7-paise-higher-at-67-08-against-us-dollar/articleshow/64473465.cms,"The apex bank may deliver its first interest rate hike in nearly 4.5 years, says a Reuters report."
Don’t see rupee moving significantly in either direction till polls are over: Killol Pandya,https://economictimes.indiatimes.comhttps://economictimes.indiatimes.com/opinion/interviews/dont-see-rupee-moving-significantly-in-either-directiontill-polls-are-over-killol-pandya/articleshow/32786162.cms,"That is quite heartening to the debt markets, which had faced quite a bit of the brunt at the time when the currency had depreciated significantly."
"Expect RBI to increase repo rate by 25 bps: Manishi Raychaudhuri, BNP Paribas Securities",https://economictimes.indiatimes.comhttps://economictimes.indiatimes.com/opinion/interviews/expect-rbi-to-increase-repo-rate-by-25-bps-manishi-raychaudhuri-bnp-paribas-securities/articleshow/24808451.cms,"'There is a possibility that the direction of earning estimates may actually begin to drift down going forward,' says Manishi Raychaudhuri"
RBI sticks to its guns: Here’s what market experts have to say,https://economictimes.indiatimes.comhttps://economictimes.indiatimes.com/markets/stocks/news/rbi-sticks-to-its-guns-heres-what-market-experts-have-to-say/articleshow/61946068.cms,RBI raised inflation forecast to 4.3-4.7% in third and fourth quarters of ongoing financial year.
"Uday Kotak warns of deposit crunch, banking margins at risk",https://economictimes.indiatimes.comhttps://economictimes.indiatimes.com/industry/banking/finance/banking/uday-kotak-warns-of-deposit-crunch-banking-margins-at-risk/articleshow/119668377.cms,"Uday Kotak, Asia's richest banker, warns of a significant deposit crunch threatening banks with margin erosion. Retail deposit growth is slow, pushing banks towards expensive bulk deposits. This situation leads to negative lending margins, especially with home loans. The challenge persists amid high-term deposit rates, tighter liquidity, and RBI's policy rate cuts."
"Stick to largecaps, do not venture into midcaps: Vibhav Kapoor, IL&FS",https://economictimes.indiatimes.comhttps://economictimes.indiatimes.com/opinion/interviews/stick-to-largecaps-do-not-venture-into-midcaps-vibhav-kapoor-ilfs/articleshow/14687542.cms,"Do not venture into midcaps although they have done well. Midcap rallies can come to an abrupt halt at the first sign of a change in the trend, Vibhav Kapoor says."
"Indian financial sector set for 11% credit growth in FY25, says Jefferies analyst",https://economictimes.indiatimes.comhttps://economictimes.indiatimes.com/markets/stocks/news/indian-financial-sector-set-for-11-credit-growth-in-fy25-says-jefferies-analyst/articleshow/123992603.cms,"The Indian financial sector has evolved significantly, expanding beyond banks to include NBFCs, insurers, asset managers, and fintech firms. Investors now benefit from greater choice, competition, and attractive valuations. With proactive RBI policies, GST cuts, and rising credit growth, the sector remains resilient, offering balanced growth opportunities across all segments."
Trump Era Begins: What it means for global markets and Indian economy,https://economictimes.indiatimes.comhttps://economictimes.indiatimes.com/markets/stocks/news/trump-era-begins-what-it-means-for-global-markets-and-indian-economy/articleshow/116313025.cms,"Markets experienced volatility following Trump's election win and Republican control of Congress. While the US economy remains resilient, Trump's policies pose inflationary risks, influencing Fed decisions on rate cuts. Global economic divergence, particularly between a strong US dollar and weaker BRICS currencies, adds to market complexity."
"RBI meet begins Wednesday: Status quo likely amid strong growth, tighter liquidity conditions",https://economictimes.indiatimes.comhttps://economictimes.indiatimes.com/markets/stocks/news/rbi-meet-begins-wednesday-status-quo-likely-amid-strong-growth-tighter-liquidity-conditions/articleshow/105774788.cms,"“The RBI may stick to ‘withdrawal of accommodation’ stance given upside risks to food inflation (poor monsoon), strong GDP growth in the recent period and still hawkish global central banks,” said Nuvama Institutional Equities. Given the higher-than-expected GDP growth for Q2, experts do see the RBI raising its projections."
Need to go beyond 'band-aid' to address liquidity: Economists,https://economictimes.indiatimes.comhttps://economictimes.indiatimes.com/news/economy/finance/need-to-go-beyond-band-aid-to-address-liquidity-economists/articleshow/116114592.cms,"The Reserve Bank of India (RBI) cut the cash reserve ratio (CRR) by 50 basis points to inject liquidity into the banking system. Economists predict this effect will be short-lived, requiring the RBI to utilize additional tools like open market operations and foreign exchange swaps."
"Sensex, Nifty open in green ahead of RBI MPC decision; Ujjivan SFB, IndiGo jump 2% each",https://economictimes.indiatimes.comhttps://economictimes.indiatimes.com/markets/stocks/news/sensex-nifty-open-in-green-ahead-of-rbi-mpc-decision-ujjivan-sfb-indigo-jump-2-each/videoshow/104202420.cms,
Banking system liquidity in deficit as incremental cash reserve ratio kicks in,https://economictimes.indiatimes.comhttps://economictimes.indiatimes.com/industry/banking/finance/banking/banking-system-liquidity-in-deficit-as-incremental-cash-reserve-ratio-kicks-in/articleshow/102955978.cms,"Daily central bank data showed that the RBI injected funds worth ₹23,644.4 crore into the banking system on August 21, marking the first infusion of cash since March 27. An injection of funds by the RBI reflects deficit liquidity conditions in the banking system."
"Sensex ends 747 points higher, Nifty tops 25,000 after RBI's jumbo 50 bps rate cut",https://economictimes.indiatimes.comhttps://economictimes.indiatimes.com/markets/stocks/news/sensex-drops-100-points-nifty-below-24750-ahead-of-rbi-mpc-meet/articleshow/121664468.cms,"Stock Market Today: Indian stock markets rebounded following the Reserve Bank of India's decision to lower the repo rate. Banking and auto sectors saw significant gains. Sensex and Nifty both experienced positive movement. Asian markets also showed positive trends, influenced by developments in US-China trade talks. Foreign Institutional Investors continued selling, while Domestic Institutional Investors remained buyers."
"See RBI’s focus now shifting towards inflation: Neeraj Gambhir, Nomura Capital",https://economictimes.indiatimes.comhttps://economictimes.indiatimes.com/opinion/interviews/see-rbis-focus-now-shifting-towards-inflation-neeraj-gambhir-nomura-capital/articleshow/24821972.cms,'The sharp increase in the overnight interest rates and the resultant spike in the yields were being used to address the pressure on the currency'
"RBI MPC keeps repo rate unchanged at 6.5 per cent for the 7th time in a row; GDP, inflation forecast retained",https://economictimes.indiatimes.comhttps://economictimes.indiatimes.com/news/economy/policy/rbi-mpc-meeting-2024-rbi-mpc-keeps-repo-rate-unchanged-at-6-5-per-cent-for-the-7th-time-in-a-row/articleshow/109050752.cms,"The RBI-led MPC kept the repo rate steady at 6.5 per cent for the seventh time, confirmed RBI governor Shaktikanta Das. The committee also maintained its 'withdrawal of accommodation' stance while concentrating on liquidity management to control inflation."
"Fed made FIIs spend Rs 27,000 crore on bank stocks but China forcing a U-turn now",https://economictimes.indiatimes.comhttps://economictimes.indiatimes.com/markets/stocks/news/fed-made-fiis-spend-rs-27000-crore-on-bank-stocks-but-china-forcing-a-u-turn-now/articleshow/114032262.cms,"FIIs invested Rs 27,000 crore in Indian bank stocks after the US Fed's rate cut. However, they reversed their investments due to China's quantitative easing. This led to a drop in Nifty Bank index by 5% in early October. Investors are watching for RBI's monetary policy decision on October 9."
"MPC meeting: RBI leaves policy rates unchanged, maintains status quo on stance as inflation fight continues",https://economictimes.indiatimes.comhttps://economictimes.indiatimes.com/news/economy/policy/mpc-meeting-policy-rates-unchanged-at-6-5-governor-das-says/articleshow/100837587.cms,"The Reserve Bank of India's rate-setting panel has opted to keep the benchmark lending rate unchanged at 6.5 per cent, Governor Das announced on Thursday. News agency Reuters polled 64 economists, all of whom expected no change."
RBI raises policy interest rate by 50 bps to bring down 'unacceptably high' inflation,https://economictimes.indiatimes.comhttps://economictimes.indiatimes.com/news/economy/policy/rbi-raises-policy-interest-rate-by-50-bps-to-bring-down-unacceptably-high-inflation/articleshow/93364381.cms,"``The inflation trajectory is now poised at a decisive point,’’ said Governor Shaktikanta Das. ``While there are incipient signs of a confluence of factors that could lead to further softening of domestic inflationary pressures, there remain significant uncertainties."""
RBI increases IMPS limit to Rs 5 lakh from Rs 2 lakh earlier,https://economictimes.indiatimes.comhttps://economictimes.indiatimes.com/industry/banking/finance/banking/rbi-increases-imps-limit-to-rs-5-lakh-from-rs-2-lakh-earlier/articleshow/86859564.cms,RBI Governor Shaktikanta Das announced that the increased limit for the digital payment mode used for making immediate transfer of money will make it convenient for consumers to tansfer higher sums.
"RBI status quo spooks Sensex, but hopes of more govt reforms limit fall",https://economictimes.indiatimes.comhttps://economictimes.indiatimes.com/markets/stocks/news/rbi-status-quo-hopes-of-more-govt-reforms-limit-sensexs-fall/articleshow/72383955.cms,RBI kept interest rates unchanged at 5.15% and also maintained an accommodative stance.
Analysts see RBI taking policy rates well above pre-pandemic levels by March,https://economictimes.indiatimes.comhttps://economictimes.indiatimes.com/news/economy/policy/analysts-see-rbi-taking-policy-rates-well-above-pre-pandemic-levels-by-march/articleshow/92079708.cms,"Earlier in the day, the RBI-led MPC delivered a 50 bps hike in the key policy rates to 4.90 per cent but left the cash reserve ratio unchanged and sounded more concerned about inflation management, as it has withdrawn the accommodative stance."
Top debt mutual fund managers share their views on RBI rate hike,https://economictimes.indiatimes.comhttps://economictimes.indiatimes.com/mf/analysis/top-debt-mutual-fund-managers-share-their-views-on-rbi-rate-hike/articleshow/96051774.cms,Rate hikes and continued reduction in durable liquidity surplus are positive for short-term debt fund categories like the liquid fund.
Policy as per expectation; RBI has just started its tightrope walk: Nilesh Shah,https://economictimes.indiatimes.comhttps://economictimes.indiatimes.com/markets/expert-view/policy-as-per-expectation-rbi-has-just-started-its-tightrope-walk-nilesh-shah/articleshow/89475531.cms,"“In India, inflation has been lower than US inflation for the last six months. I think the RBI has done a sensible job. It has said that we will manage growth, we will support inflation and in the Economic Survey, they revised growth downwards from 8-8.5% to 7.8% also revised inflation projection downwards. Net-net, this policy has come as per expectations and that is why we are seeing reaction in the markets – equities are up and yields are down.”"
"A 25 bps repo rate cut and a neutral stance match perfectly for now: Jayesh Mehta, BofAML",https://economictimes.indiatimes.comhttps://economictimes.indiatimes.com/markets/expert-view/a-25-bps-repo-rate-cut-and-a-neutral-stance-match-perfectly-for-now-jayesh-mehta-bofaml/articleshow/68722925.cms,"We have to see what guidelines come out on counter-cyclical buffers, says Mehta."
Breaking free from the ‘frog in a well’ mindset: Manish Chokhani’s advice to retail investors,https://economictimes.indiatimes.comhttps://economictimes.indiatimes.com/markets/stocks/news/breaking-free-from-the-frog-in-a-well-mindset-manish-chokhanis-advice-to-retail-investors/articleshow/118412933.cms,"Manish Chokhani urges Indian investors to explore global markets, warning against over-reliance on domestic stocks. He highlights undervaluations in China, Europe, and the U.S., citing opportunities in EVs, healthcare, and tech. RBI’s policies restrict rupee appreciation, limiting global investments."
"RBI keeps rates unchanged due to inflation pressure, lowers growth estimate again",https://economictimes.indiatimes.comhttps://economictimes.indiatimes.com/markets/stocks/news/rbi-keeps-rates-unchanged-due-to-inflation-pressure-lowers-growth-estimate-again/articleshow/72382485.cms,"The six-member monetary policy committee (MPC) vote was unanimous, RBI said in a release."
RBI & govt going for a calibrated approach as Covid situation extremely uncertain: Sanjeev Sanyal,https://economictimes.indiatimes.comhttps://economictimes.indiatimes.com/markets/expert-view/rbi-govt-going-for-a-calibrated-approach-as-covid-situation-extremely-uncertain-sanjeev-sanyal/articleshow/75897851.cms,‘We are more than willing to do what is necessary but it needs to be targeted in the right place’
Analysts see RBI pausing rates for long as inflation worries return,https://economictimes.indiatimes.comhttps://economictimes.indiatimes.com/mf/mf-news/analysts-see-rbi-pausing-rates-for-long-as-inflation-worries-return/articleshow/72394196.cms,"While the RBI has asserted that the stance of the monetary policy will stay accommodative, market analysts believe that rate cuts won't happen frequently."
Global brokerages expect RBI to slash rates by 25 bps,https://economictimes.indiatimes.comhttps://economictimes.indiatimes.com/news/economy/policy/global-brokerages-expect-rbi-to-slash-rates-by-25-bps/articleshow/18233941.cms,The RBI last had cut rates in April 2012 by 50 basis points but warned at the time there would be limited scope for further cuts.
Highlights of RBI's monetary policy statement,https://economictimes.indiatimes.comhttps://economictimes.indiatimes.com/news/economy/policy/highlights-of-rbis-monetary-policy-statement/articleshow/78568484.cms,Following are the highlights of RBI Governor Shaktikanta Das' statement and resolution of the Monetary Policy Committee (MPC).
"MPC in a huddle to weigh rate cuts; D-Street says it’ll be 25 bps or 35, but not 50",https://economictimes.indiatimes.comhttps://economictimes.indiatimes.com/markets/stocks/news/mpc-in-a-huddle-to-weigh-rate-cuts-d-street-says-itll-be-25-bps-or-35-but-not-50/articleshow/69647355.cms,Asia’s third-largest economy grew slower than expected at a 20-quarter low in March quarter.
RBI hikes repo rate for the first time in Modi regime,https://economictimes.indiatimes.comhttps://economictimes.indiatimes.com/markets/stocks/news/rbi-pulls-the-trigger-hikes-rate-for-the-first-time-in-modi-regime/articleshow/64477379.cms,The monetary policy committee of the Reserve Bank unanimously votes for 25 bps repo hike.
Indian rupee likely to depriciate further in long term: Vijai Mantri,https://economictimes.indiatimes.comhttps://economictimes.indiatimes.com/markets/stocks/recos/indian-rupee-likely-to-depriciate-further-in-long-term-vijai-mantri/articleshow/23142763.cms,"""Currency will continue to remain under pressure. The short term measure taken by central bank has brought some amount of stability."""
ET poll: Economists predict RBI to hold policy rates steady amid economic uncertainty,https://economictimes.indiatimes.comhttps://economictimes.indiatimes.com/news/economy/policy/et-poll-economists-predict-rbi-to-hold-policy-rates-steady-amid-economic-uncertainty/articleshow/124129701.cms,"Economists anticipate the Reserve Bank of India (RBI) to maintain policy rates next week, despite potential for cuts, due to uncertainties from US tariffs and GST impacts. While some advocate for proactive rate cuts given low inflation, the majority prefers retaining options, awaiting clearer signs of economic slowdown and assessing the effects of recent GST reductions on inflation and growth."
India bonds extend losses before heavy debt supply,https://economictimes.indiatimes.comhttps://economictimes.indiatimes.com/markets/bonds/india-bonds-extend-losses-before-heavy-debt-supply/articleshow/126558189.cms,"""There aren't many positive cues to drive buying, and traders are staying cautious ahead of the budget and the RBI's policy decision,"" a private-bank trader said"
"Tech view: Nifty50 forms long-legged Doji, bears tighten grip on D-Street",https://economictimes.indiatimes.comhttps://economictimes.indiatimes.com/markets/stocks/tech-view-nifty50-forms-long-legged-doji-bears-tighten-grip-on-d-street/articleshow/51658188.cms,"""The Nifty50 made a long-legged Doji pattern on the daily charts, whereas on the weekly charts, we saw a hanging man-like pattern by the end of Friday’s session.”"
These banks have hiked home loan interest rates in last one month,https://economictimes.indiatimes.comhttps://economictimes.indiatimes.com/wealth/borrow/these-banks-have-hiked-home-loan-interest-rates-in-last-one-month/articleshow/93945346.cms,"Several banks, including SBI, ICICI Bank, Bank of Baroda, Canara Bank, and PNB, have raised their loan interest rates."
Rupee edges higher by 8 paise; RBI meet in focus,https://economictimes.indiatimes.comhttps://economictimes.indiatimes.com/markets/forex/rupee-edges-higher-by-8-paise-rbi-meet-in-focus/articleshow/72336176.cms,The Indian unit on Friday had closed at 71.74 against the US dollar.
"ICICI Bank, Bank of Baroda, Bank of India, PNB hike home loan interest rates: Check latest rates here",https://economictimes.indiatimes.comhttps://economictimes.indiatimes.com/wealth/borrow/icici-bank-bank-of-baroda-bank-of-india-pnb-hike-home-loan-interest-rates-check-latest-rates-here/articleshow/92096352.cms,"After the current hike, the total increase in repo rate is 0.9%. Due to the rate hikes by the central bank, lenders like banks and housing finance companies, will increase their lending rates correspondingly, which in turn means that your EMIs will go up accordingly."
Mutual fund managers snap their bond with Government securities,https://economictimes.indiatimes.comhttps://economictimes.indiatimes.com/mf/mf-news/mutual-fund-managers-snap-their-bond-with-government-securities/articleshow/20322400.cms,Go for short-term papers with yield of 8.25% against 7.10% of longer-tenure bonds.
"'BUY' or 'SELL' ideas from experts for Friday, June 15",https://economictimes.indiatimes.comhttps://economictimes.indiatimes.com/markets/stocks/recos/buy-or-sell-ideas-from-experts-for-friday-june-15/articleshow/14142471.cms,ET Now spoke to various experts and here's what they have to recommend for today's trade:
How to trade banking stocks post repo rate hike,https://economictimes.indiatimes.comhttps://economictimes.indiatimes.com/markets/stocks/news/how-to-trade-banking-stocks-post-repo-rate-hike/articleshow/29496466.cms,The impact of the RBI's move to hike repo rate by 25 bps to 8% was seen on banking stocks. The Bank Nifty corrected 206 points intraday
Home buyers may have to wait... rates unlikely to fall,https://economictimes.indiatimes.comhttps://economictimes.indiatimes.com/markets/stocks/news/home-buyers-may-have-to-wait-rates-unlikely-to-fall/articleshow/53804754.cms,Designated RBI Governor Urjit Patel is seen by many as much as an inflation hawk as outgoing Governor Raghuram Rajan and is likely to continue with his predecessor's hawkish stance.
Banks' profitability may take a hit from falling treasury gains,https://economictimes.indiatimes.comhttps://economictimes.indiatimes.com/markets/stocks/news/banks-profitability-may-take-a-hit-from-falling-treasury-gains/articleshow/57187210.cms,"G-sec yields have firmed up ~40 bp post the RBI policy meet and 10-year G-sec, now at 6.8%, is at a higher level as compared to 31 Dec 2016."
"Rupee snaps 4-day losing streak, but upside seen limited",https://economictimes.indiatimes.comhttps://economictimes.indiatimes.com/markets/forex/rupee-snaps-4-day-losing-streak-but-upside-seen-limited/articleshow/102502502.cms,"Biswas expects the rupee to be range bound between 82.40 to 82.85 over the next few days, with the tone of the Reserve Bank of India's (RBI) policy decision on Thursday being a key monitor for its hawkishness."
LIC Housing Finance reduces interest rate in line with recent RBI repo rate cut,https://economictimes.indiatimes.comhttps://economictimes.indiatimes.com/industry/banking/finance/banking/lic-housing-finance-reduces-interest-rate-in-line-with-recent-rbi-repo-rate-cut/articleshow/121993846.cms,"LIC Housing Finance lowers home loan interest rates by 50 basis points. New rates start at 7.50 percent from June 19, 2025. This decision coincides with the company's 36th Foundation Day. The move aims to boost home ownership. It aligns with RBI's policy to stimulate the economy. Tribhuwan Adhikari highlights commitment to affordable housing."
Rupee inches 4 paise higher to 74.30 against US dollar,https://economictimes.indiatimes.comhttps://economictimes.indiatimes.com/markets/forex/rupee-inches-4-paise-higher-to-74-30-against-us-dollar/articleshow/84997459.cms,Forex traders said price action remains subdued as investors are awaiting the Reserve Bank of India's (RBI) policy decision and the US non-farm payrolls data on Friday for further cues.
"Sensex drops over 50 pts, Nifty50 below 10,900; Bandhan Bank tanks 19%",https://economictimes.indiatimes.comhttps://economictimes.indiatimes.com/markets/stocks/news/sensex-drops-over-50-pts-nifty50-below-10900-bandhan-bank-tanks-19/articleshow/66023112.cms,Uncertainty over the RBI policy meet later this week weighed on investor sentiment.
RBI likely to slash rate by 25 bps next week: Citigroup,https://economictimes.indiatimes.comhttps://economictimes.indiatimes.com/news/economy/policy/rbi-likely-to-slash-rate-by-25-bps-next-week-citigroup/articleshow/55746395.cms,The next RBI policy review is on December 7.
Rupee gains 6 paise to close at 74.28 against US dollar,https://economictimes.indiatimes.comhttps://economictimes.indiatimes.com/markets/forex/rupee-gains-6-paise-to-close-at-74-28-against-us-dollar/articleshow/85003480.cms,"The rupee moved in a narrow range ahead of the Reserve Bank of India's (RBI) policy decision and the US non-farm payrolls data, forex dealers said."
Rupee top outperformer among Asian currencies: Nomura,https://economictimes.indiatimes.comhttps://economictimes.indiatimes.com/markets/forex/rupee-top-outperformer-among-asian-currencies-nomura/articleshow/52638343.cms,"Nomura said: ""The RBI's policy stance remains accommodative with a focus on implementing its revised liquidity management framework."""
Banks to lead market rally as policy support bolsters financials: Dharmesh Kant,https://economictimes.indiatimes.comhttps://economictimes.indiatimes.com/markets/expert-view/banks-to-lead-market-rally-as-policy-support-bolsters-financials-dharmesh-kant/articleshow/124283305.cms,"Dharmesh Kant of Cholamandalam Securities anticipates banks will lead market growth, driven by supportive RBI policies and increased lending avenues. Allied sectors like fertilisers are also poised for positive movement due to a healthy monsoon. However, fiscal pressures from government spending could impact overall corporate earnings, making careful stock selection crucial for investors in October."
"Budget, Monetary Policy over; what will drive the market this week? Ajay Bagga answers",https://economictimes.indiatimes.comhttps://economictimes.indiatimes.com/markets/expert-view/budget-monetary-policy-over-what-will-drive-the-market-next-week-ajay-bagga-answers/articleshow/118071979.cms,"Ajay Bagga highlights the significance of Prime Minister Modi's upcoming visit to the US, anticipating defense agreements and tariff relief. He views recent market overreactions to the RBI policy and banking sector events as temporary, predicting improved performance from rate-sensitive sectors. Bagga remains optimistic about market stability and foreign investment following productive meetings and economic measures."
Rupee climbs 5 paise to 68.61 against dollar,https://economictimes.indiatimes.comhttps://economictimes.indiatimes.com/markets/forex/rupee-climbs-5-paise-to-68-61-against-dollar/articleshow/65158642.cms,Steady selling of the greenback by exporters and banks gave the local unit strength.
Hopes on GST may push stock market higher,https://economictimes.indiatimes.comhttps://economictimes.indiatimes.com/markets/stocks/news/hopes-on-gst-may-push-stock-market-higher/articleshow/49975205.cms,RBI is unlikely to cut rates on Tuesday but investors will watch the central bank’s commentary on future rate cuts and inflation.
Recommend to be cautious in current market: Mayuresh Joshi,https://economictimes.indiatimes.comhttps://economictimes.indiatimes.com/markets/stocks/recos/recommend-to-be-cautious-in-current-market-mayuresh-joshi/articleshow/43894415.cms,"""The corporate earnings, the result season will start soon in the next months. The corporate earnings are expected to be subdued."""
Interest rates will not come down anytime soon: Gaurav Mehta,https://economictimes.indiatimes.comhttps://economictimes.indiatimes.com/markets/stocks/recos/interest-rates-will-not-come-down-anytime-soon-gaurav-mehta/articleshow/45019725.cms,The RBI Governor has made it very clear that he is committed to fighting the inflation. He is committed to giving a real rates to save us.
Bond yields to remain range bound: Fixed Income Canara Robeco MF,https://economictimes.indiatimes.comhttps://economictimes.indiatimes.com/markets/stocks/recos/bond-yields-to-remain-range-bound-fixed-income-canara-robeco-mf/articleshow/5408295.cms,Bond yields will remain range-bound with a trading bias as the government auction in the coming week will be absorbed.
Roadmap for 2009 an`anti-national conspiracy:' Patnaik,https://economictimes.indiatimes.comhttps://economictimes.indiatimes.com/news/economy/policy/roadmap-for-2009-ananti-national-conspiracy-patnaik/articleshow/3049536.cms,"Noted economist and Vice Chairman of the Kerala State Planning Board, Dr Prabhat Patnaik described the Reserve Bank of India's Roadmap for 2009 ""permitting foreign direct investment"" into Indian banks as an ""anti-national"" conspiracy."
Economic Survey underlines Govt's cautious stand: Mythili Bhusnurmath,https://economictimes.indiatimes.comhttps://economictimes.indiatimes.com/opinion/interviews/economic-survey-underlines-govts-cautious-stand-mythili-bhusnurmath/articleshow/46393390.cms,"""It clearly says the government must achieve 3% in the medium term. Now we will have to wait and see whether medium term is interpreted as FY16 or FY17 or something beyond that. """
"Rupee recovers 8 paise, trades at 63.02 vs dollar",https://economictimes.indiatimes.comhttps://economictimes.indiatimes.com/markets/forex/rupee-recovers-8-paise-trades-at-63-02-vs-dollar/articleshow/29485365.cms,The rupee recovered by eight paise to 63.02 against the American currency in late morning trade today on fresh selling of dollars by banks.
Rupee opens 13 paise up at 70.43 against dollar,https://economictimes.indiatimes.comhttps://economictimes.indiatimes.com/markets/forex/rupee-opens-13-paise-up-at-70-43-against-dollar/articleshow/71368535.cms,The local currency on Friday advanced 32 paise to close at a nearly two-month high at 70.56 per dollar.
Rupee opens 4 paise up at 68.57 against dollar,https://economictimes.indiatimes.comhttps://economictimes.indiatimes.com/markets/forex/rupee-opens-4-paise-up-at-68-57-against-dollar/articleshow/65287352.cms,The local currency climbed to a fresh one-month high of 68.26 last week.
Markets may turn sideways before seeing any rebound: Ashwani Gujral,https://economictimes.indiatimes.comhttps://economictimes.indiatimes.com/markets/stocks/recos/markets-may-turn-sideways-before-seeing-any-rebound-ashwani-gujral/articleshow/46715303.cms,"Gujral believes that the market may fall and then remain sideways, before seeing any upside. Market will also seek support from positive domestic events, he adds."
Best to avoid banking space altogether for next 6-8 months: Dipan Mehta,https://economictimes.indiatimes.comhttps://economictimes.indiatimes.com/markets/stocks/recos/best-to-avoid-banking-space-altogether-for-next-6-8-months-dipan-mehta/articleshow/30398142.cms,"""It is best to avoid the banks all of them together especially public sector banks,"" Mehta said."
"RBI MPC Meet: A rate cut’s unlikely with growth strong, liquidity call in focus, as per ET Poll",https://economictimes.indiatimes.comhttps://economictimes.indiatimes.com/news/economy/policy/mpc-meet-a-rate-cuts-unlikely-with-growth-strong-liquidity-call-in-focus-poll/articleshow/127870171.cms,"Reserve Bank of India is expected to keep interest rates unchanged. Economists foresee a neutral to dovish stance from Governor Sanjay Malhotra. Liquidity support measures and a new open market operation calendar are anticipated. The Monetary Policy Committee will assess budget impacts on inflation, growth, and liquidity. Inflation is projected to stay near the 4% target, while growth remains strong."
No further extension of home loan tenure for many if RBI hikes repo rate again,https://economictimes.indiatimes.comhttps://economictimes.indiatimes.com/wealth/borrow/no-further-extension-of-home-loan-tenure-for-many-if-rbi-hikes-repo-rate-again/articleshow/95993056.cms,"Even if the RBI increases the repo rate by 25-35 basis points in the Monetary Policy Committee (MPC) meeting on December 5-7, 2022 and the bank eventually passes it on to home loan borrowers, the home loan EMIs will immediately rise as most banks do not have the option to extend the loan tenure anymore, mentioned experts"
Bottom fishing has already started in market: Ajay Bagga,https://economictimes.indiatimes.comhttps://economictimes.indiatimes.com/markets/expert-view/bottom-fishing-has-already-started-in-market-ajay-bagga/articleshow/71126072.cms,"And within a week of the RBI policy meet, the second quarter earnings season will kick off."
"ETMarkets Morning Podcast: Your daily digest of news, views and cues",https://economictimes.indiatimes.comhttps://economictimes.indiatimes.com/markets/stocks/news/etmarkets-morning-podcast-your-daily-digest-of-news-views-and-cues/articleshow/59874761.cms,The market is likely to remain rangebound for most of Wednesday ahead of RBI's policy outcome.
Nifty may bounce back: Ashwani Gujral,https://economictimes.indiatimes.comhttps://economictimes.indiatimes.com/markets/stocks/recos/nifty-may-bounce-back-ashwani-gujral/articleshow/11090752.cms,"In spite of the big bearishness, it is unlikely that from 4700 you will have a straight decline to 3900 because you have already fallen about 25%."
PE de-rating will take place in the Indian market: Deven Choksey,https://economictimes.indiatimes.comhttps://economictimes.indiatimes.com/markets/stocks/recos/pe-de-rating-will-take-place-in-the-indian-market-deven-choksey/articleshow/8175132.cms,"""In case of equities, in our market, the situation is little bit different comparatively because of reduction in the growth itself. """
RBI move aimed at curbing excess liquidity: FM,https://economictimes.indiatimes.comhttps://economictimes.indiatimes.com/news/economy/policy/rbi-move-aimed-at-curbing-excess-liquidity-fm/articleshow/2502168.cms,"P Chidambaram backed RBI's move to curb surplus money in the system, but hoped that economic growth would beat the RBI's projection. Comments on Monetary Policy"
Rupee opens 9 paise down at 74.90 against dollar,https://economictimes.indiatimes.comhttps://economictimes.indiatimes.com/markets/forex/rupee-opens-9-paise-down-at-74-90-against-dollar/articleshow/77325979.cms,"Earlier, the local currency on Friday closed with a marginal 3 paise gain at 74.81 to the US dollar amid weakness in the greenback against key global peers."
BSE to introduce 6-year govt bond futures from Dec 30,https://economictimes.indiatimes.comhttps://economictimes.indiatimes.com/markets/bonds/bse-to-introduce-6-year-govt-bond-futures-from-dec-30/articleshow/56180360.cms,"The IRF contract is based on 6.84 per cent central government security maturing on December 19, 2022, and will be available for trading from December 30."
Rupee opens 20 paise down at 69.36 against dollar,https://economictimes.indiatimes.comhttps://economictimes.indiatimes.com/markets/forex/rupee-opens-20-paise-down-at-69-36-against-dollar/articleshow/68681522.cms,"“Today, USDINR pair is expected to quote in the range of 69.20 and 69.80,” brokerage firm MOSL said."
"Amid raging tariff war, India only country to have reached an understanding with Trump, says Jaishankar",https://economictimes.indiatimes.comhttps://economictimes.indiatimes.com/news/economy/foreign-trade/amid-raging-tariff-war-india-only-country-to-have-reached-an-understanding-with-trump-says-jaishankar/articleshow/120132410.cms,"India had decided that it would engage the Trump administration on the issue, Jaishankar said. India has had more discussion with the US in the past two weeks than it had with the EU in the past two years, he added."
Wait for this volatility to play out: Ashwani Gujral,https://economictimes.indiatimes.comhttps://economictimes.indiatimes.com/markets/stocks/recos/wait-for-this-volatility-to-play-out-ashwani-gujral/articleshow/9989735.cms,"""...my take is to wait for this volatility to play out and then take the directional move."""
NSE to launch new IRF contract tomorrow,https://economictimes.indiatimes.comhttps://economictimes.indiatimes.com/markets/bonds/nse-to-launch-new-irf-contract-tomorrow/articleshow/47458500.cms,An IRF is a contract between a buyer and a seller agreeing to the future delivery of any interest-bearing asset such as government bonds.
Q4 earnings better than expectations; all eyes on RBI review: Dipan Mehta,https://economictimes.indiatimes.comhttps://economictimes.indiatimes.com/markets/stocks/recos/q4-earnings-better-than-expectations-all-eyes-on-rbi-review-dipan-mehta/articleshow/47444079.cms,"The expectations from the earning season were quite low, which certainly helped in reining in the prices, says Mehta."
Realty stocks shine; HDIL surges 24%,https://economictimes.indiatimes.comhttps://economictimes.indiatimes.com/markets/stocks/news/realty-stocks-shine-hdil-surges-24/articleshow/46826764.cms,"Among others, Unitech jumped 8 per cent, Indiabulls Real Estate surged 7.25 per cent and Anant Raj Ltd climbed 6.24 per cent."
Economy could grow at 7% this fiscal: Montek,https://economictimes.indiatimes.comhttps://economictimes.indiatimes.com/news/economy/indicators/economy-could-grow-at-7-this-fiscal-montek/articleshow/3755643.cms,"The Planning Commission today said even though RBI estimated India's economy to grow at 7.5-8 per cent in the current fiscal, the GDP growth rate would be a shade lower at seven per cent against nine per cent in 2007-08."
Rupee opens 11 paise up at 74.93 against dollar,https://economictimes.indiatimes.comhttps://economictimes.indiatimes.com/markets/forex/rupee-opens-11-paise-up-at-74-93-against-dollar/articleshow/77365087.cms,The rupee on Wednesday opened 11 paise higher at 74.93 against the US dollar following gains in the domestic equity market.
"Earnings need to rebound to catch up with valuations, justify fresh buying: Pramod Gubbi",https://economictimes.indiatimes.comhttps://economictimes.indiatimes.com/markets/stocks/recos/earnings-need-to-rebound-to-catch-up-with-valuations-justify-fresh-buying-pramod-gubbi/articleshow/46619377.cms,"Valuations have reached levels where you desperately need a recovery in earnings to justify fresh buying, said Gubbi in an interview to ET Now."
RBI Monetary Policy live streaming: When and where to watch the key announcement?,https://economictimes.indiatimes.comhttps://economictimes.indiatimes.com/news/new-updates/rbi-mpc-meet-live-streaming-when-and-where-to-watch-reserve-bank-of-india-governor-sanjay-malhotra/articleshow/124246928.cms,"RBI Governor Sanjay Malhotra will announce the Monetary Policy Committee's October decision on Wednesday at 10 am. The six-member panel faces a tough choice, balancing low inflation and economic growth concerns, exacerbated by US tariffs. A rate cut is anticipated as inflation hovers near the lower target, potentially easing further post-tax cuts. Watch live on RBI's official platforms."
RBI policy acts big on banking frauds: New AI tool MuleHunter.ai by RBI to help reduce digital frauds,https://economictimes.indiatimes.comhttps://economictimes.indiatimes.com/wealth/save/rbi-acts-big-on-banking-frauds-new-ai-tool-mule-hunter-ai-by-rbi-to-help-reduce-digital-frauds/articleshow/116031245.cms,"Reserve Bank of India: The RBI innovation hub in Bengaluru has developed a new artificial intelligence based system to reduce digital frauds using money mule accounts. ""In India, mule accounts are being opened by legitimate Indian nationals who are selling off the use of the accounts (the ""Accomplice"" persona). This makes the account harder to detect at onboarding,"" said BioCatch in an report."
"Stock market update: Bank stocks mixed ahead of RBI's policy outcome; IndusInd Bank, Kotak Bank rise 1%",https://economictimes.indiatimes.comhttps://economictimes.indiatimes.com/markets/stocks/news/stock-market-update-bank-stocks-mixed-ahead-of-rbis-policy-outcome-indusind-bank-kotak-bank-rise-1/articleshow/65222826.cms,"The Nifty Bank index was trading almost flat at 27,756 around 09:45 am."
"ET Market Watch: Markets slip post RBI policy; IT & pharma drag, Trump’s tariff warning jolts sentiment",https://economictimes.indiatimes.comhttps://economictimes.indiatimes.com/markets/stocks/etmarkets-podcast/et-market-watch-markets-slip-post-rbi-policy-it-pharma-drag-trumps-tariff-warning-jolts-sentiment/videoshow/123143744.cms,
"Market Now: BSE Smallcap index up 2%; HEG, JBM Auto among top gainers",https://economictimes.indiatimes.comhttps://economictimes.indiatimes.com/markets/stocks/news/market-now-bse-smallcap-index-up-2-heg-jbm-auto-among-top-gainersbrbr/articleshow/62816163.cms,"Equity market benchmarks opened in the green on Wednesday, but pared gains ahead of the outcome of the two-day RBI policy meet."
Reserve Bank of India may find little comfort in easing inflation,https://economictimes.indiatimes.comhttps://economictimes.indiatimes.com/news/economy/policy/reserve-bank-of-india-may-find-little-comfort-in-easing-inflation/articleshow/103633543.cms,"“It is too early for the RBI policy committee to let its guard down as inflation remains above the 4% target, with risks to the price outlook from sticky food segments, lower reservoir levels and developing El Nino as the winter crop approaches,” said Radhika Rao, economist with DBS Bank Ltd."
Indian economy going through a mild recession: Shankar Sharma,https://economictimes.indiatimes.comhttps://economictimes.indiatimes.com/news/economy/indicators/indian-economy-going-through-a-mild-recession-shankar-sharma/articleshow/20643085.cms,"'The macros and interest rates are not supportive of growth right now. RBI's policy has done a huge damage to India's growth prospects,' Sharma said."
"PNB, IOB cut lending rates by 75 basis points",https://economictimes.indiatimes.comhttps://economictimes.indiatimes.com/industry/banking/finance/banking/pnb-iob-cut-lending-rates-by-75-basis-points/articleshow/74917893.cms,"""We have decided to pass on the full benefit of the recent RBI's policy rate cut of 75 bps to our borrowers covered under external benchmark-linked product of repo-linked lending rate (RLLR),"" PNB said in a statement."
India Inc asks RBI to cut rate before January policy,https://economictimes.indiatimes.comhttps://economictimes.indiatimes.com/news/economy/policy/india-inc-asks-rbi-to-cut-rate-before-january-policy/articleshow/17666072.cms,"Terming RBI's policy as ""harsh and disappointing"", India Inc today asked the central bank to cut interest rates before January 29 policy review."
Loan growth in India likely to pick up amid push from govt/RBI and stabilising asset quality: Nomura,https://economictimes.indiatimes.comhttps://economictimes.indiatimes.com/industry/banking/finance/loan-growth-in-india-likely-to-pick-up-amid-push-from-govt/rbi-and-stabilising-asset-quality-nomura/articleshow/123936765.cms,"Nomura projects India’s loan growth to rise to 12% YoY by FY26, driven by stabilising asset quality, RBI policy easing, liquidity support, and tax relief. Stronger growth is expected in unsecured retail loans, about 10% of system credit. While asset quality in personal, credit card, and small business loans has improved, stress persists in NBFC, SFB, and microfinance segments."
Rate risk: RBI can end up with a dal-rice problem on its plate,https://economictimes.indiatimes.comhttps://economictimes.indiatimes.com/news/economy/policy/rate-risk-rbi-can-end-up-with-a-dal-rice-problem-on-its-plate/articleshow/101391044.cms,"The late arrival of monsoon in India and shrinking sowing areas for rice and pulses could lead to a hike in food prices, potentially keeping RBI on hold for longer than expected. Rice accounts for 4.4% of the consumer price index (CPI) basket, and tur dal has a 0.8% weight in retail inflation. A deficient monsoon could push food inflation up by 50-60 basis points, according to economists."
CRR cut will improve bank margins by 3 to 5 basis points,https://economictimes.indiatimes.comhttps://economictimes.indiatimes.com/industry/banking/finance/banking/crr-cut-will-improve-bank-margins-by-3-to-5-basis-points/articleshow/116048010.cms,"The Reserve Bank of India (RBI) cut the cash reserve ratio (CRR) by 50 basis points to inject ₹1.16 lakh crore into the banking system. This move aims to ease liquidity concerns, potentially boosting bank net interest margins by 3 to 5 basis points."
"Rupee recovers from day's lows, settles 20 paise higher",https://economictimes.indiatimes.comhttps://economictimes.indiatimes.com/markets/forex/rupee-recovers-from-days-lows-settles-20-paise-higher/articleshow/71426722.cms,Rupee recovered from morning lows amid foreign fund inflows in primary market and lower dollar index.
RBI raises repo rate by 50 bps to 5.4%,https://economictimes.indiatimes.comhttps://economictimes.indiatimes.com/news/economy/policy/rbi-raises-repo-rate-by-50-bps-to-5-4/videoshow/93362266.cms,
"Zero growth, credit freeze, price rise, demand squeeze… RBI report shows economy in a tight spot",https://economictimes.indiatimes.comhttps://economictimes.indiatimes.com/markets/stocks/news/zero-growth-credit-freeze-price-rise-demand-squeeze-rbi-report-shows-economy-in-a-tight-spot/articleshow/75886104.cms,"The silver lining, if any, comes from the agriculture sector, says RBI."
Dalal Street cheers as RBI Governor refuses to “rock the boat”,https://economictimes.indiatimes.comhttps://economictimes.indiatimes.com/markets/stocks/news/dalal-street-cheers-as-rbi-governor-refuses-to-rock-the-boat/articleshow/86860821.cms,RBI Governor Das’ comments on the future course of action of monetary policy amid ramping up of economic growth and elevated inflation that drew the loudest cheer from Dalal Street.
RBI holds policy rates; what should be in your debt mutual fund portfolio?,https://economictimes.indiatimes.comhttps://economictimes.indiatimes.com/mf/analysis/rbi-holds-policy-rates-what-should-be-in-your-debt-mutual-fund-portfolio/articleshow/80701885.cms,"The Reserve Bank of India, in its latest bi-monthly monetary meet, decided to keep the repo rate unchanged at 4%."
RBI rate hike on expected lines; policy focuses more on inflation despite recent moderation: Bankers,https://economictimes.indiatimes.comhttps://economictimes.indiatimes.com/news/economy/policy/rbi-rate-hike-on-expected-lines-policy-focuses-more-on-inflation-despite-recent-moderation-bankers/articleshow/97737823.cms,"It can be noted that the last two readings of the headline inflation have come within the upper tolerance band of the central bank and some analysts, including in-house economists at the country's largest lender SBI were expecting a pause on rate hike."
RBI may go for last rate hike this cycle & take a long pause: Chetan Ahya,https://economictimes.indiatimes.comhttps://economictimes.indiatimes.com/markets/expert-view/rbi-may-go-for-last-rate-hike-this-cycle-take-a-long-pause-chetan-ahya/articleshow/97680660.cms,"“Morgan Stanley’s regional strategist from a market's perspective has been arguing that India will underperform China because China's valuations are lower and earnings growth will accelerate because of reopening whereas for India, the concern is really the valuations because of which they are underweight on India and the region portfolio.”"
Stressed assets are like ICU patients; early recognition can help better recovery: SBI chief,https://economictimes.indiatimes.comhttps://economictimes.indiatimes.com/markets/stocks/news/stressed-assets-are-like-one-in-icu-early-recognition-can-help-better-recovery-sbi-chief/articleshow/69722224.cms,"All lenders should take the guidelines in the right spirit, Rajnish Kumar said."
"RBI bites the bullet, hikes repo rate by 25 bps for second time in a row",https://economictimes.indiatimes.comhttps://economictimes.indiatimes.com/markets/stocks/news/rbi-bites-the-bullet-hikes-repo-rate-by-25-bps-for-second-time-in-a-row/articleshow/65226979.cms,Consumer prices rose to 5 per cent in June from 4.87 per cent in May.
RBI likely to raise rate by 25 bps,https://economictimes.indiatimes.comhttps://economictimes.indiatimes.com/markets/stocks/news/rbi-likely-to-raise-rate-by-25-bps/articleshow/66022425.cms,"With the currency still under pressure and crude oil prices crossing $80, the rate increase cycle is far from over."
RBI lowers retail inflation projection to 3.9-4.5% for H2 FY19,https://economictimes.indiatimes.comhttps://economictimes.indiatimes.com/news/economy/indicators/rbi-lowers-retail-inflation-projection-to-3-9-4-5-for-h2-fy19/videoshow/66085780.cms,
"RBI likely to take a ‘whatever it takes’ stance today, a la US Fed",https://economictimes.indiatimes.comhttps://economictimes.indiatimes.com/markets/stocks/news/rbi-likely-to-take-a-whatever-it-takes-stance-today-a-la-us-fed/articleshow/81943520.cms,"Today, the stricter-than-expected restrictions in Maharashtra have brought into doubt expectations of double-digit economic growth."
Space for RBI rate cut vanishes; but ample liquidity in the system,https://economictimes.indiatimes.comhttps://economictimes.indiatimes.com/markets/stocks/news/space-for-rbi-rate-cut-vanishes-but-ample-liquidity-in-the-system/articleshow/79567812.cms,"MPC’s concern that price pressures are spreading, and the stated need for monitoring threats to price stability to anchor macroeconomic and financial stability, suggest that an extended pause is likely, despite its desire to nurture the nascent economic revival."
"More freedom to banks, further rate cut not ruled out: 10 key takeaways from policy meet",https://economictimes.indiatimes.comhttps://economictimes.indiatimes.com/markets/stocks/news/more-freedom-to-banks-further-rate-cut-not-ruled-out-10-key-takeaways-from-policy-meet/articleshow/77391242.cms,RBI gave more freedom to banks to deal with loans while keeping mum on moratorium. The monetary policy committee (MPC) said India’s GDP growth is likely to slip in the red during the fiscal year.
ETMarkets Evening Podcast: Is it time to add quality stocks on dips?,https://economictimes.indiatimes.comhttps://economictimes.indiatimes.com/markets/stocks/etmarkets-podcast/etmarkets-evening-podcast-is-it-time-to-add-quality-stocks-on-dips/videoshow/73906627.cms,
Favourable macro trends support rate cut expectations; tactical bond allocation advised: Puneet Pal,https://economictimes.indiatimes.comhttps://economictimes.indiatimes.com/markets/bonds/favourable-macro-trends-support-rate-cut-expectations-tactical-bond-allocation-advised-puneet-pal/articleshow/124890976.cms,Indian bond markets are stable as rate cut expectations rise before the RBI's December policy meeting. Favourable economic indicators like low inflation and steady growth support monetary easing. Investors can consider allocating to corporate bond funds with up to five-year maturities. Tactical duration exposure via dynamic bond funds is also advised. A 12-18 month investment horizon is ideal.
Axis Securities names Bank of Baroda among top 3 technical picks with upside potential up to 18%,https://economictimes.indiatimes.comhttps://economictimes.indiatimes.com/markets/stocks/news/axis-securities-names-bank-of-baroda-among-top-3-technical-picks-with-upside-potential-up-to-18/slideshow/124316264.cms,
"RBI sets tone right to boost economy; liquidity support, widening of G-sec mkt welcome steps: Bankers",https://economictimes.indiatimes.comhttps://economictimes.indiatimes.com/news/economy/policy/rbi-sets-tone-right-to-boost-economy-liquidity-support-widening-of-g-sec-mkt-welcome-steps-bankers/articleshow/80709944.cms,The Reserve Bank of India in its final monetary review of this fiscal decided to keep the key repo rate -- at which it lends short term capital to banks -- unchanged at 4 per cent with an accommodative stance to support growth and ensure there are no adverse price pressures.
Betting on two sectors right now: Deven Choksey,https://economictimes.indiatimes.comhttps://economictimes.indiatimes.com/markets/expert-view/betting-on-two-sectors-right-now-deven-choksey/articleshow/61925952.cms,"The Gujarat election outcome is very important for the market and country as a whole, says Choksey"
"'BUY' OR 'SELL' ideas by experts for Thursday, March 15",https://economictimes.indiatimes.comhttps://economictimes.indiatimes.com/markets/stocks/recos/buy-or-sell-ideas-by-experts-for-thursday-march-15/articleshow/12272032.cms,ET Now spoke to various experts and here's what they have to recommend for today's trade:
Latest ICICI Bank home loan interest rate,https://economictimes.indiatimes.comhttps://economictimes.indiatimes.com/wealth/borrow/latest-icici-bank-home-loan-interest-rate/articleshow/92996747.cms,"Since May 2022, the repo rate has increased by 90 basis points at the Reserve Bank of India (RBI). Due to this, many banks, including ICICI Bank, have raised their interest rates on house loan"
"History repeats itself; like few others, India will grow at 7-8% for next 20 years: Sunil Singhania",https://economictimes.indiatimes.comhttps://economictimes.indiatimes.com/opinion/interviews/history-repeats-itself-like-few-others-india-will-grow-at-7-8-for-next-20-years-sunil-singhania/articleshow/49982567.cms,"What we have created over the last 67 years is going to be duplicated over the next seven-eight years, says Singhania."
"Market being buoyed by companies delivering positive surprises: David Pezarkar, Daiwa AMC",https://economictimes.indiatimes.comhttps://economictimes.indiatimes.com/opinion/interviews/market-being-buoyed-by-companies-delivering-positive-surprises-david-pezarkar-daiwa-amc/articleshow/20292902.cms,We have continued to see positive sentiment as far as the market is concerned largely on the back of easy liquidity conditions.
"IIP data a reflection of sharp slowdown in economy: Sanjay Sinha, Citrus Advisors",https://economictimes.indiatimes.comhttps://economictimes.indiatimes.com/opinion/interviews/iip-data-a-reflection-of-sharp-slowdown-in-economy-sanjay-sinha-citrus-advisors/articleshow/16366291.cms,"""What the IIP number is showing us is a broader trend of a very sharp slowdown in the economy, which is already getting corroborated by other numbers like automobile numbers and mobile subscriber base,"" says Sanjay Sinha."
"9,581-9,520 to provide immediate support to Nifty in case of decline",https://economictimes.indiatimes.comhttps://economictimes.indiatimes.com/markets/stocks/news/9581-9520-to-provide-immediate-support-to-nifty-in-case-of-decline/articleshow/58994233.cms,A marginal cool off in terms of narrow consolidation can give pullback for acceleration.
"Be on guard! With major events out of the way, market is now on its own",https://economictimes.indiatimes.comhttps://economictimes.indiatimes.com/markets/stocks/news/with-major-events-out-of-the-way-markets-will-now-find-its-own-level/articleshow/74022292.cms,"From a long-term perspective, the Budget has a lot of ingredients to drive economic growth."
GIFT Nifty up 10 points; here's the trading setup for today's session,https://economictimes.indiatimes.comhttps://economictimes.indiatimes.com/markets/stocks/news/pre-market-action-heres-the-trade-setup-for-todays-session/articleshow/124239434.cms,"Benchmark indices closed flat as market attention turned to the RBI MPC outcome, where a status quo on the repo rate is anticipated. Analysts expect a range-bound market, with Nifty's short-term outlook negative. The rupee hit a record low, while FIIs net sold shares amid global uncertainties."
"IDBI Bank cuts home loan, deposit rates",https://economictimes.indiatimes.comhttps://economictimes.indiatimes.com/wealth/personal-finance-news/idbi-bank-cuts-home-loan-deposit-rates/articleshow/4214205.cms,"On the heels of leading state-owned banks cutting their lending rates, IDBI Bank on Monday slashed its home loan rates by up to 1 per cent."
Rupee opens 22 paise up at 75.88 against dollar,https://economictimes.indiatimes.comhttps://economictimes.indiatimes.com/markets/forex/rupee-opens-22-paise-up-at-75-88-against-dollar/articleshow/74821781.cms,Domestic forex market was closed on Wednesday on account of Gudi Padwa.
Rupee opens 9 paise up at 70.95 against dollar,https://economictimes.indiatimes.comhttps://economictimes.indiatimes.com/markets/forex/rupee-opens-9-paise-up-at-70-95-against-dollar/articleshow/71304755.cms,The local currency inched lower by 3 paise to close at 71.04 against the greenback on Wednesday.
"IDBI Bank cuts home loan, deposit rates",https://economictimes.indiatimes.comhttps://economictimes.indiatimes.com/wealth/personal-finance-news/idbi-bank-cuts-home-loan-deposit-rates/articleshow/4220518.cms,"Close on the heels of leading state-owned banks cutting their lending rates, IDBI Bank on Tuesday slashed its home loan rates by upto one per cent for new customers effective from Wednesday."
CLSA cuts GDP forecast to 5.2% from 5.5% for FY14,https://economictimes.indiatimes.comhttps://economictimes.indiatimes.com/news/economy/indicators/clsa-cuts-gdp-forecast-to-5-2-from-5-5-for-fy14/articleshow/21643347.cms,"From an expenditure GDP perspective, the ongoing consumption slowdown will overlap the delayed improvement in investment, the brokerage said."
