title,url,summary,War_Sentiment_Label,War_Pos,War_Neg,War_Neu
RBI policy press conference: Here's everything that came up for discussion,https://economictimes.indiatimes.com/news/economy/policy/rbi-policy-press-conference-heres-everything-that-came-up-for-discussion/articleshow/131529792.cms,The Reserve Bank of India unveiled new measures to attract deposits and bolster the economy. Governor Sanjay Malhotra discussed strategies for economic growth and inflation management. The central bank aims to draw in foreign exchange through various initiatives. These steps are designed to ensure a stable economic environment and encourage investment.,Neutral,0.19595250487327576,0.017563447821885347,0.7864840030670166
Rupee rises 50 paise to 95.24 against US dollar post RBI policy decision,https://economictimes.indiatimes.com/markets/forex/forex-news/rupee-rises-50-paise-to-95-24-against-us-dollar-post-rbi-policy-decision/articleshow/131523056.cms,"The rupee strengthened significantly against the US dollar, gaining 50 paise to reach 95.24 following the RBI's liberalization of FPI investment norms in government securities. This move, coupled with the central bank's assertion of robust forex reserves, boosted investor confidence. The RBI also maintained its repo rate at 5.25% and adjusted GDP and inflation projections.",Positive,0.6642660101254781,0.028021409486730892,0.3077126157780488
"Rupee inches up, defies Asian peers; caution prevails before RBI policy",https://economictimes.indiatimes.com/markets/forex/rupee-inches-up-defies-asian-peers-caution-prevails-before-rbi-policy/articleshow/131521607.cms,"The Indian rupee strengthened on Friday, defying subdued Asian markets ahead of a key policy decision. While a currency trader noted flow-driven adjustments, overall caution prevails as the Reserve Bank of India prepares to announce its policy, with markets watching for potential rate hikes amid inflation and currency pressures.",Positive,0.5135276317596436,0.39356425404548645,0.09290812164545059
"R Gandhi calls RBI policy 'on expected lines', sees no immediate rate hike risks",https://economictimes.indiatimes.com/markets/expert-view/r-gandhi-calls-rbi-policy-on-expected-lines-sees-no-immediate-rate-hike-risks/articleshow/131526672.cms,The Reserve Bank of India has maintained its neutral policy stance and kept interest rates steady. The central bank has adjusted its forecasts for economic growth and inflation. New measures are in place to encourage foreign investment. These steps aim to stabilize the Indian Rupee. Experts believe these decisions align with market expectations.,Neutral,0.11263727396726608,0.04058557376265526,0.8467771410942078
India bonds end flat as RBI policy caution offsets cooler oil,https://economictimes.indiatimes.com/markets/bonds/india-bonds-end-flat-as-rbi-policy-caution-offsets-cooler-oil/articleshow/131463652.cms,"Brent crude and U.S. Treasury yields eased in Asian trade, taking some pressure off India's oil-sensitive ⁠curve.",Negative,0.30365633964538574,0.6505083441734314,0.04583534970879555
Indian bonds steady as U.S.-Iran tensions linger; RBI policy review due Friday,https://economictimes.indiatimes.com/markets/bonds/indian-bonds-steady-as-u-s-iran-tensions-linger-rbi-policy-review-due-friday/articleshow/131455015.cms,"Indian government bonds saw little movement early Tuesday. Investors are adopting a cautious stance ahead of the Reserve Bank of India's policy decision later this week. Lingering U.S.-Iran tensions and upcoming state and central government bond sales are also keeping traders on the sidelines, leading to shallow trading volumes.",Negative,0.020300119183957577,0.8893947005271912,0.09030522033572197
India bonds slip ahead of RBI policy as war risks lift oil,https://economictimes.indiatimes.com/markets/bonds/india-bonds-slip-ahead-of-rbi-policy-as-war-risks-lift-oil/articleshow/131442741.cms,"The Reserve Bank of India will announce its rate decision on Friday, with markets largely pricing in a pause even as Standard Chartered, ⁠Capital Economics, ⁠ANZ, MUFG and OCBC call for a 25-basis-point hike.",Neutral,0.2159242033958435,0.3163609802722931,0.467714786529541
"Currency, bond markets await RBI cues from MPC meet",https://economictimes.indiatimes.com/markets/forex/forex-news/currency-bond-markets-await-rbi-cues-from-mpc-meet/articleshow/131519073.cms,"The Indian rupee and benchmark bond yields traded narrowly on Thursday ahead of Friday's policy rate decision and potential currency support measures. The rupee closed at 95.78, with the RBI intervening to prevent further depreciation. Markets awaited key announcements, while dollar demand from oil companies persisted.",Neutral,0.2540633976459503,0.2122505009174347,0.533686101436615
RBI MPC June meet 2026: What's cheaper and what's costlier,https://economictimes.indiatimes.com/news/economy/policy/rbi-mpc-june-2026-whats-cheaper-and-whats-costlier/articleshow/131522394.cms,The Reserve Bank of India has maintained the repo rate at 5.25%. This decision comes as policymakers assess the effects of higher energy prices and supply chain issues. The ongoing West Asia conflict is a key factor. Home loans and business borrowing costs are expected to remain stable. Savers will likely see fixed deposit rates stay near current levels.,Positive,0.5670946389436722,0.02797281090170145,0.40493257716298103
RBI MPC Meeting at a Glance: Your one-stop guide for all key decisions,https://economictimes.indiatimes.com/news/economy/policy/rbi-mpc-meeting-2026-at-a-glance-rbi-governor-sanjay-malhotra-speech-highlights-repo-rate-policy-decisions/articleshow/131518830.cms,RBI Monetary Policy Meeting Highlights: Reserve Bank Governor Sanjay Malhotra will announce the Monetary Policy Committee's decision on Friday. The key policy rate is expected to remain unchanged at 5.25%. This pause reflects a cautious approach amid the West Asia conflict. The conflict poses risks to inflation and economic growth. The committee began its meeting on Wednesday. Retail inflation has moderated to 3.48%.,Negative,0.10278568044304848,0.6158622056245804,0.28135209530591965
"India likely to outpace RBI growth forecasts, says World Bank's Neelkanth Mishra",https://economictimes.indiatimes.com/news/economy/policy/india-likely-to-outpace-rbi-growth-forecasts-says-world-banks-neelkanth-mishra/articleshow/131528831.cms,"India's economy is set for robust growth, exceeding Reserve Bank of India forecasts, World Bank Executive Director Neelkanth Mishra said. According to him, the economy is performing significantly better than official projections. He also supported RBI's decision to maintain interest rates.",Positive,0.9485400915145874,0.02162274159491062,0.029837148264050484
"Bank stocks rally as RBI steps lift mood, trigger short covering",https://economictimes.indiatimes.com/markets/stocks/news/bank-stocks-rally-as-rbi-steps-lift-mood-trigger-short-covering/articleshow/131622575.cms,"On Tuesday, bank stocks rocketed upwards following strategic interventions by the Reserve Bank of India aimed at shielding foreign currency loans. This move has revitalized investor confidence, propelling Bank Nifty to a remarkable close above 55,000. Many banks saw impressive gains, and experts forecast that these measures will enhance deposit growth while reducing overall funding expenses.",Positive,0.7977848052978516,0.17360953986644745,0.02860567532479763
GIFT Nifty tumbles 1.5% as US stock market plunges. Will Dalal Street crash on Monday?,https://economictimes.indiatimes.com/markets/stocks/news/gift-nifty-tumbles-1-5-as-us-stock-market-plunges-will-dalal-street-crash-on-monday/articleshow/131545625.cms,"GIFT Nifty plunged over 1.5% after a sharp selloff on Wall Street, signalling a weak start for Dalal Street on Monday. Strong US jobs data fuelled fears of prolonged higher interest rates, pushing Treasury yields higher and triggering a broad market decline. Analysts expect volatility amid global and domestic uncertainties.",Negative,0.09308017045259476,0.8789546489715576,0.027965117245912552
RBI MPC highlights: Top decisions announced by Governor Sanjay Malhotra & Co,https://economictimes.indiatimes.com/news/economy/policy/rbi-mpc-highlights-top-decisions-announced-by-governor-sanjay-malhotra-co/articleshow/131521364.cms,"RBI Monetary Policy Meeting Highlights: Reserve Bank Governor Sanjay Malhotra announced the Monetary Policy Committee's (MPC) decision, with repo rate remaining unchanged at 5.25%. At its previous policy review in April, the RBI had kept rates unchanged, choosing to closely monitor the evolving geopolitical situation and its potential impact on energy prices, inflation and economic activity.",Neutral,0.10028839856386185,0.28040003776550293,0.6193116307258606
"Stock pickers’ market ahead as RBI flags risks; largecaps, banks and capex plays offer value: George Heber Joseph",https://economictimes.indiatimes.com/markets/expert-view/stock-pickers-market-ahead-as-rbi-flags-risks-largecaps-banks-and-capex-plays-offer-value-george-thomas/articleshow/131549054.cms,"George Heber Joseph of ASK Investment Managers believes Indian markets have entered a stock pickers’ phase as RBI flags inflation and growth risks. He favours largecaps, banks, healthcare and capex-linked sectors, while cautioning against expensive smallcaps. With geopolitical tensions and rising energy prices weighing on sentiment, selective investing remains key.",Neutral,0.22410766780376434,0.024216189980506897,0.7516761422157288
"Rupee dips; RBI-led relief may fade without inflow measures, bankers say",https://economictimes.indiatimes.com/markets/forex/rupee-dips-rbi-led-relief-may-fade-without-inflow-measures-bankers-say/articleshow/131500098.cms,"The Indian Rupee declined on Thursday, continuing a two-day fall. Weaker Asian currencies and importer hedging impacted the Rupee. The Reserve Bank of India's intervention had previously supported the currency. Future RBI policy actions will be crucial. Asian currencies also weakened amid global tensions.",Positive,0.64727783203125,0.08346343040466309,0.2692587077617645
"RBI MPC Meeting 2026: West Asia war shock is a concern, but India can ride it out 'with minimum pain', says Sanjay Malhotra",https://economictimes.indiatimes.com/news/economy/policy/rbi-mpc-meeting-2026-global-war-impact-on-india-measures-strategy-india-inflation-india-can-ride-it-out-with-minimum-pain-says-sanjay-malhotra/articleshow/131519568.cms,"2026 RBI MPC Meeting: The Reserve Bank of India acknowledges global economic challenges from the West Asia conflict. Rising energy prices and supply chain issues create headwinds. However, India has built strong buffers. Diversified oil sourcing and robust foreign exchange reserves protect the economy. The central bank remains confident in managing external turbulence with minimal disruption.",Positive,0.861463874578476,0.024411968421190977,0.11412416398525238
Market Trading Guide: Ather Energy among 2 stock recommendations for Thursday,https://economictimes.indiatimes.com/markets/stocks/news/market-trading-guide-ather-energy-among-2-stock-recommendations-for-thursday/articleshow/131487881.cms,"Domestic markets rebounded from early losses despite rising Iran-US tensions, supported by strong gains in banking stocks. Analysts have recommended Ather Energy and J&K Bank for Thursday, citing bullish breakouts, healthy volumes, strong momentum indicators and favorable long-term technical structures.",Positive,0.9361693263053894,0.04335818439722061,0.02047247625887394
"Stable home loan interest rate to sustain housing demand: Industry bodies CREDAI, NAREDCO",https://economictimes.indiatimes.com/industry/services/property-/-cstruction/stable-home-loan-interest-rate-to-sustain-housing-demand-industry-bodies-credai-naredco/articleshow/131529757.cms,The RBI has kept the repo rate steady at 5.25 percent. Real estate industry bodies CREDAI and NAREDCO welcomed this move on Friday. They believe stable interest rates will support housing demand. This decision offers predictability for developers and homebuyers. It aims to maintain market stability amidst global economic challenges.,Positive,0.7414819598197937,0.015489738900214434,0.24302829429507256
More economic safeguards on the cards as West Asia conflict persists: Report,https://economictimes.indiatimes.com/news/economy/policy/more-economic-safeguards-on-the-cards-as-west-asia-conflict-persists-report/articleshow/131546346.cms,India is preparing new measures to protect its economy from the West Asia conflict. The government will introduce these steps gradually as needed. The focus is on ensuring supply of goods and raw materials. Stability in the rupee and foreign exchange is also a priority. This calibrated approach aims to manage emerging risks effectively.,Neutral,0.4520942158997059,0.02300415001809597,0.5249016806483269
"RBI MPC Meeting June 2026: Check date, time, expectations and where to watch Governor Sanjay Malhotra's speech live",https://economictimes.indiatimes.com/news/new-updates/rbi-mpc-meeting-june-2026-date-when-and-where-to-watch-governer-sanjay-malhotra-speech-online/articleshow/131480278.cms,"RBI MPC Meeting June 2026: The Reserve Bank of India's Monetary Policy Committee begins a crucial three-day meeting, with a policy announcement expected on June 5. Markets are closely watching for signals on interest rates amid rising crude oil prices and rupee pressure, though inflation remains contained. Economists largely anticipate the repo rate to remain unchanged at 5.25%.",Negative,0.2312847077846527,0.611908495426178,0.15680675208568573
RBI MPC Meeting 2026: Sanjay Malhotra & co warn weak monsoon could stir food inflation despite price stability,https://economictimes.indiatimes.com/news/economy/agriculture/rbi-mpc-monsoon-effect-2026-rbi-governor-statement-inflation-food-prices-rainfall-impact-india-economy-el-nino/articleshow/131519828.cms,"RBI monetary policy meeting: India's monsoon season is critical for farms and prices. A weak monsoon could impact crop yields and raise food costs. The Reserve Bank of India is watching weather closely. Inflation has already risen slightly. Experts warn of price pressures from rain, energy, and currency. Monsoon outcomes will shape India's economic path.",Negative,0.01944127306342125,0.8938539028167725,0.08670476078987122
Market Trading Guide: YES Bank among two stock picks for Monday with up to 10% upside scope,https://economictimes.indiatimes.com/markets/stocks/news/market-trading-guide-yes-bank-among-two-stock-picks-for-monday-with-up-to-10-upside-scope/articleshow/131421232.cms,"Equity markets saw broad-based selling pressure after weak monsoon forecasts raised concerns over food inflation, though falling crude oil prices and easing bond yields helped limit downside risks. Investors now await key domestic triggers, including the RBI policy decision and GDP data, while analysts have flagged YES Bank and NBCC as stocks with strong short-term bullish momentum and upside potential.",Negative,0.23888564109802246,0.7253624796867371,0.035751886665821075
"RBI expects healthy foreign capital inflows, better balance of payments after easing measures",https://economictimes.indiatimes.com/news/economy/policy/rbi-expects-healthy-foreign-capital-inflows-better-balance-of-payments-after-easing-measures/articleshow/131531701.cms,The RBI is introducing new measures to attract foreign investment. These steps aim to boost capital inflows and improve India's balance of payments. The central bank expects significant overseas funds to enter the country through various channels. These initiatives are designed to make it easier for foreign investors to participate in India's financial markets.,Positive,0.7942155599594116,0.00784775149077177,0.19793666899204254
"RBI's foreign capital push reflects rising inflation, slowing growth concerns: Report",https://economictimes.indiatimes.com/news/economy/policy/rbis-bold-move-to-attract-foreign-capital-amidst-rising-inflation-and-slowing-growth-concerns/articleshow/131551198.cms,"The Reserve Bank of India is introducing new measures to attract foreign investment. This move aims to tackle rising inflation, slowing economic growth, and external sector pressures. The central bank is focusing on boosting capital inflows to manage the country's balance of payments. These steps are designed to support the rupee and domestic liquidity in the short to medium term.",Positive,0.8654640316963196,0.01124646794050932,0.12328949570655823
"Finance ministry flags inflation risks ahead of RBI policy as fuel prices, monsoon concerns mount",https://economictimes.indiatimes.com/news/economy/policy/finance-ministry-flags-inflation-risks-ahead-of-rbi-policy-as-fuel-prices-monsoon-concerns-mount/articleshow/131406937.cms,"India faces rising inflation risks. Fuel prices are up, the rupee is weak, and a poor monsoon looms. The Finance Ministry warns of renewed price pressures. This comes before the Reserve Bank of India's policy decision. Wholesale price increases are a concern. Global conflicts also pose a threat to India's economy.",Negative,0.01585626369342208,0.9213629961013794,0.06278068199753761
"MPC Forex Level: India’s forex reserves remain healthy at $682.3 billion, says RBI Governor Sanjay Malhotra",https://economictimes.indiatimes.com/news/economy/indicators/rbi-monetary-policy-2026-forex-level-impact-currency-trading-forex-market-today-usd-inr-rate-indias-forex-reserves-remain-healthy-at-682-3-billion-says-rbi-governor-malhotra/articleshow/131520464.cms,"India's foreign exchange reserves are strong at $682.3 billion. The Reserve Bank of India has used these reserves to stabilize the rupee. Despite recent declines, reserves remain sufficient for imports and external debt. Policy reforms and trade agreements are expected to boost the economy. India is well-positioned to handle global economic challenges.",Positive,0.5194458961486816,0.04804113134741783,0.4325129985809326
"RBI MPC Meeting 2026: Sanjay Malhotra & Co hold rates steady at 5.25% as oil shock, weak rupee & West Asia war cloud outlook",https://economictimes.indiatimes.com/news/economy/policy/rbi-monetary-policy-meeting-2026-key-announcements-repo-rate-updates-sanjay-malhotra-key-decisions-gdp-inflation-rupee-west-asia-war-strait-of-hormuz-oil/articleshow/131521366.cms,"RBI Monetary Policy Meeting 2026: The Reserve Bank of India maintained the repo rate at 5.25%, balancing inflation risks from rising crude oil prices and a weakening rupee against the need to support economic growth. The decision comes amid geopolitical tensions and concerns over a below-normal monsoon, with the central bank closely monitoring future rate trajectories.",Negative,0.2816150262951851,0.44925083220005035,0.26913411170244217
"FIIs, weak global cues among 5 factors that could keep D-St under pressure this week",https://economictimes.indiatimes.com/markets/stocks/news/fiis-weak-global-cues-among-5-factors-that-could-keep-d-st-under-pressure-this-week/articleshow/131561835.cms,"Indian stock markets may remain under pressure this week amid persistent FII selling, weak global cues, rising geopolitical tensions in West Asia and elevated crude oil prices. While RBI’s policy measures and steps to attract foreign capital could support sentiment, investors will closely track monsoon progress, inflation concerns, global market trends and institutional flows for further market direction.",Negative,0.012644758448004723,0.9633763432502747,0.02397894859313965
"Sensex falls over 300 points, Nifty below 23,350 amid persistent FII selling",https://economictimes.indiatimes.com/markets/stocks/news/sensex-falls-over-300-points-nifty-below-23350-amid-persistent-fii-selling/articleshow/131496030.cms,"Indian stock markets opened lower on Thursday, with Sensex and Nifty declining due to persistent FII selling and global headwinds. Geojit Investments noted that geopolitical uncertainties in West Asia and FPI outflows are weighing on the market, suggesting a cautious approach for investors.",Negative,0.06042201444506645,0.8210092782974243,0.11856868863105774
RBI reviews expected credit loss rules amid concerns over impact on SME credit costs,https://economictimes.indiatimes.com/industry/banking/finance/banking/rbi-reviews-expected-credit-loss-rules-amid-concerns-over-impact-on-sme-credit-costs/articleshow/131449270.cms,"The Reserve Bank of India is taking a closer look at its credit loss regulations, which may result in higher borrowing costs for small and mid-sized firms. With rating agencies recently exceeding default rate benchmarks, there is a chance of elevated risk weights for these businesses.",Positive,0.8474782705307007,0.1113821268081665,0.04113949090242386
"RBI MPC Meeting 2026 Highlights: Sanjay Malhotra & co keeps repo rate unchanged, flags economic risks as Iran war impact penetrates into economy",https://economictimes.indiatimes.com/news/newsblogs/rbi-monetary-policy-meeting-2026-live-updates-repo-rate-india-gdp-growth-reserve-bank-of-india-governor-sanjay-malhotra-speech-announcements-highlights-5th-june-latest-updates-west-asia-conflict-inflation-forex-gold/liveblog/131519170.cms,"RBI Monetary Policy Meeting: The Reserve Bank of India (RBI) Governor Sanjay Malhotra, under the latest Monetary Policy Committee (MPC), announced its decision to keep the repo rate unchanged and maintain the neutral stance. The June Monetary Policy Committee meeting, led by Governor Sanjay Malhotra, came at a time when the Indian economy is facing impacts of the conflict in West Asia at multiple levels. The Governor said that the duration of supply chain disruptions and its impact on prices foremost concern right now. Repo rate unchanged The repo rate, decided by the Reserve Bank of India, is the interest rate at which the central bank lends short-term funds to commercial banks. The central bank has unanimously decided to keep the key lending rate unchanged at 5.25 per cent and remain data-dependent to closely monitor the developments.",Negative,0.12078767083585262,0.47302716597914696,0.406185120344162
"Sensex recovers 700 points from day’s low, Nifty rises above 23,450. 5 key factors behind market rebound",https://economictimes.indiatimes.com/markets/stocks/news/sensex-recovers-700-points-from-days-low-nifty-rises-above-23450-5-key-factors-behind-market-rebound/articleshow/131495930.cms,"Indian stock markets staged a strong comeback, with Sensex and Nifty recovering significantly from morning lows. Falling oil prices, a strengthening rupee, and potential scrapping of capital gains tax on FPI investments in government securities boosted investor confidence. Broader markets also saw a sharp rebound, indicating positive sentiment despite recent foreign investor outflows.",Positive,0.9426800608634949,0.03287356346845627,0.024446461349725723
RBI likely to keep status quo on policy rate as threats loom,https://economictimes.indiatimes.com/news/economy/policy/status-quo-on-rbis-policy-rate-likely-as-threats-loom/articleshow/131429094.cms,"A majority of economists polled by ET predict the Reserve Bank of India will hold its policy rate steady at the upcoming June meeting. This decision comes amid concerns over geopolitical tensions and adverse weather forecasts, which threaten economic growth and could fuel inflation.",Negative,0.014457711949944496,0.9503684043884277,0.035173919051885605
Rupee rises 5 paise to 95.53 against US dollar in early trade,https://economictimes.indiatimes.com/markets/forex/rupee-rises-5-paise-to-95-53-against-us-dollar-in-early-trade/articleshow/131381857.cms,"The Indian Rupee gained ground against the US Dollar today. This rise follows an agreement between the US and Iran to extend a ceasefire. Forex traders believe this will ensure continued trade through the Strait of Hormuz. Stable oil prices offer relief to India, an oil-importing nation. However, foreign investment flows remain a key challenge for the Rupee's stability.",Positive,0.875976582368215,0.030344922095537186,0.09367852285504341
"RBI sees services exports, remittances cushioning current account in FY27",https://economictimes.indiatimes.com/news/economy/indicators/rbi-sees-services-exports-remittances-cushioning-current-account-in-fy27/articleshow/131423174.cms,"India's current account balance will see strong support in 2026-27. Robust growth in software and business services exports will be a key factor. Inward remittances from countries outside the Gulf will also contribute significantly. These strengths will help buffer the economy against global uncertainties. Policy measures are also expected to attract foreign investment, further bolstering the external sector.",Positive,0.9378811419010162,0.010713191237300634,0.05140564404428005
"Sensex tumbles over 1,100 points, Nifty below 23,200. 6 key factors behind today's D-Street rout",https://economictimes.indiatimes.com/markets/stocks/news/why-is-market-falling-today-sensex-drops-700-points-nifty-below-23300-5-key-factors-behind-today-d-street-rout/articleshow/131454333.cms,"Indian stock markets experienced a significant downturn on Monday, with benchmark indices Sensex and Nifty falling over 1% each. Rising Iran-US tensions, persistent FII selling, and a surge in oil prices contributed to a broad-based selloff, wiping out over Rs 3 lakh crore from market capitalization. IT stocks also saw considerable losses after a recent bull run.",Negative,0.011607709340751171,0.9682251811027527,0.020167067646980286
"RBI MPC meet: Central bank likely to maintain status quo on rates, adopt cautious approach amid West Asia crisis",https://economictimes.indiatimes.com/news/economy/policy/rbi-set-to-keep-rates-steady-amid-west-asia-crisis-experts-predict-cautious-economic-outlook/articleshow/131421956.cms,"Experts anticipate the Reserve Bank of India will maintain its key policy rate at 5.25 percent this week. The central bank is expected to adopt a cautious approach, considering potential inflation headwinds and growth challenges. Factors like West Asia turmoil, rising energy prices, and a weakening rupee are influencing this outlook.",Negative,0.07072574831545353,0.6305325776338577,0.2987416535615921
"June quarter earnings to determine market direction, says Sunil Subramaniam, warns on risks in near term",https://economictimes.indiatimes.com/markets/expert-view/june-quarter-earnings-to-determine-market-direction-says-sunil-subramaniam-warns-on-risks-in-near-term/articleshow/131277392.cms,"Market expert Sunil Subramaniam advised caution amid geopolitical uncertainty and rising input costs, while favouring consumer durables, capital goods and PSBs. He expects volatility to remain elevated as crude prices, RBI policy decisions and Q1 earnings determine market direction in coming months.",Positive,0.6649990975856781,0.053526684641838074,0.28147424943745136
Experts see possibility of 50-75 bps RBI rate hike amid inflation pressures,https://economictimes.indiatimes.com/markets/forex/experts-see-possibility-of-50-75-bps-rbi-rate-hike-amid-inflation-pressures/articleshow/131218489.cms,"Concerns are rising over India's economic outlook due to surging crude oil prices and inflation. Experts suggest the Reserve Bank of India might increase interest rates in the coming quarters. Global uncertainties and geopolitical tensions are adding pressure. While some anticipate a cautious pause, persistent inflation risks could lead to policy tightening.",Negative,0.046669441585739456,0.8948349157969157,0.05849564323822657
"JP Morgan warns of FY27 earnings risk, says Nifty can fall to 20,500 in bear case",https://economictimes.indiatimes.com/markets/stocks/news/jp-morgan-warns-of-fy27-earnings-risk-says-nifty-can-fall-to-20500-in-bear-case/articleshow/131197335.cms,"JP Morgan has cautioned that India’s FY27 earnings face significant risks from an extended energy and logistics shock linked to the Middle East conflict. The brokerage warned that the Nifty50 could slip to 20,500 in a bear case, even as it maintains a 27,000 base-case target amid fragile macro signals.",Negative,0.022555874194949865,0.9606590867042542,0.016785017680376768
"India to use AI to protect consumers from money mule banking cyber fraud, announces Home Minister Amit Shah",https://economictimes.indiatimes.com/wealth/save/india-to-use-ai-to-protect-consumers-from-money-mule-banking-cyber-fraud-announces-home-minister-amit-shah/articleshow/131064321.cms,"India will now use Artificial Intelligence to fight money mule banking cyber fraud. The Home Minister announced a partnership between the Indian Cyber Crime Coordination Centre and the Reserve Bank of India’s Innovation Hub. This collaboration will help detect and block suspicious accounts faster. Consumers can expect safer digital transactions across UPI, online banking, and fintech platforms.",Neutral,0.22113408893346786,0.014246509876102209,0.7646194100379944
"Sensex dips 3,400 points in 4 days. Is this the beginning of a bigger crash?",https://economictimes.indiatimes.com/markets/stocks/news/sensex-dips-3400-points-in-4-days-is-this-the-beginning-of-a-bigger-crash/articleshow/131037444.cms,"Indian equity markets fell for a fourth straight session as rising crude oil prices, geopolitical tensions, FII selling, and a record-low rupee triggered sharp losses across benchmark, midcap, and smallcap indices. Analysts warned volatility may persist unless global tensions ease and inflation concerns stabilise.",Negative,0.03203506954014301,0.9442577362060547,0.023707161657512188
"CSB Bank cautious on gold loans, focuses on wholesale business, says MD Pralay Mondal",https://economictimes.indiatimes.com/markets/expert-view/csb-bank-cautious-on-gold-loans-focuses-on-wholesale-business-says-md-pralay-mondal/articleshow/130831071.cms,"CSB Bank is turning cautious on gold loans amid price volatility linked to geopolitical tensions. The lender expects slower growth, shifting focus to wholesale and SME lending while leveraging digital capabilities, maintaining stable credit growth and conservative loan-to-value ratios.",Negative,0.343550818040967,0.5421905368566513,0.11425864137709141
Is the RBI fighting the wrong battle? Why rate hikes may not solve India’s current inflation problem,https://economictimes.indiatimes.com/markets/stocks/news/is-the-rbi-fighting-the-wrong-battle-why-rate-hikes-may-not-solve-indias-current-inflation-problem/articleshow/130382575.cms,"Rising oil prices due to the West Asia conflict have lifted inflation expectations, but underlying demand in India remains weak. Despite market signals pointing to possible rate hikes, historical trends and current macro conditions suggest the RBI may hold off, favouring supportive monetary policy amid fragile growth and supply-driven inflation pressures.",Negative,0.07396557182073593,0.9093986749649048,0.016635730862617493
Iran truce spurs best week for India bonds in over six years,https://economictimes.indiatimes.com/markets/bonds/iran-truce-spurs-best-week-for-india-bonds-in-over-six-years/articleshow/130170096.cms,"Indian government bonds ended their best week in six-and-a-half years on Friday, as a fragile truce between U.S. and Iran cooled oil prices and a neutral central bank policy aided sentiment.",Positive,0.8210133910179138,0.14120161533355713,0.037784989923238754
"Rupee ends higher; traders eye Trump's Iran deadline, RBI policy decision",https://economictimes.indiatimes.com/markets/forex/forex-news/rupee-ends-higher-traders-eye-trumps-iran-deadline-rbi-policy-decision/articleshow/130084563.cms,"The Indian rupee closed stronger on Tuesday, supported by the unwinding of residual arbitrage positions, while traders braced for a U.S. deadline to reach a deal with Iran and the Reserve Bank of India's monetary policy decision.",Positive,0.8625501394271851,0.095184326171875,0.04226545989513397
"Ceasefire, RBI policy cool bond yields by 0.15 pc to slip below 7%",https://economictimes.indiatimes.com/markets/bonds/ceasefire-rbi-policy-cool-bond-yields-by-0-15-pc-to-slip-below-7/articleshow/130116524.cms,"Indian bond yields ended nearly 0.15 per cent lower on Wednesday, taking comfort from the conditional ceasefire in the West Asia conflict, and Reserve Bank of India (RBI) maintaining the status quo on policy rate.",Negative,0.01637391559779644,0.9554793238639832,0.02814674936234951
"India's 10-year bond yield slumps most in four years on Iran truce, RBI policy",https://economictimes.indiatimes.com/markets/bonds/indias-10-year-bond-yield-slumps-most-in-four-years-on-iran-truce-rbi-policy/articleshow/130113290.cms,"Indian bonds rallied on Wednesday, with the benchmark yield posting its biggest fall in four years, as oil prices slumped following a two-week truce between the U.S. and Iran, while the central bank kept its policy rate unchanged.",Negative,0.07236113399267197,0.9075319170951843,0.020106900483369827
RBI MPC at a glance: Your one-stop guide for all key decisions,https://economictimes.indiatimes.com/news/economy/policy/rbi-mpc-keeting-2026-at-a-glance-rbi-governor-sanjay-malhotra-speech-highlights-repo-rate-policy-decisions/articleshow/130102278.cms,"The Reserve Bank of India has maintained the repo rate at 5.25%. India's economy shows strong growth driven by domestic demand. Inflation is easing but global risks persist. The central bank projects a GDP growth of 7.6% for the fiscal year 2026. Business sentiment remains positive, and the banking system is efficient.",Positive,0.8668792843818665,0.011242321692407131,0.12187834084033966
"ETMarkets Smart Talk| FY26 a year of consolidation, not breakdown; global stability key for revival in FY27: Somil Mehta",https://economictimes.indiatimes.com/markets/expert-view/etmarkets-smart-talk-fy26-a-year-of-consolidation-not-breakdown-global-stability-key-for-revival-in-fy27-somil-mehta/articleshow/130223880.cms,"Indian markets experienced consolidation in FY26 due to global headwinds, but underlying economic strength remains. FY27 revival hinges on global stability and domestic growth drivers like government capex and consumption. Investors should focus on sectors with earnings visibility and policy support, while gold and silver offer hedging.",Neutral,0.34518271684646606,0.010023217648267746,0.6447940468788147
"RBI holds repo rate, warns of impact of West Asia conflict on economy",https://economictimes.indiatimes.com/news/economy/policy/rbi-holds-repo-rate-warns-of-impact-of-west-asia-conflict-on-economy/articleshow/130105728.cms,"The Reserve Bank of India maintained its key interest rate and neutral stance, citing geopolitical risks from the West Asian conflict. While growth forecasts for FY27 were lowered and inflation projections raised, the RBI emphasized the potential impact on oil prices, agriculture, and global liquidity. The central bank aims to balance inflation control with economic growth.",Negative,0.07538378518074751,0.6109820455312729,0.31363413482904434
RBI Policy Meeting 2026 Live: Sanjay Malhotra holds repo rate at 5.25%; hints at interest low rate in short-medium term,https://economictimes.indiatimes.com/news/newsblogs/rbi-monetary-policy-meeting-2026-live-updates-repo-rate-india-gdp-growthreserve-bank-of-india-governor-sanjay-malhotra-speech-announcements-highlights-8th-april/liveblog/130099615.cms,"RBI Monetary Policy Meeting: Sanjay Malhotra-led RBI MPC kept repo rate unchanged at 5.25 per cent as the West Asia war continues to cast its shadow on the global economy. The Reserve Bank of India (RBI) concluded its Monetary Police Committee meeting on Wednesday. The central bank estimated the real GDP growth for FY27 at 6.9 per cent. The MPC meeting of the Reserve Bank of India (RBI) was conducted in the background of tough geopolitical conditions and fluctuating global energy prices. India's economic growth is said to be impacted by the ongoing conflict in West Asia, as global supply chains remain disrupted for more than six weeks in a row.",Negative,0.04637722453723351,0.6348728289206823,0.3187499890724818
"Stay calm, stay invested, says Dipan Mehta; prefers PSU banks & NBFCs among financials",https://economictimes.indiatimes.com/markets/expert-view/stay-calm-stay-invested-says-dipan-mehta-prefers-psu-banks-nbfcs-among-financials/articleshow/130129801.cms,"Amidst global market jitters, Elixir Equities' Dipan Mehta advises investors to exercise patience, resisting drastic portfolio changes. He highlights oil prices as a key indicator for market stability. Mehta suggests a cautious approach to banking, favoring PSU banks and diversified NBFCs, while seeing potential in EV-focused auto players and currency-driven exports.",Neutral,0.4000653028488159,0.014604601077735424,0.5853300392627716
"Iran war ceasefire fails to bring FIIs to India, Rs 2,811 crore sold as caution lingers",https://economictimes.indiatimes.com/markets/stocks/news/iran-war-ceasefire-fails-to-bring-fiis-to-india-rs-2054-crore-sold-as-caution-lingers/articleshow/130116804.cms,"Indian equities rallied sharply after easing geopolitical tensions and falling oil prices, boosting sentiment and rate-sensitive sectors. Despite this, foreign investors continued selling, reflecting caution. Stable policy and improving macro conditions support outlook, but sustainability depends on earnings, oil trends and global developments.",Positive,0.8395372033119202,0.018777766730636358,0.14168500062078238
"Stocks braced for volatility as RBI policy, West Asia conflict take centre stage, say analysts",https://economictimes.indiatimes.com/markets/stocks/news/stocks-braced-for-volatility-as-rbi-policy-west-asia-conflict-take-centre-stage-say-analysts/articleshow/130037689.cms,"The domestic stock market is expected to remain volatile this week as investors track the Reserve Bank's monetary policy decision, key global macroeconomic data and the impact of the West Asia conflict, analysts said.",Negative,0.022566186264157295,0.912939727306366,0.06449409574270248
"RBI rate hikes look inevitable in 2026: How it can impact banks, realty, rate sensitive stocks",https://economictimes.indiatimes.com/markets/stocks/news/rbi-rate-hikes-look-inevitable-in-2026-how-it-can-impact-banks-realty-rate-sensitive-stocks/articleshow/130102903.cms,"Amidst geopolitical tensions and rising inflation fears, analysts anticipate the RBI may hike its policy repo rate by 50 basis points in 2026. This potential shift could significantly impact rate-sensitive sectors like banking and real estate, which are already showing signs of fragility despite current demand.",Positive,0.5479032397270203,0.293954998254776,0.15814167261123657
"RBI pause now, tightening later: A delicate trade-off with rising tail risks",https://economictimes.indiatimes.com/markets/stocks/news/rbi-pause-now-tightening-later-a-delicate-trade-off-with-rising-tail-risks/articleshow/130076809.cms,"India's economy faces testing times from rising oil prices and global uncertainty. While growth is solid, it is uneven and vulnerable. Inflation is moderating but fragile. The Reserve Bank of India anticipates a cautious approach to interest rates. Deeper reforms and sharper policy focus are crucial for sustained growth amidst evolving global challenges.",Negative,0.3334777317941189,0.362558043251435,0.3039642535150051
"Crude oil, remittances & exports: RBI spells out where the Iran war bites India",https://economictimes.indiatimes.com/news/economy/indicators/rbi-mpc-meeting-2026-war-impact-measures-strategy-india-inflation-economy-west-asia-oil-exports-remittances/articleshow/130102207.cms,"The Reserve Bank of India emphasises the ramifications of the West Asia conflict on the nation's economy. Fluctuating energy prices, uncertainties in trade, and market volatility present emerging risks. While the country's foundational economic strengths are robust, the potential impact of external disruptions is worrisome.",Negative,0.09634296223521233,0.5390983372926712,0.3645586743950844
When fear outpaces fundamentals: Why RBI’s signal matters more than rates,https://economictimes.indiatimes.com/opinion/et-commentary/when-fear-outpaces-fundamentals-why-rbis-signal-matters-more-than-rates/articleshow/130007021.cms,"India faces geopolitical turbulence despite strong economic fundamentals. The Reserve Bank of India's upcoming policy decision is crucial. Rising inflation and potential growth slowdown present challenges. The central bank must manage uncertainty, avoid premature tightening, and focus on domestic stability. Clear communication on currency management is vital to counter market fears and reinforce India's underlying economic strengths.",Neutral,0.16748739033937454,0.3952356083318591,0.4372769705951214
"India bonds jump on Mideast peace proposal, 10-year yield slides most in 15 weeks",https://economictimes.indiatimes.com/markets/bonds/india-bonds-jump-on-mideast-peace-proposal-10-year-yield-slides-most-in-15-weeks/articleshow/130060680.cms,"Indian bonds surged on Monday, with the 10-year yield falling the most in nearly 15 weeks, on hopes of an end to the Middle East war after the U.S. and Iran received the framework for a plan to end their five-week-old conflict.",Negative,0.014484034851193428,0.9686017036437988,0.016914265230298042
MPC Forex Level: India forex reserves rebound to $697.1 bn as RBI flags volatility management,https://economictimes.indiatimes.com/news/economy/indicators/rbi-monetary-policy-2026-forex-level-impact-currency-trading-forex-market-today-usd-inr-rate-reserves-rebound-to-697-1-bn-as-rbi-flags-volatility-management/articleshow/130102729.cms,"MPC Forex Level refers to the impact of Monetary Policy Committee decisions on currency exchange rates. Understand how RBI’s interest rate decisions, inflation outlook, and repo rate changes influence forex markets, USD/INR movement, and trading strategies for investors and traders. India's foreign exchange reserves have seen a welcome rise, reaching $697.1 billion. This marks a recovery after recent significant drops.",Neutral,0.03856885805726051,0.02312297187745571,0.9383081197738647
RBI MPC Highlights: What Governor Sanjay Malhotra announced today,https://economictimes.indiatimes.com/news/economy/policy/rbi-mpc-highlights-what-governor-sanjay-malhotra-announced-today/articleshow/130102402.cms,"The Reserve Bank of India has maintained its key repo rate at 5.25 percent. This decision reflects a neutral stance. India's economy shows strong growth prospects for FY26. However, global conflicts pose risks to supply chains and inflation. The RBI will closely monitor these evolving global and domestic factors.",Negative,0.02841319888830185,0.8561415672302246,0.11544524133205414
Crude at $70 in 2026? That may remain a distant dream,https://economictimes.indiatimes.com/industry/energy/oil-gas/iran-war-crude-at-70-in-2026-that-may-remain-a-distant-dream/articleshow/130054991.cms,"Crude oil prices are unlikely to fall below USD 70 this year and may settle between USD 80-85 per barrel in 2026. This forecast suggests ongoing global uncertainties will keep prices elevated. For India, this could mean slower GDP growth and inflation above 4.5 percent. The Reserve Bank of India's policy response will be crucial.",Negative,0.05719636008143425,0.8252226114273071,0.11758106201887131
"ETMarkets Smart Talk | FY26 a year of consolidation, not breakdown; global stability key for revival in FY27: Somil Mehta",https://economictimes.indiatimes.com/markets/expert-view/etmarkets-smart-talk-fy26-a-year-of-consolidation-not-breakdown-global-stability-key-for-revival-in-fy27-somil-mehta/articleshow/130080229.cms,"Indian markets experienced consolidation in FY26 due to global headwinds, but underlying economic strength remains. FY27 revival hinges on global stability and domestic growth drivers like government capex and consumption. Investors should focus on sectors with strong earnings visibility and policy support.",Positive,0.5162150263786316,0.00971977785229683,0.4740651547908783
RBI to focus on managing INR volatility over liquidity: Tanvee Gupta Jain,https://economictimes.indiatimes.com/markets/expert-view/rbi-to-focus-on-managing-inr-volatility-over-liquidity-tanvee-gupta-jain/articleshow/130080055.cms,The Reserve Bank of India faces a challenging policy review. Global uncertainties and volatile oil prices are key concerns. Experts highlight rising external risks and currency weakness. The central bank must balance growth and inflation. Policy decisions will shape India's economic future.,Neutral,0.055152468383312225,0.05477208085358143,0.8900753855705261
Indian banks likely to face margin pressure amid tighter liquidity in FY27: Fitch,https://economictimes.indiatimes.com/industry/banking/finance/banking/indian-banks-likely-to-face-margin-pressure-amid-tighter-liquidity-in-fy27-fitch/articleshow/129968644.cms,"Indian banks may see tighter margins. The Reserve Bank of India faces challenges injecting funds due to rupee volatility. Global risks could further impact bank earnings. Despite this, Indian banks are seen as resilient. Liquidity surplus in the banking system has decreased. Rupee pressure could limit the RBI's policy options. Direct foreign currency risks for banks remain limited.",Negative,0.049030840396881104,0.9223963618278503,0.028572816401720047
RBI policy review: MPC keeps repo rate unchanged at 5.15%,https://economictimes.indiatimes.com/markets/stocks/news/rbi-policy-review-mpc-keeps-repo-rate-unchanged-at-5-15/articleshow/73977138.cms,"With economy showing visible signs of green shoots, RBI decided to focus on taming inflation.",Positive,0.44757676124572754,0.1338322013616562,0.41859105229377747
Measures to address the war's fallout lie outside MPC's remit - GoI and RBI must step up,https://economictimes.indiatimes.com/opinion/et-commentary/measures-to-address-the-wars-fallout-lie-outside-mpcs-remit-goi-and-rbi-must-step-up/articleshow/130044629.cms,The Reserve Bank of India's Monetary Policy Committee meets amid a West Asian war. This conflict disrupts supply chains and raises crude oil prices. Inflation is rising while growth shows signs of slowing. The committee must navigate these challenges. The government and RBI are taking steps to manage the rupee's depreciation. Future economic projections will be crucial.,Neutral,0.04813319103171428,0.453150341908137,0.4987164835135142
"RBI policy outcome: The good, bad and ugly for D-Street investors",https://economictimes.indiatimes.com/markets/stocks/news/rbi-policy-outcome-the-good-bad-and-ugly-for-d-street-investors/articleshow/102603319.cms,The banking regulator kept the repo rate unchanged for the third time at 6.5% while retaining the FY24 GDP forecasts of 6.5%. RBI Governor Shaktikanta Das revised the FY24 inflation upwards to 5.4% from an earlier 5.1%.,Positive,0.904077410697937,0.07358117401599884,0.022341446951031685
"Rs 5 lakh crore gains! Sensex soars 787 pts, Nifty reclaims 22,950; Iran-US ceasefire framework, 3 other factors behind the rally",https://economictimes.indiatimes.com/markets/stocks/news/why-is-stock-market-riing-today-rs-3-lakh-crore-added-sensex-jumps-500-pts-nifty-near-22900-iran-us-ceasefire-framework-3-other-factors-behind-d-st-rally/articleshow/130055571.cms,"Indian stock markets staged a remarkable recovery, erasing morning losses to turn positive by afternoon. This surge was primarily fueled by media reports of a Pakistan-brokered Iran-US ceasefire framework, significantly boosting investor confidence. Key sectors like Consumer Durables led the gains, while Reliance Industries bucked the trend.",Positive,0.9190904498100281,0.019213302060961723,0.061696240678429604
"Markets await clarity, valuations offer key support: Punita Kumar Sinha",https://economictimes.indiatimes.com/markets/expert-view/markets-await-clarity-valuations-offer-key-support-punita-kumar-sinha/articleshow/129895018.cms,"Geopolitical tensions and rising energy prices are creating market uncertainty, with traditional safe havens failing to provide comfort. While the war's outcome remains unclear, Indian market valuations offer a cushion, trading below historical averages. Positive developments could trigger a rally, as markets have historically rebounded from crises.",Negative,0.3530098693445325,0.5854415595531464,0.06154857948422432
"Q4 impact: Bank stocks slump up to 32% in 3 months, but brokerages bet on SBI, HDFC Bank, 6 more stocks. Check why",https://economictimes.indiatimes.com/markets/stocks/news/q4-impact-bank-stocks-slump-up-to-32-in-3-months-but-brokerages-bet-on-sbi-hdfc-bank-6-more-stocks-check-why/articleshow/129994128.cms,"Banking stocks have slumped up to 32% over three months, underperforming the Nifty amid FII outflows, rising oil prices and rate concerns. Brokerages remain selective, backing SBI, ICICI Bank and others despite margin pressure. Q4 results and FY27 outlook will be key triggers for the sector’s recovery.",Negative,0.007080288603901863,0.9745467305183411,0.018373021855950356
Not-so-happy new financial year!,https://economictimes.indiatimes.com/opinion/et-editorial/not-so-happy-new-financial-year/articleshow/129933402.cms,"Indian stock markets saw their worst year since the pandemic in FY26. Foreign investors sold a record amount of Indian shares. Global events like trade tariffs and regional conflicts impacted investor sentiment. The Rupee also declined significantly. Despite these challenges, India's economic fundamentals remain robust, offering resilience against global shocks. Market recovery hinges on energy price stability.",Positive,0.4834858737885952,0.4726808983832598,0.043833241797983646
How to trade Nifty Bank ahead of monthly expiry and RBI policy,https://economictimes.indiatimes.com/markets/stocks/news/how-to-trade-nifty-bank-ahead-of-monthly-expiry-and-rbi-policy/articleshow/94448992.cms,"Due to the sharp rise in US bond yields, Indian bond yields have also moved up sharply with 2-year bond yields moving to their 3 years high and almost 50bps move in the last 1 week itself. It has impacted banking stocks adversely and profit booking was experienced ahead of RBI’s monetary policy.",Positive,0.9427000880241394,0.03358541801571846,0.023714443668723106
How to trade Nifty Bank ahead of monthly expiry and RBI policy,https://economictimes.indiatimes.com/markets/stocks/news/how-to-trade-nifty-bank-ahead-of-monthly-expiry-and-rbi-policy/articleshow/94448992.cms,"Due to the sharp rise in US bond yields, Indian bond yields have also moved up sharply with 2-year bond yields moving to their 3 years high and almost 50bps move in the last 1 week itself. It has impacted banking stocks adversely and profit booking was experienced ahead of RBI’s monetary policy.",Positive,0.9427000880241394,0.03358541801571846,0.023714443668723106
"RBI, pause again. Give growth another chance",https://economictimes.indiatimes.com/opinion/et-commentary/rbi-pause-again-give-growth-another-chance/articleshow/100829680.cms,"With lower imported inflation, thanks to a sustained phase of monetary tightening in advanced economies led by the US Fed, RBI's MPC could safely pause and yet lower its projected inflation estimate for Q1 FY2024",Negative,0.02993854507803917,0.9288368821144104,0.04122466221451759
"RBI policy verdict tomorrow: As tomatoes paint inflation red, can Das soothe D-St’s frayed nerves?",https://economictimes.indiatimes.com/markets/stocks/news/rbi-policy-verdict-tomorrow-as-tomatoes-paint-inflation-red-can-das-soothe-d-sts-frayed-nerves/articleshow/102560111.cms,"Inflation will take centre-stage during the 3-day panel discussion in the backdrop of the recent surge in vegetable prices, particularly tomatoes. Since June, prices of tomatoes have increased by more than 5 times.",Positive,0.614785373210907,0.022904088720679283,0.3623105585575104
Dalal Street's wait for RBI rate cuts just got longer. Here’s what analysts said after MPC outcome,https://economictimes.indiatimes.com/markets/stocks/news/dalal-streets-wait-for-rbi-rate-cuts-just-got-longer-heres-what-analysts-said-after-mpc-outcome/articleshow/100842997.cms,"The Reserve Bank of India (RBI) has kept its rates on hold for a second consecutive month despite expectations for a cut. The decision was attributed to concerns over ""upside risks"" including the potential impact of El Nino on India's monsoon season and continued monetary tightening by central banks globally. Inflation remains higher than the 4% target and last week Canada's central bank made an unexpected rate rise. Some market participants noted the pause signalled that the wait for rate cuts could be an extended one.",Negative,0.026965800672769547,0.8606638312339783,0.11237039417028427
"RBI Policy Decision: Repo rate left unchanged at 6.5%; Sensex, Nifty slide",https://economictimes.indiatimes.com/markets/stocks/news/rbi-policy-decision-repo-rate-left-unchanged-sensex-nifty-erase-gains/articleshow/107511842.cms,"Despite the monetary policy action being on expected lines, the equity market tumbled. Sensex lost over 700 points while Nifty slipped below the 21,750 mark. Unlike in the previous meeting, the decision to leave rates unchanged this time was favoured by 5 of the 6-member MPC panel.",Neutral,0.3222222328186035,0.1312701553106308,0.5465075969696045
"While bourses look at when uncertainty prices itself into valuations, Trump plays blackjack",https://economictimes.indiatimes.com/opinion/et-commentary/while-bourses-look-at-when-uncertainty-prices-itself-into-valuations-trump-plays-blackjack/articleshow/129784586.cms,"Indian stock markets face pressure from escalating West Asian geopolitical tensions. Rising oil prices impact India's economy, affecting inflation and the rupee. While some sectors show resilience, others face significant challenges. Policymakers navigate a difficult path between inflation control and growth support. India's strong forex reserves and diversified crude sourcing offer some buffer against disruptions.",Negative,0.3024336500093341,0.656205120186011,0.04136121335128943
RBI policy positive for housing sector,https://economictimes.indiatimes.com/news/economy/policy/rbi-policy-positive-for-housing-sector/articleshow/90723291.cms,The regulator has extended the liberal norms for the housing sector introduced during the pandemic for another year. This step may to facilitate higher credit flow to buy individual housing units.,Positive,0.6657601296901703,0.03885898273438215,0.2953808382153511
RBI policy - Is it neutral or accommodative?,https://economictimes.indiatimes.com/markets/stocks/news/rbi-policy-is-it-neutral-or-accommodative/articleshow/119741077.cms,"Over the last few months, there has been a distinct shift in the focus of monetary policy towards growth as inflation pressures have subsided. From December 2024 onwards RBI has focused on infusing durable liquidity to make conditions conducive for transmission and credit off-take.",Positive,0.6475006937980652,0.04020952992141247,0.312289759516716
RBI meeting outcome tomorrow: Will it be a pause or 25 bps rate hike?,https://economictimes.indiatimes.com/markets/stocks/news/rbi-meeting-outcome-tomorrow-will-it-be-a-pause-or-25-bps-rate-hike/articleshow/97687077.cms,"While market participants remain slightly divided between a pause and a 25 bps hike in the upcoming policy, there seems a clear consensus that the monetary policy will signal an end of the rate hiking cycle. However, we remain cautious on the possibility of dovish forward guidance just yet",Negative,0.06994173303246498,0.7257326543331146,0.20432563871145248
RBI's policy unlikely to be impacted by Fed rate hike,https://economictimes.indiatimes.com/news/economy/policy/rbis-policy-unlikely-to-be-impacted-by-fed-rate-hike/articleshow/57669882.cms,"The US Fed hike is as per the expected lines, which raised its benchmark interest rate for the second time in three months and there is forecast of two additional hikes this year, experts said.",Positive,0.9072449207305908,0.017920564860105515,0.07483454048633575
Debt mutual fund managers react to RBI policy,https://economictimes.indiatimes.com/mf/analysis/debt-mutual-fund-managers-react-to-rbi-policy/articleshow/63628227.cms,The Reserve Bank of India maintained a status quo on policy rates in today's MPC meeting.,Neutral,0.0531340017914772,0.134924978017807,0.8119410276412964
"SBI MD on RBI policy, LCR framework & more",https://economictimes.indiatimes.com/markets/expert-view/sbi-md-on-rbi-policy-lcr-framework-more/articleshow/109058338.cms,"AK Tewari discusses the importance of adapting LCR monitoring to digital times to prevent rapid bank runs due to the instant withdrawal capability, emphasizing the critical role of deposit gathering in the banking sector amid ongoing transformations. Tiwari also says: ""For all banks, especially the deposit gathering and focus will be the key thing for the next several quarters.""",Neutral,0.20602327585220337,0.011271707247942686,0.7827050089836121
Forex hedging costs plunge after RBI policy,https://economictimes.indiatimes.com/markets/forex/forex-hedging-costs-plunge-after-rbi-policy/articleshow/89554946.cms,"The cost of covering currency risk crashed after the Reserve Bank of India delivered a ""super-dovish"" bi-monthly policy pulling yields down. Forwards premia across maturities slumped as much as 60 basis points in just two trading sessions, potentially benefiting overseas investors just ahead of LIC of India's mega share sale and local borrowers/importers with offshore liabilities.",Negative,0.012504122219979763,0.9713530540466309,0.016142740845680237
RBI policy: here are mutual funds you can consider investing,https://economictimes.indiatimes.com/mf/analysis/rbi-policy-here-are-mutual-funds-you-can-consider-investing/articleshow/90721992.cms,The RBI policy is very confusing for many mutual fund investors. The implications of rate hikes and their impact on inflation and growth are too much for regular investors to decipher.,Negative,0.01850346103310585,0.7130183577537537,0.26847824454307556
Mutual fund managers decode RBI Policy,https://economictimes.indiatimes.com/mf/analysis/mutual-fund-managers-decode-rbi-policy/articleshow/105835828.cms,"""As December is generally a sluggish month, market yields may not move much either side. We expect 10Y G-Sec yield to trade in a range of 7.15%-7.25% with a downward bias,"" says Avnish Jain, Head- Fixed Income, Canara Robeco Mutual Fund.",Neutral,0.25010570883750916,0.2975519299507141,0.4523423910140991
RBI policy decision before noon on Thursday,https://economictimes.indiatimes.com/markets/stocks/news/rbi-policy-decision-before-noon-on-thursday/articleshow/67829082.cms,"On the previous occasion, the RBI had released the policy statement at 2.30 pm.",Neutral,0.02114117704331875,0.05207256227731705,0.9267863035202026
Will RBI policy move currency and bond markets?,https://economictimes.indiatimes.com/markets/bonds/will-rbi-policy-move-currency-and-bond-markets/articleshow/52629778.cms,A few illustrative words from RBI governor Raghuram Rajan could well trigger wild swings in the rupee-dollar exchange rate and bond yields.,Negative,0.03092413768172264,0.6922972202301025,0.27677857875823975
Is RBI's no-rate hike mantra best-case scenario for Nifty bulls? What D-Street mavens say,https://economictimes.indiatimes.com/markets/stocks/news/is-rbis-no-rate-hike-mantra-best-case-scenario-for-nifty-bulls-what-d-street-mavens-say/articleshow/99290628.cms,The RBI’s pause is like Sachin's stroke on a tricky pitch but with eyes set in and having the luxury of hitting the ball wherever he wanted. The RBI had the option of a rate hike or a pause. The pause was not entirely unexpected.,Neutral,0.04839614157875379,0.06143296385804812,0.8901708920796713
RBI’s Das gives a hat tip to Modi govt for fight to tame inflation,https://economictimes.indiatimes.com/markets/stocks/news/rbis-das-gives-a-hat-tip-to-modi-govt-for-fight-to-tame-inflation/articleshow/88159918.cms,The central bank retained the status quo on policy rates as well as its accommodative stance as it remained focused on ensuring a “durable” and “broad-based” economic recovery in the coming year.,Positive,0.6005521416664124,0.03495039418339729,0.36449748277664185
"When growth is certain, RBI will change stance to inflation control: Nilesh Shah",https://economictimes.indiatimes.com/markets/expert-view/when-growth-is-certain-rbi-will-change-stance-to-inflation-control-nilesh-shah/articleshow/85093234.cms,"“RBI will be data driven. In the first phase, they will be pro-growth and at some point of time when growth is certain, they will change their stance towards controlling inflation.”",Neutral,0.14164672791957855,0.016577569767832756,0.8417757153511047
RBI policy: What should mutual fund investors do?,https://economictimes.indiatimes.com/mf/analysis/rbi-policy-what-should-mutual-fund-investors-do/articleshow/104202708.cms,"The RBI continued with its policy stance of ‘withdrawing of accommodation’ and kept the Repo Rate, the short term rate at which it lends money to banks, at 6.5%. This is the fifth pause by the central bank since it started holding rates in February this year.",Negative,0.016909372061491013,0.8416586518287659,0.14143189787864685
10 rate-sensitive stocks to watch ahead of RBI policy,https://economictimes.indiatimes.com/markets/stocks/recos/10-rate-sensitive-stocks-to-watch-ahead-of-rbi-policy/articleshow/19015327.cms,Investors will remain cautious ahead of RBI’s mid-quarter monetary policy. The decision on key policy rates is likely to set the trend for the market this week.,Negative,0.06497657299041748,0.47508740425109863,0.4599359929561615
"RBI policy good stimulus, will prompt banks to cut rate: Finance Ministry",https://economictimes.indiatimes.com/news/economy/policy/rbi-policy-good-stimulus-will-prompt-banks-to-cut-rate-finance-ministry/articleshow/51696549.cms,"Jayant Sinha said the Budget has taken various fiscal and reform initiative, thus creating space for monetary easing.",Positive,0.9094184041023254,0.014288022182881832,0.07629353553056717
View: Why MPC should tread cautiously on key policy decisions,https://economictimes.indiatimes.com/news/economy/policy/view-why-mpc-should-tread-cautiously-on-key-policy-decisions/articleshow/71470061.cms,"The fear is that just RBI was behind the curve earlier, it might find itself ahead of the curve in the near future.",Neutral,0.06931137293577194,0.2050144076347351,0.7256742119789124
Rupee advances 10 paise to 70.79 against dollar ahead of RBI policy outcome,https://economictimes.indiatimes.com/markets/forex/rupee-advances-10-paise-to-70-79-against-dollar-in-early-trade/articleshow/71433931.cms,The local currency opened almost flat at 70.88 against the previous close of 70.90 per dollar.,Negative,0.039221856743097305,0.9243435263633728,0.0364346019923687
RBI Policy: 7 key takeaways for Dalal Street from Das’ announcements,https://economictimes.indiatimes.com/markets/stocks/news/rbi-policy-7-key-takeaways-for-dalal-street-from-das-announcements/articleshow/97722241.cms,The MPC decided by a majority of 4 out of 6 members to remain focused on the withdrawal of accommodation to ensure that inflation remains within the target going forward while supporting growth.,Positive,0.8421642184257507,0.028493661433458328,0.12934216856956482
RBI's policy among 7 key factors that will guide market in coming week,https://economictimes.indiatimes.com/markets/stocks/news/rbis-policy-among-the-key-7-factors-that-will-guide-market-in-coming-week/articleshow/95974323.cms,"Bulls continued their quest for gains, hitting fresh record highs, boosted by falling crude, robust GDP numbers, and a dovish stance by the Fed chair, said Vinod Nair, Head of Research at Geojit Financial services.Investors' concerns were allayed as the Fed chair adopted a dovish stance, he added. ""Declining manufacturing activity in the US is proof that the central bank’s policy tightening has started to show results.""",Negative,0.48453536070883274,0.48866853304207325,0.026796072721481323
What analysts expect from RBI's policy meet,https://economictimes.indiatimes.com/news/economy/policy/what-analysts-expect-from-rbis-policy-meet/articleshow/24820217.cms,All the analysts polled expect the RBI to maintain status quo on cash reserve ratio.,Positive,0.8219654560089111,0.02229035645723343,0.15574423968791962
Mutual fund managers decode RBI policy for investors,https://economictimes.indiatimes.com/mf/analysis/mutual-fund-managers-decode-rbi-policy-for-investors/articleshow/100845204.cms,"“The Reserve Bank of India maintained status quo on Policy rates as expected and confirmed the expectations of a long pause with a slightly hawkish undertone as it retained the Monetary Policy stance at “Withdrawal of accommodation to ensure that Inflation progressively aligns with the target, while supporting growth,” says Puneet Pal, Head-Fixed Income, PGIM India Mutual Fund.",Positive,0.8213061094284058,0.05659731477499008,0.12209656834602356
"Rupee, bonds steady as all eyes on RBI policy",https://economictimes.indiatimes.com/markets/forex/rupee-bonds-steady-as-all-eyes-on-rbi-policy/articleshow/86747753.cms,"Over the past month, the rupee has shed around 1.5% against the US dollar as the US Federal Reserve’s guidance for normalisation of its monetary policy –accompanied by a timeline for a rollback of quantitative easing—has led to a global strengthening of the greenback.",Negative,0.019139673560857773,0.9626295566558838,0.01823081076145172
"RBI Policy: Right move to hold rates, stance",https://economictimes.indiatimes.com/opinion/et-editorial/rbi-policy-right-move-to-hold-rates-stance/articleshow/86877337.cms,"It was right and bold on the MPC's part to suggest the way to tackle the spike in fuel prices is to lighten the tax burden on fuel prices, rather than to use monetary policy tools to contain it.",Positive,0.7503506541252136,0.03932039812207222,0.21032893657684326
Debt mutual fund managers react to RBI policy,https://economictimes.indiatimes.com/mf/analysis/debt-mutual-fund-managers-react-to-rbi-policy/articleshow/66088078.cms,The Reserve Bank of India surprised the industry participants by maintaining a status quo on policy rates in today's monetary policy.,Neutral,0.2935873866081238,0.04685831815004349,0.6595542430877686
RBI policy: What should determine interest rates,https://economictimes.indiatimes.com/opinion/et-editorial/rbi-policy-what-should-determine-interest-rates/articleshow/12860360.cms,"As we have pointed out in the past, the repercussions of banks blindly following the RBI's diktat go well beyond the banking sector.",Neutral,0.031072042882442474,0.4059290587902069,0.5629989504814148
RBI policy: What is in it for mutual fund investors?,https://economictimes.indiatimes.com/mf/analysis/rbi-policy-what-is-in-it-for-mutual-fund-investors/articleshow/78568077.cms,"The Reserve Bank of India may have held key rates in its bi-monthly policy review, but a slew of liquidity measures announced in the policy more than made up for the status-quo in rates.",Negative,0.0836297795176506,0.7055058479309082,0.2108643651008606
What surprised debt markets besides RBI policy?,https://economictimes.indiatimes.com/markets/stocks/what-surprised-debt-markets-besides-rbi-policy/articleshow/67906068.cms,States normally bunch up their borrowings toward the end of the financial year as they look to exhaust their limits.,Neutral,0.05965463072061539,0.31318339705467224,0.6271619200706482
"RBI policy meet, Japan downgrade, global growth worries hit markets; Sensex snaps 3-day rally",https://economictimes.indiatimes.com/markets/stocks/news/rbi-policy-meet-japan-downgrade-global-growth-worries-hit-markets-sensex-snaps-3-day-rally/articleshow/45335419.cms,"The S&P BSE Sensex snapped three-day rally and slipped as much as 155 points in trade, led by losses in power, oil & gas, metal and realty stocks.",Negative,0.008356179110705853,0.9731652736663818,0.018478525802493095
RBI hikes rates by 25 bps. Full text of Third Bi-monthly Monetary Policy Statement for FY19,https://economictimes.indiatimes.com/markets/stocks/news/full-text-rbi-hikes-rates-heres-why/articleshow/65227219.cms,Systemic liquidity remained generally in surplus mode during June-July 2018.,Positive,0.4766823351383209,0.3670222759246826,0.15629546344280243
"RBI keeps repo rate unchanged at 4%, maintains accommodative stance",https://economictimes.indiatimes.com/markets/stocks/news/rbi-keeps-repo-rate-unchanged-at-4/articleshow/78566647.cms,"The latest MPC decision came as retail inflation continued to remain at the upper end of RBI’s tolerance range. It has stayed stubbornly above 6 per cent, at 6.69 per cent in August and 6.73 per cent in July.",Negative,0.1406983882188797,0.8390613198280334,0.02024027518928051
Realtors unhappy over RBI policy; seek interest cut in future,https://economictimes.indiatimes.com/wealth/personal-finance-news/realtors-unhappy-over-rbi-policy-seek-interest-cut-in-future/articleshow/46108349.cms,Real estate developers sought reduction in interest rates in future to boost housing sales. Builders also expect some relief and tax reforms in the upcoming Budget.,Positive,0.688719630241394,0.07557622343301773,0.23570412397384644
Banks to take cue from RBI policy to decide rates: Kotak,https://economictimes.indiatimes.com/industry/banking/finance/banking/banks-to-take-cue-from-rbi-policy-to-decide-rates-kotak/articleshow/5409584.cms,"Lending rates might move upward in the months ahead as credit growth picks up, but banks may take a cue from the RBI policy before effecting any change in their rate-structure, a top banker on Monday said.",Positive,0.5513051152229309,0.036472562700510025,0.412222295999527
"View: RBI policy should be contingent on recovery, inflation and Omicron, not US Fed behaviour",https://economictimes.indiatimes.com/opinion/et-commentary/view-rbi-policy-should-be-contingent-on-recovery-inflation-and-omicron-not-us-fed-behaviour/articleshow/88460618.cms,"Drawing on the experiences of the previous cycles, there are more similarities with the 2003-07 cycle, rather than 2013. Asian central banks are expected to proceed with a gradual pace of policy normalisation, which should be contingent on the recovery of their economies, inflation dynamics and implications of the Omicron variant, rather than being heavily influenced by the Fed policy path.",Neutral,0.2658008337020874,0.015123528428375721,0.719075620174408
"Q4 results to help in picking stocks: Sanjay Guglani, Silverdale Capital",https://economictimes.indiatimes.com/markets/expert-view/q4-results-to-help-in-picking-stocks-sanjay-guglani-silverdale-capital/articleshow/51642498.cms,"We prefer consumer goods simply because the urban consumption has held up strong and if we have a La Nino this time, we shall have an uptick in rural consumption.",Positive,0.8841837048530579,0.010927091352641582,0.10488919168710709
No surprises in RBI policy; Fed move in sharp focus now: Mythili Bhusnurmath,https://economictimes.indiatimes.com/opinion/interviews/no-surprises-in-rbi-policy-fed-move-in-sharp-focus-now-mythili-bhusnurmath/articleshow/49993371.cms,"""There are absolutely no surprises at all. Even on the position on inflation, there was a very similar comment in the previous policy statement too.""",Neutral,0.06520756334066391,0.04820661619305611,0.8865858316421509
"India's economic growth outlook unchanged, poised to outperform global growth despite risks: Lakshmi Iyer",https://economictimes.indiatimes.com/markets/expert-view/global-bond-index-inclusions-to-boost-indian-bond-market-drive-foreign-flows-lakshmi-iyer/articleshow/120613047.cms,"Lakshmi Iyer of Kotak Investment Advisors discusses India's inward-focused economic strategy, fueled by rising rural and urban consumption and supported by the BFSI sector. Despite global growth concerns and fluctuating dollar dynamics, India's bond market remains attractive due to domestic institutional support and potential US rate cuts, with impending global index inclusions further bolstering bond yields.",Positive,0.835399329662323,0.015038931742310524,0.149561682716012
"Expect RBI to cut rates by 25 bps at next policy meet: Sanjay Mathur, RBS",https://economictimes.indiatimes.com/opinion/interviews/expect-rbi-to-cut-rates-by-25-bps-at-next-policy-meet-sanjay-mathur-rbs/articleshow/46847009.cms,"""It is quite clear that RBI is not averse to cutting interest rates. It's just that there is a need to see an augmentation of the transmission mechanism.""",Positive,0.5699883103370667,0.03553612902760506,0.3944755494594574
RBI keeps key policy interest rates unchanged to strengthen fragile economic recovery,https://economictimes.indiatimes.com/news/economy/policy/rbi-keeps-key-policy-interest-rates-unchanged-to-strengthen-fragile-economic-recovery/articleshow/86859059.cms,"The policy repo rate, or the rate at which RBI lends to banks, is kept at 4% after the six-member MPC voted unanimously in favour of a status quo, while the reverse repo rate remains at 3.35%. All the six members of the Monetary Policy Committee (MPC) voted to keep rates unchanged.",Neutral,0.03977230563759804,0.04672747105360031,0.9135002493858337
Status quo on rates a relief; bond market now well aware of limits to RBI largesse,https://economictimes.indiatimes.com/markets/bonds/status-quo-on-rates-a-relief-bond-market-now-well-aware-of-limits-to-rbi-largesse/articleshow/89476250.cms,Bond vigilantes had already made their presence felt over the last few weeks as the Budget unveiled a larger-than-expected market borrowing programme and as surging crude oil prices lent more credence to the global theme of hardening inflation.,Positive,0.5341269373893738,0.346641480922699,0.11923159658908844
RBI may revise working hours of Indian financial institutions,https://economictimes.indiatimes.com/markets/stocks/news/rbi-may-revise-working-hours-of-indian-financial-institutions/articleshow/65227618.cms,The RBI has formed a working group to look into the various aspects of revising working hours.,Neutral,0.044922590255737305,0.02748752385377884,0.9275898933410645
Crude prices a cause of concern: Religare,https://economictimes.indiatimes.com/et-now/experts/crude-prices-a-cause-of-concern-religare/videoshow/12068328.cms,Crude-trans.jpg,Neutral,0.03133583068847656,0.03951010853052139,0.9291540384292603
Bankers call RBI policy as nuanced; CRR move will not impact lending ability,https://economictimes.indiatimes.com/industry/banking/finance/banking/bankers-call-rbi-policy-as-nuanced-crr-move-will-not-impact-lending-ability/articleshow/102616319.cms,"Industry lobby grouping IBA's chairman A K Goel, who also heads state-run Punjab National Bank, said the move to impose a 10 per cent incremental cash reserve ratio will not impede the sector's ability to lend.",Positive,0.8268840312957764,0.05507524684071541,0.11804072558879852
"RBI policy makes India, Inc. smile",https://economictimes.indiatimes.com/news/economy/policy/rbi-policy-makes-india-inc-smile/articleshow/1494701.cms,"Indian industry today welcomed Reserve Bank's annual credit policy that contained measures to increase liquidity in the system, saying cash availability was a key concern.",Positive,0.9320886731147766,0.01690756343305111,0.05100373923778534
RBI's policy moves leave markets disoriented,https://economictimes.indiatimes.com/opinion/et-commentary/rbis-policy-moves-leave-markets-disoriented/articleshow/24900695.cms,"The focus of the RBI in its second-quarter review of monetary policy was on currency stability, inflation and making financial markets more efficient.",Neutral,0.09258174151182175,0.029504166916012764,0.8779141306877136
"RBI policy 'fairly balanced', pragmatic: Bankers",https://economictimes.indiatimes.com/news/economy/policy/rbi-policy-fairly-balanced-pragmatic-bankers/articleshow/61951832.cms,SBI Chairman Rajnish Kumar said the RBI's decision to maintain status quo was in consonance with market expectations.,Neutral,0.11506800353527069,0.13731171190738678,0.7476203441619873
RBI Policy increases NACH mandate for MSMEs,https://economictimes.indiatimes.com/small-biz/sme-sector/rbi-policy-increases-nach-mandate-for-msmes/articleshow/89474295.cms,Governor Shaktikanta Das said it will increase National Automated Clearing House (NACH) mandate limit for Trade Receivables Discounting System (TReDS) settlements from Rs 1 crore at present to Rs 3 crore,Positive,0.9244228601455688,0.01605207659304142,0.05952512100338936
Goldman Sachs cuts India's 2026 growth forecast to 5.9%,https://economictimes.indiatimes.com/news/economy/indicators/goldman-sachs-cuts-indias-2026-growth-forecast-to-5-9/articleshow/129775674.cms,Goldman Sachs has revised India's 2026 growth forecast downwards to 5.9 percent. The firm anticipates a 50 basis point increase in policy rates. This adjustment stems from the ongoing Gulf conflict and its impact on oil prices. Higher crude prices present significant risks to India's economy.,Negative,0.07567014001930754,0.7979387640953064,0.12639113080998263
Top ten rate sensitive stocks in focus post RBI policy meet,https://economictimes.indiatimes.com/markets/stocks/recos/top-ten-rate-sensitive-stocks-in-focus-post-rbi-policy-meet/articleshow/20628134.cms,Rate sensitive stocks cracked in after the RBI maintained status quo on policy rates. Here are technical recommendations on top ten such stocks.,Negative,0.13883928954601288,0.8043457865715027,0.056814927607774734
"RBI policy, earnings, macro data likely to set market tone this week",https://economictimes.indiatimes.com/markets/stocks/news/rbi-policy-earnings-fomc-minutes-likely-to-set-market-tone-this-week/articleshow/81894127.cms,Market participants expect the gains of the previous week to sustain this week helped by the recovery in risk appetite of investors globally.,Positive,0.9556559324264526,0.020833922550082207,0.023510225117206573
What guidance to expect from first MPC of new financial year,https://economictimes.indiatimes.com/markets/stocks/news/what-guidance-to-expect-from-first-mpc-of-new-financial-year/articleshow/109034619.cms,"The monetary policy review meeting is expected to consider various factors including domestic stability, global rate trends, and demand-supply dynamics, shaping the outlook for the financial year.",Neutral,0.06491167098283768,0.022595234215259552,0.9124930500984192
Top debt mutual fund managers react to RBI policy,https://economictimes.indiatimes.com/mf/analysis/top-debt-mutual-fund-managers-react-to-rbi-policy/articleshow/89476858.cms,The RBI has surprised the market with a status quo on policy rates and the decision to maintain an accommodative stance on rates.,Positive,0.8714232444763184,0.04352195933461189,0.08505471795797348
Top debt mutual fund managers react to RBI policy,https://economictimes.indiatimes.com/mf/analysis/top-debt-mutual-fund-managers-react-to-rbi-policy/articleshow/88162093.cms,Many market participants expected a rate hike this time because of the concerns surrounding inflation.,Positive,0.5916751027107239,0.2613147497177124,0.1470101922750473
Here's why Abheek Barua is disappointed with RBI policy outcome,https://economictimes.indiatimes.com/markets/expert-view/heres-why-abheek-barua-is-disappointed-with-rbi-policy-outcome/articleshow/112367037.cms,"And just as an early pivot or a premature pivot can cause problems down the road, the inability to pivot or create room for a pivot could lead to problems later on. Again, I mean, this is just not my words, but this is what the dissent within the MPC is about.",Negative,0.028993947431445122,0.527596116065979,0.4434099569916725
RBI Policy: Best investment strategy for mutual fund investors,https://economictimes.indiatimes.com/mf/analysis/rbi-policy-best-investment-strategy-for-mutual-fund-investors/articleshow/105828902.cms,"The Reserve Bank of India has been holding policy rates since February this year. The apex bank had raised policy rates by 2.5% before the pause, starting from May 2022, to contain the inflationary pressure in the economy.",Positive,0.8043451309204102,0.045558564364910126,0.15009623765945435
"No US Fed effect, domestic factors to guide RBI policy",https://economictimes.indiatimes.com/news/economy/indicators/no-us-fed-effect-domestic-factors-to-guide-rbi-policy/articleshow/106001289.cms,"The latest US Federal Reserve's statement, signalling three rate cuts next year, is unlikely to change interest rate trajectory in India with the monetary policy committee focussing on domestic factors but could nudge the central bank to revise its stance, say economists.",Negative,0.10738290846347809,0.5635109543800354,0.32910609245300293
RBI policy: What is in store for debt mutual fund investors?,https://economictimes.indiatimes.com/mf/analysis/rbi-policy-what-is-in-store-for-debt-mutual-fund-investors/articleshow/77279901.cms,The monetary policy committee (the MPC) will meet in the first week of August 2020 to deliberate and are likely to have their task cut out with the economy staring at a contraction and the need to manage inflation.,Negative,0.02070656418800354,0.8943214416503906,0.08497199416160583
What mutual fund managers say about RBI policy,https://economictimes.indiatimes.com/mf/analysis/what-fund-managers-say-about-rbi-policy/articleshow/67884093.cms,"he RBI cut repo rate by 25 basis points (100 basis points = 1%) to 6.25 per cent, for the first time after August 2017.",Positive,0.3892734944820404,0.34107714891433716,0.26964935660362244
RBI policy reflects cautious stance: Montek Singh Ahluwalia,https://economictimes.indiatimes.com/news/economy/finance/rbi-policy-reflects-cautious-stance-montek-singh-ahluwalia/articleshow/15292789.cms,Planning Commission today said that RBI has taken a cautious stance due to sticky inflation in its quarterly review by keeping the key rates unchanged.,Negative,0.07526814937591553,0.5235405564308167,0.40119120478630066
"Expect midcaps to do well over next 4-5 years: Prabhat Awasthi, Nomura Financial Advisories",https://economictimes.indiatimes.com/opinion/interviews/expect-midcaps-to-do-well-over-next-4-5-years-prabhat-awasthi-nomura-financial-advisories/articleshow/43792424.cms,"""The investment cycle is also picking up; GDP growth has already started correcting upwards. The other macros are also getting better.""",Positive,0.9474313259124756,0.025994647294282913,0.026574091985821724
What should be the takeaways from today's RBI policy commentary? AK Tewari answers,https://economictimes.indiatimes.com/markets/expert-view/what-should-be-the-takeaways-from-todays-rbi-policy-commentary-ak-tewari-answers/articleshow/107517195.cms,"However, the growth has also been good. So in that sense, it is going well. But it is the role of the governor to actually always caution the market that, yes, things are good, but keep watch out and we will keep watching and if warranted, we will take action. So that is the sense I got.",Neutral,0.12800104916095734,0.020783018320798874,0.8512159585952759
Ahead of Market: 12 things that will decide stock action on Monday,https://economictimes.indiatimes.com/markets/stocks/news/ahead-of-market-12-things-that-will-decide-stock-action-on-monday/articleshow/83280067.cms,"Nifty traded in a tight range of 111 points to end below the 15,700 level. It formed a small bearish candle on the daily chart with a long lower wick, indicating buying at lower levels. Analysts said the index was showing lack of strength at higher levels with some indicators sending overbought signals. Will the Nifty gain strength this week and move towards the 15,800-15,900 zone?",Neutral,0.12500032782554626,0.04280991107225418,0.8321897983551025
Rupee opens 15 paise up at 69.18 against dollar,https://economictimes.indiatimes.com/markets/forex/rupee-opens-15-paise-up-at-69-18-against-dollar/articleshow/68624836.cms,"On the domestic front, the focus will shift to RBI policy meeting which is scheduled next week.",Neutral,0.04062099754810333,0.07503804564476013,0.8843409419059753
The year of the pause: How RBI maneuvered its policy in 2024,https://economictimes.indiatimes.com/news/economy/policy/the-year-of-the-pause-how-rbi-maneuvered-its-policy-in-2024/articleshow/116431290.cms,"India's benchmark interest rate, held steady at 6.5% since late 2018, remains unchanged as inflation control remains a key focus. Despite a 5.4% GDP growth slump in Q2 2024, the RBI prioritizes disinflation efforts, citing persistent food price pressures and supply-side challenges.",Negative,0.28435781598091125,0.4732455611228943,0.24239660799503326
Bank & other rate-sensitive stocks fall up to 8% post RBI policy decision,https://economictimes.indiatimes.com/markets/stocks/news/bank-other-rate-sensitive-stocks-fall-up-to-8-post-rbi-policy-decision/articleshow/107515842.cms,The RBI on Thursday left the repo rate unchanged at 6.50% following the conclusion of its three-day monetary policy meeting. This is the sixth consecutive time the central bank has left policy rates untouched and the longest pause in rates since 2008 in a rising interest rate environment.,Negative,0.03280181344598532,0.6702386289834976,0.2969595827162266
"India bank liquidity sees first big deficit of 2026 on tax outflow, lack of RBI support",https://economictimes.indiatimes.com/news/economy/finance/india-bank-liquidity-sees-first-big-deficit-of-2026-on-tax-outflow-lack-of-rbi-support/articleshow/129748509.cms,India's banking system faces a significant cash shortage for the first time in 2026. Heavy tax payments and central bank currency market actions have drained funds. This has pushed borrowing costs higher. Experts anticipate conditions to improve by month-end. Year-end government spending is expected to ease the deficit.,Negative,0.06694492697715759,0.9140496253967285,0.01900550164282322
"RBI allows reversal of liquidity facilities under SDF and MSF even on weekends, holidays",https://economictimes.indiatimes.com/industry/banking/finance/banking/rbi-allows-reversal-of-liquidity-facilities-under-sdf-and-msf-even-on-weekends-holidays/articleshow/105828916.cms,"The Reserve Bank of India (RBI) has adjusted liquidity tools, the Standing Deposit Facility (SDF) and Marginal Standing Facility (MSF), allowing reversal of facilities on weekends and holidays from December 30. The move aims to improve liquidity management amid high utilization by banks. The RBI maintained the repo rate at 6.5% Governor Shaktikanta Das mentioned that deficit liquidity was due to festive season expenses but anticipates easing conditions with increased government spending. The RBI remains agile in liquidity management amid evolving economic dynamics, the governor said.",Neutral,0.2688128650188446,0.04328671097755432,0.6879004836082458
Rupee opens 16 paise higher at 70.68 against dollar,https://economictimes.indiatimes.com/markets/forex/rupee-opens-16-paise-higher-at-70-68-against-dollar/articleshow/72484455.cms,Inflation and industrial production number will be released later in the day.,Neutral,0.018891291692852974,0.13757508993148804,0.8435336351394653
"Rajan's rate moves unlikely to lead to any disappointment: Nilesh Shah, MD, Kotak AMC",https://economictimes.indiatimes.com/opinion/interviews/rajans-rate-moves-unlikely-to-lead-to-any-disappointment-nilesh-shah-md-kotak-amc/articleshow/49993944.cms,"""There is a good chance this time around that inflation may not go up as much as expected. Besides, the pay panel award may have already been priced in by the markets.""",Neutral,0.3301228880882263,0.21063287556171417,0.4592443108558655
Industry fears RBI's move will impede industrial growth,https://economictimes.indiatimes.com/news/economy/indicators/industry-fears-rbis-move-will-impede-industrial-growth/articleshow/6223086.cms,"Contrary to the government's expectations, industry today said the RBI's move to up short-term rates may hinder industrial growth as interest rates are likely to be jacked up.",Negative,0.012403243221342564,0.9638344645500183,0.023762309923768044
"How Budget, RBI policy made Jefferies change its India stock portfolio",https://economictimes.indiatimes.com/markets/stocks/news/how-budget-rbi-policy-made-jefferies-change-its-india-stock-portfolio/articleshow/97757873.cms,"Nifty now trades at 18.5x 1-yr forward PE or a 7% premium to 10-year avg. and valuation gap vs China is also now back to the 10-year avg. This makes us more optimistic on the market outlook,"" it said, adding that the trends were positive in the Budget and Q3 earnings.",Positive,0.8852224051952362,0.02668635454028845,0.08809132687747478
RBI's policy will create stability in financial market and growth for Indian economy: Nilesh Shah,https://economictimes.indiatimes.com/markets/expert-view/rbis-policy-will-create-stability-in-financial-market-and-growth-for-indian-economy-nilesh-shah/articleshow/109057257.cms,"Nilesh Shah from Kotak AMC discusses how RBI's policy aims for stability, trust, and growth in the financial market. The equity market may not be concerned about food inflation, but the focus is on the monsoon. Shah says: For the equity market, the biggest worry will be complacency. We are trading at a valuation which optimistically discounts many events -- election, Fed pivot, earnings growth – in a very positive manner.",Neutral,0.10622803494334221,0.03590160934254527,0.85787034034729
"RBI's policy on expected lines, softening of stance a front-loaded move: Bankers",https://economictimes.indiatimes.com/industry/banking/finance/banking/rbis-policy-on-expected-lines-softening-of-stance-a-front-loaded-move-bankers/articleshow/114089578.cms,"The Reserve Bank of India maintains rates and changes its policy stance to 'neutral', indicating confidence in managing inflation and promoting robust growth. Bankers expect future rate cuts depending on the inflation trend. Enhanced UPI limits and creation of a climate risk system are also highlighted.",Neutral,0.13678541779518127,0.267183780670166,0.5960308313369751
"Fund houses sit tight ahead of US Fed meet, RBI policy review",https://economictimes.indiatimes.com/news/economy/policy/fund-houses-sit-tight-ahead-of-us-fed-meet-rbi-policy-review/articleshow/22715987.cms,Mutual fund managers are cautious in taking trading positions ahead of the crucial US central bank meet.,Negative,0.01170363649725914,0.9409985542297363,0.047297775745391846
"RBI policy, global cues, FPI action among top 8 factors to drive D-Street this week",https://economictimes.indiatimes.com/markets/stocks/news/rbi-policy-global-cues-fpi-action-may-decide-dalal-streets-fate-next-week/articleshow/100738261.cms,"Indian benchmark indices stayed in a narrow range amid US debt deal negotiations and remained flat for the week. However, the broader markets outperformed, with about 20 smallcap stocks returning 20-40% weekly. Analysts remain positive about the market and see benchmark indices hitting fresh lifetime highs. The upcoming Reserve Bank of India meeting and Federal Reserve meeting will determine the momentum of indices, with all eyes on the RBI's policy meeting from June 6-8. Additionally, the US's composite services PMI and trade data and the IPO of IKIO Lighting, among other data points, will impact the market.",Negative,0.01419143145903945,0.9454366564750671,0.04037194233387709
"Rupee slips on equity outflows, offshore positioning ahead of RBI policy",https://economictimes.indiatimes.com/markets/forex/rupee-slips-on-equity-outflows-offshore-positioning-ahead-of-rbi-policy/articleshow/121642189.cms,"The Indian rupee briefly weakened to 86.02/$1 on Wednesday before recovering to close at 85.90, pressured by equity outflows and offshore NDF unwinding ahead of the RBI’s policy review. Dollar demand from foreign banks and oil firms added to the pressure. Despite RBI's likely intervention, the rupee has fallen 1.5% since last Monday, making it Asia’s worst-performing currency.",Negative,0.06855584681034088,0.8755195736885071,0.05592455342411995
A sensible policy in response to a catastrophic event: Abheek Barua,https://economictimes.indiatimes.com/markets/expert-view/a-sensible-policy-in-response-to-a-catastrophic-event-abheek-barua/articleshow/86863285.cms,"“We have sensitised the market to this notion of a glide path for inflation, for non-destructive policy measures. Anything apart from this would have been disruptive not just for the markets but also for the economy. ”",Negative,0.013554533012211323,0.8919051885604858,0.09454029053449631
RBI policy factored in Fed rate cut: FM,https://economictimes.indiatimes.com/news/economy/policy/rbi-policy-factored-in-fed-rate-cut-fm/articleshow/2510596.cms,"The RBI had factored in the cut in benchmark interest rate by the US Federal Reserve, in the quarterly monetary policy, finance minister P Chidambaram said.",Neutral,0.17366163432598114,0.19093245267868042,0.6354058980941772
Rate sensitive stocks down post RBI policy,https://economictimes.indiatimes.com/markets/stocks/news/rate-sensitive-stocks-down-post-rbi-policy/articleshow/43909627.cms,Raghuram Rajan left all key rates unchanged citing continued risks to inflation and difficult external situation especially on the geopolitical front.,Negative,0.023397061973810196,0.885034441947937,0.09156844019889832
Moody's blames RBI policy for negative IIP figures,https://economictimes.indiatimes.com/news/economy/indicators/moodys-blames-rbi-policy-for-negative-iip-figures/articleshow/3828513.cms,"Despite global turmoil, RBI continued to tighten monetary policy until July, Moody's said. Gainers: BSE ( A, B ) | NSE | Losers: BSE ( A, B ) | NSE | 52 Week: High, Low",Positive,0.7242624163627625,0.05671427771449089,0.21902336180210114
Debt fund managers decode RBI policy for investors,https://economictimes.indiatimes.com/mf/analysis/debt-fund-managers-decode-rbi-policy-for-investors/articleshow/104213486.cms,"""RBI would target Inflation rate of 4% and not 2%-6% range, again signals the policy rates to remain higher for longer until Inflation is projected to come below 4%. RBI’s sharp focus on bringing down inflation is positive for markets in the medium-to-long term,"" says Amit Somani, Senior Fund Manager – Fixed Income, Tata Asset Management.",Positive,0.9286284446716309,0.029263794422149658,0.04210769757628441
RBI policy on stability: Will not wait for house to catch fire,https://economictimes.indiatimes.com/news/economy/indicators/rbi-policy-on-stability-will-not-wait-for-house-to-catch-fire/articleshow/105831677.cms,"The Reserve Bank of India (RBI) has defended its recent regulatory measures for banks and non-banking finance companies (NBFCs), emphasizing its commitment to using prudential tools to safeguard financial stability. Governor Shaktikanta Das stated that the central bank will not wait for problems to escalate, likening it to waiting for a house to catch fire before taking action.",Neutral,0.1970287747681141,0.3836622089147568,0.4193090349435806
Lacklustre bonds and currency market ahead of RBI policy,https://economictimes.indiatimes.com/markets/bonds/lacklustre-bonds-and-currency-market-ahead-of-rbi-policy/articleshow/54672889.cms,"The Federal Reserve's decision to leave rates unchanged helped, but the outlook for Indian rates also turned benign as the August inflation reading opened up the possibility of rate cuts.",Positive,0.730025589466095,0.22742187976837158,0.04255248233675957
RBI policy rate cuts below industry expectations,https://economictimes.indiatimes.com/news/economy/policy/rbi-policy-rate-cuts-below-industry-expectations/articleshow/4429941.cms,"Industry on Tuesday said the RBI measures towards lower interest rates will reduce the credit cost, but the central bank should have gone in for deeper cuts in policy rates.",Positive,0.7670983076095581,0.1499280482530594,0.08297364413738251
Towards a more predictable & transparent RBI policy,https://economictimes.indiatimes.com/news/economy/policy/towards-a-more-predictable-transparent-rbi-policy/articleshow/32264045.cms,"Predicting RBI’s monetary policy stance is turning out to be a hazardous exercise for analysts. In its last two policy announcements, RBI managed to surprise the consensus.",Negative,0.37643229588866234,0.4833284169435501,0.14023932069540024
Bonds and rupee move steady ahead of RBI policy,https://economictimes.indiatimes.com/markets/bonds/bonds-and-rupee-move-steady-ahead-of-rbi-policy/articleshow/64474861.cms,The benchmark bond yield was little changed at 7.83 per cent amid lacklustre trading activity.,Negative,0.07712765783071518,0.868289053440094,0.05458337068557739
RBI policy review: Key factors to watch out for,https://economictimes.indiatimes.com/markets/stocks/news/rbi-policy-review-key-factors-to-watch-out-for/articleshow/64448060.cms,"It will be first time that meeting is going on for 3 days because of ""administrative exigencies"".",Negative,0.009226641617715359,0.9081027507781982,0.08267064392566681
RBI policy tightening takes a toll on credit,https://economictimes.indiatimes.com/industry/banking/finance/banking/rbi-policy-tightening-takes-a-toll-on-credit/articleshow/3194675.cms,"Bank loans continue to grow at a slow pace. Though in absolute terms, loans, in the first quarter of (Q1) 2008-09, have done better than the previous two comparable quarters, the Q1 growth (Y-o-Y) has slowed down.",Negative,0.04328138008713722,0.9306764006614685,0.026042187586426735
Reactions from top industry officials on RBI policy,https://economictimes.indiatimes.com/et-now/experts/reactions-from-top-industry-officials-on-rbi-policy/videoshow/5837449.cms,IndusInd-bank.jpg,Neutral,0.02686867117881775,0.030594736337661743,0.9425366520881653
"RBI policy, global cues to set tone for markets",https://economictimes.indiatimes.com/opinion/et-commentary/rbi-policy-global-cues-to-set-tone-for-markets/articleshow/7698340.cms,"RBI's monetary policy review meeting, political conflict in the Gulf and North Africa will determine the stock market direction this week.",Negative,0.028228506445884705,0.4986671805381775,0.4731042981147766
RBI shifts towards policy tightening; expect bond yields to continue to harden this year,https://economictimes.indiatimes.com/markets/stocks/news/rbi-shifts-towards-policy-tightening-expect-bond-yields-to-continue-to-harden-this-year/articleshow/90741328.cms,The MPC while reiterating its accommodative stance has also rephrased with focus on withdrawal of accommodation as it ensures inflation remains in target with continuous support to growth.,Positive,0.6033198237419128,0.2667540907859802,0.12992607057094574
"No more rate cuts likely before Budget: K Harihar, FirstRand Bank",https://economictimes.indiatimes.com/opinion/interviews/no-more-rate-cuts-likely-before-budget-k-harihar-firstrand-bank/articleshow/50009766.cms,"""We are on course to achieve the inflation target. It clearly suggests that any further rate cuts were not warranted at this point.""",Positive,0.4920348823070526,0.16737930476665497,0.3405858278274536
"RBI policy review, Q3 results to drive stock markets: Experts",https://economictimes.indiatimes.com/markets/stocks/news/rbi-policy-review-q3-results-to-drive-stock-markets-experts/articleshow/46083929.cms,"Besides, global cues, investment by overseas investors, movement of rupee against the dollar and crude oil price would also influence trading.",Neutral,0.17604856193065643,0.015287082642316818,0.8086643218994141
"RBI policy on expected lines, hope to see rate cut soon: India Inc",https://economictimes.indiatimes.com/news/company/corporate-trends/rbi-policy-on-expected-lines-hope-to-see-rate-cut-soon-india-inc/articleshow/63631708.cms,"The RBI's macro numbers like inflation forecasts as also the GDP look real and variables like Monsoon, crude oil prices in an election year would be the factors to watch for, he added.",Neutral,0.06418948620557785,0.029419418424367905,0.9063910841941833
"Nifty to move between 9,230 and 9,300 next week",https://economictimes.indiatimes.com/markets/stocks/news/nifty-to-move-between-9230-and-9300-next-week/articleshow/57942400.cms,"Accumulate cement stocks on dips in the coming week, says Swapneel V Mantri, Sushil Finance.",Negative,0.0848885253071785,0.6268276572227478,0.2882837951183319
Realty stocks mixed after RBI policy; all eyes on transmission of interest rate cuts by banks,https://economictimes.indiatimes.com/markets/stocks/news/realty-stocks-mixed-after-rbi-policy-all-eyes-on-transmission-of-interest-rate-cuts-by-banks/articleshow/71436943.cms,The real estate sector is still saddled with 6.56 lakh unsold housing units.,Negative,0.13224339485168457,0.7342308759689331,0.13352584838867188
Rupee declines by 10 paise to 74.84 ahead of RBI policy,https://economictimes.indiatimes.com/markets/forex/rupee-declines-by-10-paise-to-74-84-ahead-of-rbi-policy/articleshow/89456263.cms,"Investors are cautious ahead of the RBI monetary policy to be announced on Thursday, analysts said.",Negative,0.018297836184501648,0.91756671667099,0.06413545459508896
RBI policy on expected lines and very balanced: Tanvee Gupta Jain,https://economictimes.indiatimes.com/markets/expert-view/rbi-policy-on-expected-lines-and-very-balanced-tanvee-gupta-jain/articleshow/94556856.cms,“I do not see the credit policy as either hawkish or accommodative. There is a very balanced overview and it is very data dependent. We are expecting RBI to take the repo rate to 6.25% by the December policy and this is taking into account our US team forecast that the Fed rate peaks at 4.25-4.5% by the end of 2022. ”,Neutral,0.16954663395881653,0.05520222336053848,0.7752511501312256
Liquidity tightness in India's banking system: Rethinking RBI's policy tools,https://economictimes.indiatimes.com/industry/banking/finance/banking/liquidity-tightness-in-indias-banking-system-rethinking-rbis-policy-tools/articleshow/117583508.cms,"The RBI faces challenges providing liquidity amidst India's banking system issues, as traditional OMOs have limited impact due to regulatory and structural constraints. Reforms in CRR and LCR requirements could inject direct liquidity, while innovative measures like long-term repo operations and dynamic LCR adjustments might support broader credit growth and equitable economic growth.",Positive,0.9245068430900574,0.009868230670690536,0.06562496721744537
India bond yields flat as traders shrug off RBI policy,https://economictimes.indiatimes.com/markets/bonds/india-bond-yields-flat-as-traders-shrug-off-rbi-policy/articleshow/105830943.cms,The RBI refrained from any major announcements - unlike in August and October - while Governor Shaktikanta Das said liquidity situations in the last two months did not warrant open market sale of bonds.,Neutral,0.03289688378572464,0.1882326453924179,0.7788704633712769
RBI policy desolates realtors; want rate cut to boost sector,https://economictimes.indiatimes.com/news/economy/policy/rbi-policy-desolates-realtors-want-rate-cut-to-boost-sector/articleshow/48345690.cms,"CREDAI, the apex body of real estate developers, said the industry is struggling due to low demand, rise in input cost and high interest rates.",Negative,0.008901323191821575,0.9697120785713196,0.021386515349149704
Pre-market: Nifty seen opening flat; RBI policy eyed,https://economictimes.indiatimes.com/markets/stocks/news/pre-market-nifty-seen-opening-flat-rbi-policy-eyed/articleshow/47508699.cms,"The index may retest its crucial level of 8400, if the central bank keep do not cut rates by 25 bps or infuse liquidity in the system.",Negative,0.36869028210639954,0.46653199195861816,0.1647777408361435
"RBI policy boost, separate liquidity window for hotels, transport, tourism",https://economictimes.indiatimes.com/news/economy/policy/rbi-policy-boost-separate-liquidity-window-for-hotels-transport-tourism/articleshow/83227822.cms,"The central bank also announced a fresh liquidity support of Rs 16,000 crore for Small Industries Development Bank of India for on-lending or providing refinance to micro, small and medium enterprises (MSMEs), particularly smaller MSMEs and other businesses including those in credit deficient and aspirational districts.",Positive,0.9008384943008423,0.015247109346091747,0.0839143842458725
RBI policy may change if industrial growth slides further: Basu,https://economictimes.indiatimes.com/news/economy/indicators/rbi-policy-may-change-if-industrial-growth-slides-further-basu/articleshow/6935131.cms,"A top government economic advisor said industry is expected post a recovery in October, else the RBI will have to change its tight money policy stance.",Negative,0.40752530097961426,0.5021023750305176,0.09037230908870697
Montek Singh Ahluwalia on RBI policy: Growth should be higher on agenda,https://economictimes.indiatimes.com/news/economy/policy/montek-singh-ahluwalia-on-rbi-policy-growth-should-be-higher-on-agenda/articleshow/17019911.cms,"""I can see that the RBI remains concerned about inflation. I think we need to watch what happens in inflation but probably the need to push the growth at this moment is little higher on agenda than the concern about inflation,"" Ahluwalia told.",Positive,0.7262959480285645,0.052985262125730515,0.22071872651576996
For the first time one member differed on RBI policy rate decision,https://economictimes.indiatimes.com/news/economy/policy/for-the-first-time-one-member-differed-on-rbi-policy-rate-decision/articleshow/59034577.cms,"Of the six members, both external and internal, one external member Ravindra Dholakia was not in favour of a pause in policy rate.",Neutral,0.09001383930444717,0.14049690961837769,0.7694892883300781
India benchmark bonds fall on supply reshuffle before RBI policy,https://economictimes.indiatimes.com/markets/bonds/india-benchmark-bonds-fall-on-supply-reshuffle-before-rbi-policy/articleshow/124213240.cms,"Benchmark Indian government bonds fell on Monday following an increase in the share of their issuance in New Delhi's fiscal second half borrowing plan, with traders also turning cautious ahead of Wednesday's central bank policy decision.",Negative,0.009459531866014004,0.9698095321655273,0.0207308828830719
RBI MPC Meeting: Trump tariff turmoil puts pressure on Reserve Bank of India to act,https://economictimes.indiatimes.com/news/economy/policy/rbi-mpc-meeting-trump-tariff-turmoil-puts-pressure-on-reserve-bank-of-india-to-act/articleshow/120082844.cms,"RBI Monetary Policy Meeting: India's central bank is anticipated to lower interest rates, coinciding with the implementation of US import tariffs. Investors are bracing for potential market instability, with expectations that Governor Sanjay Malhotra will implement measures to strengthen the economy against a slowdown. Economists predict a 25 basis point cut to 6%, while also monitoring inflation, liquidity management, and bond/rupee reactions.",Negative,0.04698289930820465,0.7791086435317993,0.17390847206115723
Das says RBI won’t prejudge the liquidity situation: Policy Highlights,https://economictimes.indiatimes.com/markets/stocks/news/das-says-rbi-wont-prejudge-the-liquidity-situation-policy-highlights/articleshow/67881143.cms,RBI said the decision to change the monetary policy stance was unanimous.,Neutral,0.05573276802897453,0.041665755212306976,0.902601420879364
"India optimism soars as bond yields hit yearly low; 4 ways it impacts market, economy & sectors",https://economictimes.indiatimes.com/markets/bonds/india-optimism-soars-as-bond-yields-hit-yearly-low-4-ways-it-impacts-market-economy-sectors/articleshow/100445412.cms,"Indian 10-year government rates fell to a one-year low of 6.99% due to the drop in crude oil prices and the release of liquidity into the market by the RBI. The decline in bond yields is expected to benefit the economy by stimulating consumption and investment. Sectors such as real estate, infrastructure, and utilities are anticipated to gain from the lower borrowing costs. However, the Reserve Bank of India's decision to retain or lower interest rates in response to the declining bond yields is still uncertain and dependent on several factors such as inflation rate, crude oil prices, and global economic growth.",Negative,0.015489577082917094,0.9250560104846954,0.05945442616939545
10-year-bond yields rise to 7.9%,https://economictimes.indiatimes.com/markets/bonds/10-year-bond-yields-rise-to-7-9/articleshow/18234727.cms,Yields on ten year bonds rose to 7.90% after opening at 7.88 per cent in the morning as many in the bond market expect the RBI to pause or at best do a token rate cut of 25 basis points.,Positive,0.9318993091583252,0.03950807824730873,0.028592590242624283
"Assembly poll results, RBI policy among 7 factors that will drive Dalal Street this week",https://economictimes.indiatimes.com/markets/stocks/news/assembly-poll-results-rbi-policy-among-7-factors-that-will-drive-dalal-street-next-week/articleshow/105685089.cms,"The strong momentum seen last week has led to the hope of the momentum continuing in the week ahead. However, sustenance of the momentum depends on the outcome of certain crucial events such as the outcome of the assembly elections that took place in 5 states, the outcome of which will be out on Sunday.",Neutral,0.172700896859169,0.012255607172846794,0.8150435090065002
"RBI Policy Rate: No tango with repo, yet RBI moves ease rates",https://economictimes.indiatimes.com/news/economy/policy/rbi-policy-rate-no-tango-with-repo-yet-rbi-moves-ease-rates/articleshow/108775528.cms,"The Reserve Bank of India (RBI) has indirectly eased policy rates through consistent liquidity injections, leading to a decline in the weighted average call rate (WACR) towards the benchmark repo rate. This trend reflects increased confidence in liquidity management strategies, supported by government spending and proactive RBI operations. Analysts suggest a shift towards containing inflation while maintaining stable borrowing costs.",Positive,0.4959661513566971,0.45237849932163954,0.051655334420502186
Market consolidation or rebound? Daylynn Pinto on the road ahead for investors,https://economictimes.indiatimes.com/markets/expert-view/market-consolidation-or-rebound-daylynn-pinto-on-the-road-ahead-for-investors/articleshow/119586350.cms,"Daylynn Pinto of Bandhan AMC explains the current market consolidation after five strong years, highlighting concerns such as the slowdown, global recession risks, and potential tariffs impact. Pinto justifies underweighting capital goods due to stretched valuations and anticipated limited private capex, while stressing the positive outlook on financial services and autos amid favorable regulatory and liquidity factors.",Positive,0.6190234422683716,0.3456982374191284,0.03527840971946716
"RBI policy: Central bank needs to take measures to support liquidity, says SK Ghosh, SBI",https://economictimes.indiatimes.com/markets/expert-view/rbi-policy-central-bank-needs-to-take-measures-to-support-liquidity-sk-ghosh-sbi/articleshow/64480828.cms,“Agricultural sector is showing signs of distress while the industry and service sectors have been peaking up.”,Negative,0.026850569993257523,0.95803302526474,0.01511633861809969
RBI pause like Sachin Tendulkar stroke on tricky pitch: Nilesh Shah,https://economictimes.indiatimes.com/markets/stocks/news/rbi-pause-like-sachin-tendulkar-stroke-on-tricky-pitch-nilesh-shah/articleshow/99287304.cms,"“The RBI’s pause is like Sachin's stroke on a tricky pitch but with eyes set in and having the luxury of hitting the ball wherever he wanted. The RBI had the option of a rate hike or a pause. The pause was not entirely unexpected,"" said Nilesh Shah, MD, Kotak AMC.",Neutral,0.14100312814116478,0.05087720602750778,0.8081196745236715
RBI likely to go for a prolonged policy rate pause: ICICI Bank report,https://economictimes.indiatimes.com/news/economy/indicators/rbi-likely-to-go-for-a-prolonged-policy-rate-pause-icici-bank-report/articleshow/128631839.cms,"ICICI Bank Global Markets said the chances of a policy rate hike are low due to benign core inflation and expects a prolonged pause in rates through 2026-27, with the focus shifting to regular durable liquidity infusion to support monetary transmission.",Negative,0.021563507616519928,0.905906081199646,0.07253044098615646
RBI Monetary Policy meet: When and where to watch Guv Shaktikanta Das' live address,https://economictimes.indiatimes.com/news/economy/policy/rbi-monetary-policy-meet-when-and-where-to-watch-guv-shaktikanta-das-live-address/articleshow/115993085.cms,RBI policy date and time: The Reserve Bank of India's Monetary Policy Committee (MPC) will announce its bi-monthly policy decisions on December 6. Experts predict a potential focus on liquidity measures and a steady repo rate of 6.5%. The MPC will address slowing GDP growth and elevated inflation amidst diverse expert opinions on necessary policy adjustments.,Positive,0.7359907627105713,0.02151192771270871,0.24249733611941338
"RBI Policy: Hope for easier home loan, car loan becomes slim",https://economictimes.indiatimes.com/wealth/personal-finance-news/rbi-policy-hope-for-easier-home-loan-car-loan-becomes-slim/articleshow/58047595.cms,"The central bank raises reverse repo rate by 25 basis points to 6%, a measure to reward banks for parking excess fund with it.",Positive,0.6400284171104431,0.042868804186582565,0.3171027600765228
Banks drag Sensex 350 points lower ahead of RBI policy decision,https://economictimes.indiatimes.com/markets/stocks/news/banks-drag-sensex-nifty-lower-ahead-rbi-policy-decision/articleshow/102558474.cms,"From the Sensex stocks, ICICI Bank, Maruti, HCL Tech, Wipro, HUL, and Reliance Industries opened in the red, whereas Sun Pharma, NTPC, Power Grid, Titan, Bajaj Finserv, and Nestle opened higher.",Positive,0.8015317320823669,0.03424256294965744,0.16422578692436218
India bonds flat as traders look ahead to RBI policy; liquidity ebbs,https://economictimes.indiatimes.com/markets/bonds/india-bonds-flat-as-traders-look-ahead-to-rbi-policy-liquidity-ebbs/articleshow/122829479.cms,Indian government bonds remained stable. Traders avoided major new investments before the upcoming monetary policy review. Banking system liquidity tightened. The yield on the benchmark 10-year bond was at 6.2993%. The Reserve Bank of India's next monetary policy decision is due on August 6. Some traders anticipate another rate cut. Overnight index swap rates remained rangebound in early deals.,Neutral,0.022332049906253815,0.10341742634773254,0.8742505311965942
Rupee faces stiff resistance at 58.50 – 58/$; RBI policy eyed,https://economictimes.indiatimes.com/markets/forex/rupee-faces-stiff-resistance-at-58-50-58/-rbi-policy-eyed/articleshow/21339299.cms,RBI continuous efforts to stem rupee fall seems to paying off as the Indian unit is not only is off its all-time low of 61.21 but has turned around to trade at more than a one-month high today.,Positive,0.6862453818321228,0.2680598497390747,0.04569472372531891
RBI policy rally fizzled out; traders should cut longs: Analysts,https://economictimes.indiatimes.com/markets/stocks/news/rbi-policy-rally-fizzled-out-traders-should-cut-longs-analysts/articleshow/43893924.cms,"According to RBI, there are number of disinflationary factors underway such as lower oil prices and stable rates are positive for inflation.",Positive,0.7717646360397339,0.03866258263587952,0.18957269191741943
Top debt fund managers speak about the hits and misses of RBI policy,https://economictimes.indiatimes.com/mf/analysis/top-debt-fund-managers-speak-about-the-hits-and-misses-of-rbi-policy/articleshow/85093890.cms,The monetary policy committee decided to even retain the status quo of the stance as ‘accommodative’ through unanimous voting.,Neutral,0.18338075280189514,0.02884310483932495,0.7877761125564575
RBI's policy rate hike likely to hit housing demand: Realty industry,https://economictimes.indiatimes.com/industry/services/property-/-cstruction/rbis-policy-rate-hike-likely-to-hit-housing-demand-realty-industry/articleshow/91318800.cms,"Commenting on the policy, industry body CREDAI's President Harsh Vardhan Patodia, said, ""The low repo rates had given a boost to the real estate sector during the course of the pandemic. Raising of repo rate by RBI is a surprise for real estate industry given the inflationary trends.""",Positive,0.8742704093456268,0.04390621650964022,0.08182346075773239
RBI Policy: Loans cheaper after first rate cut since 2020,https://economictimes.indiatimes.com/news/economy/policy/rbi-governors-maiden-policy-announcement-brings-relief-to-home-auto-and-msme-borrowers/articleshow/118001832.cms,"RBI Governor Sanjay Malhotra announced a 25-basis point cut in the policy repo rate, aligned with the Union Budget to boost consumer spending. This is the first reduction in five years, leading banks to likely lower their loan rates similarly, impacting home, auto, and MSME borrowers positively after a series of previous rate hikes.",Negative,0.05175274983048439,0.9306624531745911,0.01758473552763462
RBI's policy stance turning accommodative shows signs of easing: SBI Report,https://economictimes.indiatimes.com/news/economy/policy/rbis-policy-stance-turning-accommodative-shows-signs-of-easing-sbi-report/articleshow/120145190.cms,"The RBI has adopted a more accommodative policy stance as inflation expectations ease. A State Bank of India report says the shift is linked to changing household expectations, not just past data. With inflation forecast at 8.9% over the next three months, the RBI appears focused on supporting growth while keeping inflation in check.",Positive,0.4577416330575943,0.3539937688037753,0.18826457858085632
"Indian bonds flat ahead of state debt supply, RBI policy decision",https://economictimes.indiatimes.com/markets/bonds/indian-bonds-flat-ahead-of-state-debt-supply-rbi-policy-decision/articleshow/121588026.cms,Indian government bonds saw limited movement early Tuesday. Investors are watching for state debt supply later today. The Reserve Bank of India's monetary policy decision is due this week. GDP growth exceeded expectations. The central bank is expected to cut rates. Liquidity surplus is supporting the market. States are set to sell bonds worth 294 billion rupees.,Positive,0.9522194862365723,0.01933782547712326,0.02844269759953022
"RBI policy and GST boost fuel interest in consumption, financial services stocks",https://economictimes.indiatimes.com/markets/stocks/news/rbi-policy-and-gst-boost-fuel-interest-in-consumption-financial-services-stocks/articleshow/124280600.cms,"Consumption and financial services stocks are in focus due to recent GST boosts and RBI policy changes. Analysts highlight several stocks, including United Spirits, Aditya Birla Capital, and Axis Bank, which saw above-average rollovers to the October series. Based on technical and derivatives data, experts recommend fresh long positions and anticipate potential northward moves for these scrips.",Positive,0.49606019258499146,0.16170240193605423,0.3422374725341797
RBI policy stance to depend on inflation situation: Subir Gokarn,https://economictimes.indiatimes.com/news/economy/policy/rbi-policy-stance-to-depend-on-inflation-situation-subir-gokarn/articleshow/10328749.cms,"Amid growing industry clamour for a pause in policy rate hikes,RBI said any change in its monetary policy will depend on inflation.",Neutral,0.10533516854047775,0.1711975634098053,0.7234672904014587
RBI policy: Why repo rate cut failed to cheer,https://economictimes.indiatimes.com/wealth/personal-finance-news/rbi-policy-why-repo-rate-cut-failed-to-cheer/articleshow/71451242.cms,"While rate cut of 25 bps was in line with consensus estimates, it was below bond market’s expectations.",Negative,0.018169134855270386,0.936262845993042,0.04556809738278389
BCIC comes up with report on RBI policy to revive businesses,https://economictimes.indiatimes.com/news/economy/policy/bcic-comes-up-with-report-on-rbi-policy-to-revive-businesses/articleshow/87763226.cms,"The chamber sought a slew of support to revive businesses, especially the small and medium businesses which it said were battling a liquidity crisis and the government needs to provide financial support.",Positive,0.9003035426139832,0.027238650247454643,0.07245776802301407
Rupee falls below 60/dollar after RBI policy,https://economictimes.indiatimes.com/markets/forex/rupee-falls-below-60/dollar-after-rbi-policy/articleshow/21482991.cms,RBI's comments raised questions about it's resolve in sustaining cash-draining measures that have sent bond yields surging.,Negative,0.17191272974014282,0.7676066160202026,0.06048063561320305
Rupee ends flat at 69.26 ahead of RBI policy,https://economictimes.indiatimes.com/markets/forex/rupee-ends-flat-at-69-26-ahead-of-rbi-policy/articleshow/69658938.cms,The domestic currency finally closed at 69.26 against the US dollar.,Negative,0.3947990834712982,0.5106212496757507,0.09457966685295105
PNB to review interest rates post RBI policy: Kamath,https://economictimes.indiatimes.com/industry/banking/finance/banking/pnb-to-review-interest-rates-post-rbi-policy-kamath/articleshow/7973421.cms,PNB today said there is an upward pressure on interest rates and it would take a call revising them after RBI's annual policy review next month.,Negative,0.08838745951652527,0.6820623874664307,0.22955022752285004
Recent moves hint at steady rates in RBI policy review,https://economictimes.indiatimes.com/news/economy/policy/recent-moves-hint-at-steady-rates-in-rbi-policy-review/articleshow/3521414.cms,"The funds raised can be used for direct investment overseas in joint ventures and wholly-owned subsidiaries, or even in group companies.",Neutral,0.044942811131477356,0.01237672008574009,0.9426804780960083
Rupee falls 5 paise ahead of RBI policy meet,https://economictimes.indiatimes.com/markets/forex/rupee-falls-5-paise-ahead-of-rbi-policy-meet/articleshow/64452692.cms,"Overall, forex market sentiment turned little nervous and witnessed lethargic trade.",Negative,0.3383358120918274,0.5815046429634094,0.08015956729650497
"Economists split on rate hike, unanimous on hawkish RBI policy",https://economictimes.indiatimes.com/news/economy/indicators/economists-split-on-rate-hike-unanimous-on-hawkish-rbi-policy/articleshow/2987378.cms,"The Reserve Bank, which is in an unenvious position, thanks to high inflation, is bound to take a tough stand in its monetary policy which will be unveiled on April 29, experts said.",Negative,0.057432353496551514,0.7286927700042725,0.21387489140033722
Pre-RBI Policy: Here's how bonds and rupee react,https://economictimes.indiatimes.com/markets/forex/pre-rbi-policy-heres-how-bonds-and-rupee-react/articleshow/29483338.cms,"Ahead of RBI's Q3 monetary policy, the ten-year benchmark bond yield fell four basis points or 0.46 per cent pushing prices higher in the early trade on Tuesday.",Negative,0.007538822013884783,0.971930742263794,0.02053043060004711
"Trump tariff, RBI policy, FII selloff among 5 factors to impact stock market this week",https://economictimes.indiatimes.com/markets/stocks/news/trumps-tariffs-rbi-policy-fii-selloff-among-5-factors-to-impact-stock-markets-this-week/articleshow/123071550.cms,"Indian stock markets face a crucial week. Global and domestic factors are creating pressure. These include US tariffs a strong dollar, and foreign investor selling. Weak corporate earnings also contribute. The Reserve Bank of India's policy decision is keenly awaited. Diplomatic efforts on India-US trade are important. Investors are watching these factors for market direction.",Neutral,0.37434906512498856,0.02967801596969366,0.5959729105234146
Omicron seen slowing India’s policy normalisation path,https://economictimes.indiatimes.com/news/economy/policy/omicron-seen-slowing-indias-policy-normalisation-path/articleshow/88138611.cms,All 28 economists surveyed by Bloomberg as of Monday expect the six-member monetary policy committee to leave the repurchase rate unchanged at 4% on Wednesday. Even bets on the reverse repurchase rate -- the level at which the RBI absorbs cash from banks -- are heavily skewed toward a hold.,Negative,0.015442004427313805,0.9510622620582581,0.0334957055747509
RBI cheers governments fiscal discipline and measures to boost supplies,https://economictimes.indiatimes.com/news/economy/finance/rbi-cheers-governments-fiscal-discipline-and-measures-to-boost-supplies/articleshow/51695683.cms,"“In Budget 2016-17, the govt has adhered to the path of fiscal consolidation and this will support disinflation going forward,” RBI said in its statement.",Positive,0.7718831300735474,0.014825585298240185,0.21329136192798615
RBI’s mid-quarter review likely to be non-event in terms of rate action,https://economictimes.indiatimes.com/news/economy/indicators/rbis-mid-quarter-review-likely-to-be-non-event-in-terms-of-rate-action/articleshow/17651192.cms,"This view is backed not just by the decline in the headline WPI number, but also by core inflation, which, in November, dropped sharply.",Negative,0.10767100751399994,0.8622840642929077,0.03004492074251175
Wise or adventurous: How to read RBI policy action amid evolving geopolitical risk?,https://economictimes.indiatimes.com/markets/stocks/news/wise-or-adventurous-how-to-read-rbi-policy-action-amid-evolving-geopolitical-risk/articleshow/89845949.cms,"Since the time RBI reduced the repo rate by over 120 bps during the period of Feb-May 2020, the repo rate has stayed put at 4%. The same is the case with a reverse repo with its rate ruling at 3.35%. But, of late, bond markets have refused to buy into this stability.",Negative,0.05812399089336395,0.5302936434745789,0.4115823209285736
View: Time to pick high quality midcaps and smallcaps,https://economictimes.indiatimes.com/markets/stocks/news/view-time-to-pick-high-quality-midcaps-and-smallcaps/articleshow/72433284.cms,The risk-reward continues to be favourable in mid and smallcaps compared to large caps.,Positive,0.9538964033126831,0.018543068319559097,0.027560433372855186
RBI has done more than the market had expected,https://economictimes.indiatimes.com/markets/expert-view/rbi-has-done-more-than-the-market-had-expected/articleshow/78572425.cms,"The Governor is very focussed on making sure that borrowing programmes happen effectively, sovereign rates remain low and the transmission of that low sovereign rate happens to the real economy, says Jayesh Mehta.",Neutral,0.1453690528869629,0.018761150538921356,0.8358697891235352
Rupee rises 3 paise to 88.69 against US dollar in early trade,https://economictimes.indiatimes.com/markets/forex/rupee-rises-3-paise-to-88-69-against-us-dollar-in-early-trade/articleshow/124204819.cms,"The rupee rose 3 paise to 88.69 against the US dollar, trading in a tight range due to capital outflows and geopolitical developments. The RBI's upcoming policy meeting and potential intervention are closely watched amidst new US tariffs on drugs. Meanwhile, India's forex reserves dropped, even as domestic equity markets rebounded.",Positive,0.5183020159602165,0.10717349126935005,0.37452454026788473
"Narendra Solanki prefers Aptus over Bajaj Housing, betting on PSBs, not private banks; here's why",https://economictimes.indiatimes.com/markets/expert-view/narendra-solanki-prefers-aptus-over-bajaj-housing-betting-on-psbs-not-private-banks-heres-why/articleshow/125733731.cms,"Market outlook turns favourable for PSBs, with analysts seeing stronger upside than private banks ahead of the RBI policy. Anand Rathi’s Narendra Solanki prefers Aptus Value Housing in housing finance, Union Bank and Indian Bank among PSBs, and Vishal Mega Mart over Trent in retail. Here’s the full breakdown of his sector strategy and stock preferences.",Neutral,0.07260189205408096,0.0167227815836668,0.9106754064559937
GDP shocker: RBI cuts FY20 growth forecast to 5%,https://economictimes.indiatimes.com/markets/stocks/news/gdp-shocker-rbi-cuts-fy20-growth-forecast-to-5/articleshow/72379884.cms,CPI inflation projection wad revised upwards to 5.1-4.7 per cent for the second half of FY20.,Negative,0.4015970826148987,0.5464910864830017,0.051911819726228714
"Weather, veggies and peer pressure: All that can shape RBI MPC’s rate verdict",https://economictimes.indiatimes.com/news/economy/policy/weather-veggies-and-peer-pressure-all-that-can-shape-rbi-mpcs-rate-verdict-tomorrow/articleshow/102571515.cms,The Reserve Bank of India's (RBI) Monetary Policy Committee (MPC) is expected to keep the repo rate fixed and maintain its withdrawal of accommodative stance when it makes its policy announcement on August 10. The RBI is most likely to focus on how it will be coping with the rising inflation print.,Neutral,0.10324030555784702,0.05220389738678932,0.8445558249950409
"Budget 2021, RBI policy among key factors that may move market this week",https://economictimes.indiatimes.com/markets/stocks/news/budget-2021-rbi-policy-among-key-factors-that-may-move-market-this-week/articleshow/80609560.cms,The Union Budget and its announcement will remain the biggest focus point for the market as investors hope that the government will deliver a pro-cyclical stimulus to further strengthen the ongoing economic recovery.,Positive,0.8867826461791992,0.015087262727320194,0.09813015908002853
RBI policy: Mint Street likely raise inflation outlook to reflect costlier oil,https://economictimes.indiatimes.com/news/economy/indicators/rbi-policy-mint-street-likely-raise-inflation-outlook-to-reflect-costlier-oil/articleshow/90716894.cms,"Investors will be looking for clarity on how the RBI -- which acts as the government’s debt manager, in addition to its main role of maintaining price stability -- plans to support the administration’s 14.31 trillion rupee ($189 billion) debt program and keep the sovereign’s borrowing costs in check when faster global policy normalization is pushing yields higher.",Positive,0.7573301792144775,0.013479269109666348,0.22919052839279175
"RBI policy stance has turned de facto neutral: Pranjul Bhandari, HSBC",https://economictimes.indiatimes.com/markets/expert-view/rbi-policy-stance-has-turned-de-facto-neutral-pranjul-bhandari-hsbc/articleshow/67050688.cms,"In FY20, BoP deficit may not be as wide if oil averages $65-70 a barrel, says HSBC chief India economist",Positive,0.3740822374820709,0.3106701374053955,0.3152475953102112
RBI Policy Preview: Team Das set to follow Powell to raise rates again,https://economictimes.indiatimes.com/markets/stocks/news/rbi-policy-preview-team-das-set-to-follow-powell-to-raise-rates-again/articleshow/94478165.cms,UST 10 year is almost at 3.70 per cent levels and is not suggesting a breather anytime soon. Even the US policymakers seem to be in no rush to put a break on the rate hike accelerator yet. The guidance suggests more rate hikes in the months ahead.,Neutral,0.1210046112537384,0.2217823602259159,0.657213032245636
"Budget impact, RBI policy among 8 factors that will shape market direction this week",https://economictimes.indiatimes.com/markets/stocks/news/budget-impact-rbi-policy-among-8-factors-will-shape-the-market-direction-this-week/articleshow/117849756.cms,"Budget: Indian markets remained flat after Budget announcements. Key factors this week include the Budget's impact on sectors, RBI's expected rate cuts, upcoming Q3 earnings of major companies, foreign investors' activities, rupee-dollar movements, global market trends, technical levels of Nifty, and crude oil prices. Analysts expect market direction to unfold as these events progress.",Neutral,0.03632419928908348,0.2981860041618347,0.6654897928237915
"RBI policy on expected lines, upgrading GDP growth estimate reposes confidence: Bankers",https://economictimes.indiatimes.com/budget-2021/sectors-in-focus/banking-finance/rbi-policy-on-expected-lines-upgrading-gdp-growth-estimate-reposesconfidence-bankers/articleshow/110802350.cms,"Bankers welcomed the Reserve Bank of India's decision to maintain interest rates, as it was in line with expectations, with an upward revision of the growth estimate. The move, including the unchanged repo rate, was seen as positive for the economy. The revised GDP growth forecast for FY25 instilled confidence in the central bank's outlook. Industry leaders praised the regulatory measures and highlighted the importance of collaboration for financial sector growth.",Positive,0.88165283203125,0.01808749558404088,0.10025963559746742
"RBI policy, FII action among 7 factors to impact D-Street this week",https://economictimes.indiatimes.com/markets/stocks/news/rbi-policy-fii-action-among-7-factors-to-impact-d-street-this-week/articleshow/121545205.cms,"Indian markets closed cautiously, consolidating for the second week amid global trade tensions and anticipation of domestic policy announcements. The RBI's upcoming MPC meeting on June 6 is crucial, with its rate stance expected to significantly influence market direction.",Negative,0.3508179783821106,0.6032848954200745,0.04589708894491196
"FOMC meet, RBI policy will be crucial for market direction: Tushar Mahajan, Nomura India",https://economictimes.indiatimes.com/opinion/interviews/fomc-meet-rbi-policy-will-be-crucial-for-market-direction-tushar-mahajan-nomura-india/articleshow/22658000.cms,"With the indications from the FOMC and the Fed, markets can shift down back to the 5700-5720 odd levels, says Tushar Mahajan.",Negative,0.055928945541381836,0.5067178010940552,0.4373532235622406
Rupee opens 3 paise down at 71.24 ahead of RBI policy outcome,https://economictimes.indiatimes.com/markets/forex/rupee-opens-3-paise-down-at-71-24-ahead-of-rbi-policy-outcome/articleshow/73974985.cms,"""USDINR pair is expected to quote in the range of 71.05 and 71.50,” said Motilal Oswal Financial Services.",Neutral,0.23567254841327667,0.02955612540245056,0.7347713112831116
RBI's policy rate cut to boost growth as inflation eases: BoB report,https://economictimes.indiatimes.com/news/economy/policy/rbis-policy-rate-cut-to-boost-growth-as-inflation-eases-bob-report/articleshow/121783521.cms,Reserve Bank of India will cut the policy rate. This move aims to boost economic growth. Price pressures are expected to ease. Liquidity will increase and credit flow will be supported. The Monetary Policy Committee maintained India's GDP growth forecast. The focus now shifts to the US Federal Reserve. A pause in rate changes is expected from the US Fed.,Neutral,0.04829206131398678,0.17049077153205872,0.7812171876430511
RBI holds policy rates; what should mutual fund investors do?,https://economictimes.indiatimes.com/mf/analysis/rbi-holds-policy-rates-what-should-mutual-fund-investors-do/articleshow/90721070.cms,The Reserve Bank of India held the policy repo rate in its policy review on Friday. A status-quo policy means investors should also stick to their investments.,Neutral,0.1518947035074234,0.014548016712069511,0.8335573077201843
RBI signals caution despite softer inflation; corporate bonds still attractive,https://economictimes.indiatimes.com/markets/bonds/rbi-signals-caution-despite-softer-inflation-corporate-bonds-still-attractive/articleshow/123181630.cms,"The MPC maintained policy rates and a neutral stance, forecasting lower FY26 inflation at 3.10% but emphasizing core inflation concerns. Despite robust growth projections, the MPC remains data-dependent, hinting at potential future rate cuts. Bond yields rose post-announcement, but corporate bonds remain attractive for investors with medium-term horizons.",Negative,0.1155068501830101,0.8485940098762512,0.035899121314287186
Rupee opens 9 paise down at 70.97 against dollar,https://economictimes.indiatimes.com/markets/forex/rupee-opens-9-paise-down-at-70-97-against-dollar/articleshow/71322441.cms,The local currency advanced 16 paise to 70.88 against the US dollar on Thursday.,Positive,0.9477539658546448,0.022790072485804558,0.02945600636303425
"After solid Budget rally, wait for some adverse action to deploy fresh money",https://economictimes.indiatimes.com/markets/stocks/news/after-solid-budget-rally-wait-for-some-adverse-action-to-deploy-fresh-money/articleshow/80719155.cms,Market participants should focus solely on quality names as the indices have already run up quite a bit. One should remain invested in quality stocks and wait for a decent knee-jerk reaction to add fresh money.,Positive,0.7001052498817444,0.03662044182419777,0.26327428221702576
"RBI policy review: Investors upset with no-action; no rate change, nor any timeline for easing liquidity",https://economictimes.indiatimes.com/news/economy/indicators/rbi-policy-review-investors-upset-with-no-action-no-rate-change-nor-any-timeline-for-easing-liquidity/articleshow/21495698.cms,RBI lowered its economic growth rate forecast to 5.5% and warned that inflation could rear its head again.,Negative,0.00969803798943758,0.9624371528625488,0.02786482684314251
RBI to mandate interoperability among prepaid payments instruments: Shaktikanta Das,https://economictimes.indiatimes.com/news/economy/policy/rbi-to-mandate-interoperability-among-prepaid-payments-instruments-shaktikanta-das/articleshow/81947534.cms,"Governor Shaktikanta Das on Wednesday said prepaid payments instruments (PPIs) were given the option to become interoperable, wherein customers of one company can send funds to customers of other PPIs or banks, in 2018 in cases where a full KYC is done.",Neutral,0.16142849624156952,0.011726617813110352,0.8268449306488037
Indian bonds post biggest monthly dip since April 2024 on change in RBI policy stance,https://economictimes.indiatimes.com/markets/bonds/indian-bonds-post-biggest-monthly-dip-since-april-2024-on-change-in-rbi-policy-stance/articleshow/122161196.cms,"Indian government bonds tumbled in June, logging their biggest fall in 15 months, pressured by a shift of policy stance by the local central bank and higher crude oil prices following Iran-Israel strikes.",Negative,0.010090109892189503,0.9721589684486389,0.017750874161720276
Rupee climbs 15 paise to 68.07 against dollar ahead of RBI monetary policy review,https://economictimes.indiatimes.com/markets/forex/rupee-climbs-15-paise-to-68-07-against-dollar-ahead-of-rbi-monetary-policy-review/articleshow/55827957.cms,Rupee opened nearly 12 paise up at 68.09 against dollar. The local currency on Monday settled almost flat with negative bias at 68.21 against the US dollar.,Negative,0.04147247597575188,0.9146247506141663,0.043902747333049774
Decoding today's policy status quo: The factors at play behind RBI's rate decision,https://economictimes.indiatimes.com/news/economy/policy/decoding-todays-policy-status-quo-the-factors-at-play-behind-rbis-rate-decision/articleshow/79564916.cms,"As the excess liquidity seeps through the financial system to the economy, the central bank is raising the game on financial stability by barring dividend payouts by banks for last fiscal. The Monetary Policy Committee voted unanimously to keep rates unchanged and maintain the accommodative stance.",Neutral,0.26045727729797363,0.030909160152077675,0.7086336016654968
"RBI may signal policy normalisation on October 8, Standard Chartered says",https://economictimes.indiatimes.com/news/economy/policy/rbi-may-signal-policy-normalisation-on-october-8-standard-chartered-says/articleshow/86681172.cms,The consensus view is that the RBI will leave interest rates unchanged at its Oct. 8 MPC meeting and only start to unwind its accommodative monetary policy by reducing the gap between the repo and reverse repo rates early next year.,Neutral,0.15144988894462585,0.13307736814022064,0.7154728174209595
RBI hikes key policy rate by 50 bps to tame prices,https://economictimes.indiatimes.com/markets/stocks/news/rbi-hikes-key-policy-rate-by-50-bps-to-tame-prices/articleshow/92093049.cms,The Reserve Bank of India (RBI) raised the key policy interest rate by half a percentage point as expected and signalled sustained monetary tightening to rein in inflation that's forecast to remain above the legally sanctioned upper tolerance level for the fiscal year.,Positive,0.931530773639679,0.02636171132326126,0.042107537388801575
"Are variable pay, incentives driving risky growth at NBFCs?",https://economictimes.indiatimes.com/industry/banking/finance/are-variable-pay-incentives-driving-risky-growth-at-nbfcs/articleshow/114075267.cms,"As India's NBFC sector grows rapidly, driving financial inclusion, some of these companies are taking risky paths to growth through exuberant lending and pushing credit growth through targets to employees.",Negative,0.09527038037776947,0.5153036713600159,0.3894259035587311
MPC member Michael Patra dissents this time in favour of a rate hike,https://economictimes.indiatimes.com/markets/stocks/news/mpc-member-michael-patra-dissents-this-time-in-favour-of-a-rate-hike/articleshow/62819764.cms,The justification of the stance by Patra will be in public domain only on February 21.,Neutral,0.021699627861380577,0.0282185859978199,0.9500817656517029
Proposal for FPIs to play in rate swaps,https://economictimes.indiatimes.com/markets/stocks/news/proposal-for-fpis-to-play-in-rate-swaps/articleshow/63636917.cms,Move will help wean off business from abroad.,Positive,0.7722323536872864,0.009404463693499565,0.21836313605308533
RBI announces slew of measures to drive growth of UPI-based payments,https://economictimes.indiatimes.com/news/economy/policy/rbi-announces-slew-of-measures-to-drive-growth-of-upi-based-payments/articleshow/102606052.cms,"The RBI proposed to facilitate offline transactions using Near Field Communication (NFC) technology on UPI-Lite. This feature will not only enable retail digital payments in situations where internet and telecom connectivity is weak or not available, it will also ensure speed, with minimal transaction declines.",Neutral,0.18340745568275452,0.007289753295481205,0.809302806854248
Don't expect rate cuts before August monetary policy: Siddhartha Sanyal,https://economictimes.indiatimes.com/markets/expert-view/dont-expect-rate-cuts-before-august-monetary-policy-siddhartha-sanyal/articleshow/107516086.cms,"Well, on the growth front, one would have to give the RBI the benefit of doubt because the projections they have done of late have actually turned out to be true more often than not and there had been some upside surprise on growth numbers, at least at the headline level.",Neutral,0.21560418605804443,0.20606422424316406,0.5783315896987915
"RBI rate decision on expected lines: Niranjan Hiranandani, ASSOCHAM",https://economictimes.indiatimes.com/news/economy/policy/rbi-rate-decision-on-expected-lines-niranjan-hiranandani-assocham/articleshow/79563310.cms,Mr Hiranandan stated that the Reserve Bank of India needs to have a hawkish stance while looking at the inflation figures and try to taper it further in order to mitigate the supply-side pressure.,Negative,0.09243449568748474,0.5084579586982727,0.3991074562072754
"Don't shock bond market with sudden hike in reverse repo ops, banks tell RBI",https://economictimes.indiatimes.com/markets/bonds/dont-shock-bond-market-with-sudden-hike-in-reverse-repo-ops-banks-tell-rbi/articleshow/84468866.cms,"In the recent past, the RBI, as the government's debt manager, has been known to have taken on board several suggestions made by the bond market in order to push through the borrowing programme.",Neutral,0.4291364252567291,0.02634936384856701,0.5445142388343811
Monsoon holds the key to next policy rate cut as RBI pauses for now,https://economictimes.indiatimes.com/news/economy/policy/monsoon-holds-the-key-to-next-policy-rate-cut-as-rbi-pauses-for-now/articleshow/52633063.cms,The focus has now clearly shifted to monsoon as a normal ranfall could offset the inflationary pressure and create rooms for further rate cut.,Positive,0.7129219770431519,0.16999052464962006,0.1170874834060669
India's inflation likely edged up to seven-month high in June,https://economictimes.indiatimes.com/news/economy/indicators/indias-inflation-likely-edged-up-to-seven-month-high-in-june/articleshow/84226773.cms,"While many of India's states have eased restrictions imposed to contain the coronavirus, supply-side disruptions remain and higher taxes on petroleum products continue to exert upward pressure on inflation.",Negative,0.015234249643981457,0.9553824067115784,0.029383378103375435
"Scope for more aggressive RBI rate cuts: Ravi Sehgal, EEPC",https://economictimes.indiatimes.com/markets/stocks/news/scope-for-more-aggressive-rbi-rate-cuts-ravi-sehgal-eepc/articleshow/71438767.cms,Exports have a major role to play in pushing the GDP growth and they must be given due support.,Neutral,0.19603294134140015,0.020515194162726402,0.7834518551826477
Rupee climbs 15 paise to 68.07 against dollar ahead of RBI monetary policy review,https://economictimes.indiatimes.com/markets/forex/rupee-climbs-15-paise-to-68-07-against-dollar-ahead-of-rbi-monetary-policy-review/articleshow/55827957.cms,Rupee opened nearly 12 paise up at 68.09 against dollar. The local currency on Monday settled almost flat with negative bias at 68.21 against the US dollar.,Negative,0.04147247597575188,0.9146247506141663,0.043902747333049774
"Don't shock bond market with sudden hike in reverse repo ops, banks tell RBI",https://economictimes.indiatimes.com/markets/bonds/dont-shock-bond-market-with-sudden-hike-in-reverse-repo-ops-banks-tell-rbi/articleshow/84468866.cms,"In the recent past, the RBI, as the government's debt manager, has been known to have taken on board several suggestions made by the bond market in order to push through the borrowing programme.",Neutral,0.4291364252567291,0.02634936384856701,0.5445142388343811
Monsoon holds the key to next policy rate cut as RBI pauses for now,https://economictimes.indiatimes.com/news/economy/policy/monsoon-holds-the-key-to-next-policy-rate-cut-as-rbi-pauses-for-now/articleshow/52633063.cms,The focus has now clearly shifted to monsoon as a normal ranfall could offset the inflationary pressure and create rooms for further rate cut.,Positive,0.7129219770431519,0.16999052464962006,0.1170874834060669
RBI policy will help regain economic growth momentum: Pranab Mukherjee,https://economictimes.indiatimes.com/news/economy/policy/rbi-policy-will-help-regain-economicampnbspgrowth-momentum-ampnbsppranab-mukherjee/articleshow/11130754.cms,"The RBI left interest rates on hold and said further rate increases may not be warranted, with future policy actions likely to respond to risks to growth.",Negative,0.06947550177574158,0.6016855835914612,0.32883894443511963
RBI policy rate cuts to depend on inflation scene: C Rangarajan,https://economictimes.indiatimes.com/news/economy/policy/rbi-policy-rate-cuts-to-depend-on-inflation-scene-c-rangarajan/articleshow/12219144.cms,Rangarajan also said that present decision of cutting CRR by 75 basis points is an important step towards easing of the monetary policy.,Positive,0.7346512675285339,0.04647296294569969,0.21887579560279846
Sensex starts on a cautious note ahead of RBI policy outcome,https://economictimes.indiatimes.com/markets/stocks/news/sensex-starts-on-a-cautious-note-ahead-of-rbi-policy-outcome/articleshow/57032816.cms,"The Nifty50 was trading mixed supported by gains in realty, power, oil & gas, consumer durable, and capital goods stocks.",Positive,0.6896155476570129,0.25615108013153076,0.05423334240913391
RBI policy: Rate cut is not in focus this time around; something else is,https://economictimes.indiatimes.com/markets/stocks/news/rbi-policy-rate-cut-is-not-in-focus-this-time-around-something-else-is/articleshow/58022763.cms,Minutes from RBI’s February 7-8 policy review suggested that the central bank was worried about a slowdown in bank credit to industry.,Negative,0.011317459866404533,0.957149088382721,0.03153345733880997
"Bond market sheds worries after RBI policy, rupee steady",https://economictimes.indiatimes.com/markets/stocks/news/bond-market-sheds-worries-after-rbi-policy-rupee-steady/articleshow/62819378.cms,The benchmark bond yield dipped eight basis points to 7.52% pushing prices up in afternoon trade.,Negative,0.01571519486606121,0.9638611674308777,0.020423678681254387
India Inc hails RBI policy; hopes for further cut in future,https://economictimes.indiatimes.com/news/economy/policy/india-inc-hails-rbi-policy-hopes-for-further-cut-in-future/articleshow/19067652.cms,India Inc today welcomed the 0.25 per cent interest rate cut by the Reserve Bank saying it would help revive confidence of industry.,Positive,0.9043787717819214,0.024243734776973724,0.07137742638587952
RBI policy: Investors to benefit from falling interest rate regime,https://economictimes.indiatimes.com/markets/stocks/news/rbi-policy-investors-to-benefit-from-falling-interest-rate-regime/articleshow/100850325.cms,"The Reserve Bank of India (RBI) has kept interest rates on hold and maintained its stance to mitigate inflationary risks, at its latest monetary policy meeting. India's GDP growth forecast remained unchanged at 6.5%, with a marginal cut in CPI inflation from 5.2% to 5.1%. While some expected a change in the policy stance following the sharp fall in CPI inflation to 4.7% in April 2023, RBI MPC chose a wait-and-watch approach, conscious of global geopolitical uncertainty and potential El-Nino disruption to food inflation. The debt market outlook remains positive as rate easing expectations build up for the end of FY2024 locally and globally.",Neutral,0.09912396222352982,0.4080612361431122,0.4928147494792938
"RBI policy, Q2 GDP data to steer market this week",https://economictimes.indiatimes.com/markets/stocks/news/rbi-policy-q2-gdp-data-to-steer-market-this-week/articleshow/49957677.cms,"Nifty50 is likely to move towards 8,000 level this week as the bias is still on the upside. Traders should trade with strict stop losses.",Positive,0.5425633788108826,0.2632758915424347,0.19416068494319916
Rupee gains 9 paise against dollar after RBI policy,https://economictimes.indiatimes.com/markets/forex/rupee-gains-9-paise-against-dollar-after-rbi-policy/articleshow/20628114.cms,The rupee strengthened 9 paise against the US dollar after the Reserve Bank of India's mid-quarter monetary policy announcement.,Positive,0.8888961672782898,0.07812681794166565,0.03297702223062515
RBI policy transmitted better via short-term rates: Study,https://economictimes.indiatimes.com/markets/stocks/news/rbi-policy-transmitted-better-via-short-term-rates-study/articleshow/67156202.cms,"Between August 2017 and May 2018, the yield on 10-year G-Secs increased by 140 bps.",Positive,0.9489032030105591,0.014938504435122013,0.03615826368331909
Focus now shifts to RBI's policy action after global tightening,https://economictimes.indiatimes.com/markets/stocks/news/focus-now-shifts-to-rbis-policy-action-after-global-tightening/articleshow/88351190.cms,"Bank of England's (BoE) surprise quarter-percentage-point interest rate hike on Thursday has put the focus on how the Reserve Bank of India will manage its transition towards normalisation of rates, as global central banks shift their focus for 2022 to inflation from growth.",Neutral,0.3319179117679596,0.3213917911052704,0.34669026732444763
RBI's policy normalisation may get delayed to April: Kaushik Das,https://economictimes.indiatimes.com/markets/expert-view/rbis-policy-rate-normalisation-may-get-delayed-to-april-kaushik-das/articleshow/88776109.cms,"'You will not get a broad-based kind of support the way we got in 2021 because we are learning to live with the virus. To some extent, people are adjusting their work ethics and how they run their businesses after having learnt in the last two years what kind of disruptions can happen'",Positive,0.4636651426553726,0.1270041991956532,0.4093305841088295
Rupee slumps 76 paise to 69.17 post RBI policy,https://economictimes.indiatimes.com/markets/forex/rupee-slumps-76-paise-to-69-17-post-rbi-policy/articleshow/68726733.cms,The rupee had surged by 33 paise to 68.41 against the US dollar Wednesday.,Positive,0.9443965554237366,0.02920689806342125,0.02639666199684143
"Need to focus on growth, says Arvind Mayaram ahead of RBI policy",https://economictimes.indiatimes.com/news/economy/policy/need-to-focus-on-growth-says-arvind-mayaram-ahead-of-rbi-policy/articleshow/28702042.cms,"Ahead of the RBI's monetary policy review, Economic Affairs Secretary Arvind Mayaram has pitched for shifting the policy focus to growth as interest rates do not have a bearing on food inflation.",Neutral,0.1236814484000206,0.08234784752130508,0.7939707040786743
RBI policy surprised more than minutes of MPC: Jahangir Aziz,https://economictimes.indiatimes.com/markets/expert-view/if-oil-prices-head-north-indian-economy-will-be-under-great-pressure-jahangir-aziz/articleshow/63844581.cms,"If one look at growth performance of India, the only real driver has unfortunately been oil prices.",Negative,0.01587960496544838,0.9302411675453186,0.05387916415929794
"Bond yields ease, all eyes on RBI policy next week",https://economictimes.indiatimes.com/markets/bonds/bond-yields-ease-all-eyes-on-rbi-policy-next-week/articleshow/6516816.cms,"Bond yields and overnight indexed swap (OIS) rates on Tuesday eased mirroring US yields, on renewed worries about European banks' capital reform and the sector's recent stress test.",Negative,0.39944732189178467,0.5771918892860413,0.023360826075077057
"Subbarao meets Manmohan Singh, Pranab ahead of RBI policy review",https://economictimes.indiatimes.com/news/economy/policy/subbarao-meets-manmohan-singh-pranab-ahead-of-rbi-policy-review/articleshow/12663395.cms,It is a standard practice for RBI Governor to discuss the state of economy with the Finance Minister before review of the monetary policy.,Neutral,0.020962219685316086,0.04936543479561806,0.9296723008155823
Goldman expects rate cut at RBI policy meeting on poor IIP,https://economictimes.indiatimes.com/news/economy/indicators/goldman-expects-rate-cut-at-rbi-policy-meeting-on-poor-iip/articleshow/3580818.cms,"Goldman Sachs says the probability of a rate cut at RBI’s Oct 24 policy meeting has increased, with India’s Industrial Production Index growth for August falling to a low of 1.3% and WPI inflation easing to 11.8 per cent.",Negative,0.09934035688638687,0.8870108723640442,0.01364875864237547
Rupee opens 13 paise up ahead of RBI policy outcome,https://economictimes.indiatimes.com/markets/forex/rupee-opens-13-paise-up-ahead-of-rbi-policy-outcome/articleshow/77386179.cms,The expectation of an announcement of the stimulus package from the US kept the dollar under pressure.,Negative,0.19833192229270935,0.7573569416999817,0.04431116580963135
"Stock market update: Market turns cautious, but these stock trade higher",https://economictimes.indiatimes.com/markets/stocks/news/stock-market-update-market-turns-cautious-but-these-stock-trade-higher/articleshow/65224029.cms,Market turned cautious ahead of the RBI's policy meet outcome.,Negative,0.02004079893231392,0.8712157607078552,0.10874344408512115
Rupee falls 7 paise to all-time closing low of 88.79 against US dollar,https://economictimes.indiatimes.com/markets/forex/rupee-falls-7-paise-to-all-time-closing-low-of-88-79-against-us-dollar/articleshow/124211699.cms,"The rupee settled at an all-time closing low of 88.79 against the US dollar, pressured by persistent foreign capital outflows and global risk-off sentiments. Investors remain concerned over trade uncertainties and US visa fee hikes, with the upcoming RBI policy meeting and US economic data expected to further influence its trajectory.",Negative,0.018512862734496593,0.9578888714313507,0.023598226718604565
"RBI policy just a trigger, high valuations caused market fall: Sachin Shah, Emkay Investment Managers",https://economictimes.indiatimes.com/opinion/interviews/rbi-policy-just-a-trigger-high-valuations-caused-market-fall-sachin-shah-emkay-investment-managers/articleshow/47536926.cms,"""The valuations were running ahead of the time. The Q4 numbers did not actually support that. So, RBI policy was just a trigger.""",Neutral,0.036964431405067444,0.10670923441648483,0.8563263416290283
"GDP shocker & 7 other factors to decide Sensex, Nifty movement this week",https://economictimes.indiatimes.com/markets/stocks/news/gdp-shocker-7-other-factors-to-decide-sensex-nifty-movement-this-week/articleshow/115859077.cms,"Sensex and Nifty movements this week will be influenced by several factors, including weak Q2 GDP data, auto sales figures, FII selling trends, and the upcoming RBI meeting. Other key considerations include technical analysis, geopolitical tensions, global economic data points, and crude oil prices. Analysts expect market sideways movements for the next 6-12 months.",Neutral,0.035690613090991974,0.019637027755379677,0.9446723461151123
Monetary policy: Time for the RBI to bite the bullet on interest rates?,https://economictimes.indiatimes.com/opinion/et-commentary/monetary-policy-is-it-time-for-the-rbi-to-bite-the-bullet-on-interest-rates/articleshow/86850026.cms,The RBI has been patient and optimistic about inflation so far. But the ripples of inflationary speculation are beginning to be felt in both the financial markets and industry. The bonds and the rupee have come under pressure because of the concerns about the detrimental impact of high energy prices on India's economic recovery and growth.,Negative,0.043685220181941986,0.7970449328422546,0.15926986001431942
RBI hikes Repo rate by 35bps; what should be your mutual fund strategy?,https://economictimes.indiatimes.com/mf/analysis/rbi-hikes-repo-rate-by-35bps-what-should-be-your-mutual-fund-strategy/articleshow/96048422.cms,"This is the fifth rate hike by the central bank in this financial year. Prior to this, the RBI had raised the repo rate by 40 bps in May and 50 bps in June, August and September.",Neutral,0.45694446563720703,0.03597518801689148,0.5070803165435791
Why RBI went against consensus and kept repo rate unchanged,https://economictimes.indiatimes.com/markets/stocks/news/why-rbi-went-against-consensus-and-kept-repo-rate-unchanged/articleshow/66084694.cms,The policy repo rate under the liquidity adjustment facility (LAF) unchanged at 6.5 per cent.,Neutral,0.051463786512613297,0.10993577539920807,0.8386003971099854
"Between now and December, another 25 bps hike in rates possible: Keki Mistry, HDFC",https://economictimes.indiatimes.com/markets/expert-view/between-now-and-december-another-25-bps-hike-in-rates-possible-keki-mistry-hdfc/articleshow/64479575.cms,"“If US raises rates faster and oil prices keep going higher, another hike can be expected.”",Positive,0.9226966500282288,0.02269868552684784,0.054604656994342804
"Gold could retest record highs as traders eye Powell's speech, RBI policy: Analysts",https://economictimes.indiatimes.com/markets/commodities/news/gold-could-retest-record-highs-as-traders-eye-powells-speech-rbi-policy-analysts/articleshow/125672062.cms,"Gold prices are poised to remain firm and could edge closer to record highs next week as investors await key US data, Federal Reserve Chair Jerome Powell's speech and the Reserve Bank of India's policy decision, analysts said",Positive,0.8467968106269836,0.0370638407766819,0.11613930016756058
Banking stocks may relatively outperform market ahead of RBI policy meet: Mehraboon Irani,https://economictimes.indiatimes.com/markets/stocks/recos/banking-stocks-may-relatively-outperform-market-ahead-of-rbi-policy-meet-mehraboon-irani/articleshow/49040910.cms,"Irani believes that in case the RBI maintains a status quo on policy rate on September 29, then we may see markets correcting further.",Neutral,0.18358872830867767,0.21294644474983215,0.6034647822380066
View: Does RBI policy signal a move towards a new equilibrium for yields?,https://economictimes.indiatimes.com/markets/stocks/news/view-does-rbi-policy-signal-a-move-towards-a-new-equilibrium-for-yields/articleshow/80705664.cms,"In our view, an accommodative stance does not imply the same level of systemic liquidity surplus and bond yields going forward.",Neutral,0.13779616355895996,0.01637432537972927,0.8458294868469238
"RBI policy meeting, auto sales among key factors that may guide markets this week",https://economictimes.indiatimes.com/markets/stocks/news/rbi-policy-meeting-auto-sales-among-key-factors-that-may-guide-markets-this-week/articleshow/84939646.cms,"""The factors that have been at the core of market activity are the recent rise in virus cases indicating a probable revival in the near future, the Fed stance on monetary policy turning more foggy with higher inflation and better growth numbers, and the enhancement of Chinese regulatory oversight mainly on tech, and edu tech companies.""",Positive,0.632803201675415,0.04055391252040863,0.32664287090301514
Realtors' hail RBI policy; low interest rate on home loan to drive housing demand,https://economictimes.indiatimes.com/news/economy/policy/realtors-hail-rbi-policy-low-interest-rate-on-home-loan-to-drive-housing-demand/articleshow/89481011.cms,"Housing demand increased by around 50-70 per cent during the last calendar year across 7-8 major cities on various factors such as low interest rates on home loans, offers-freebies by builders and stable property prices in the last five years.",Positive,0.9539466500282288,0.023218095302581787,0.022835340350866318
How Urjit Patel has proved to be a silent yet effective communicator of RBI policies,https://economictimes.indiatimes.com/industry/banking/finance/banking/how-urjit-patel-has-proved-to-be-a-silent-yet-effective-communicator-of-rbi-policies/articleshow/60382452.cms,"To be fair to Urjit Patel, one would argue that it is extremely difficult for anybody coming after someone like Rajan because of the IMF economist’s stature.",Neutral,0.044545795768499374,0.3192853331565857,0.636168897151947
RBI reminding of Sunil Gavaskar: Nilesh Shah after Shaktikanta Das' announcement,https://economictimes.indiatimes.com/markets/stocks/news/rbi-reminding-of-sunil-gavaskar-nilesh-shah-after-shaktikanta-das-announcement/articleshow/100841398.cms,"Nilesh Shah, MD of Kotak Mahindra Asset Management Company, compared RBI Governor Shaktikanta Das to opening batsman Sunil Gavaskar for standing without fear in front of a challenging global environment. The RBI is balancing growth and inflation, said Shah. The Indian market would be pleasantly surprised if GDP growth for FY24 came in line with RBI expectations of 6.5%, he added. Meanwhile, at the three-day meeting of RBI’s monetary policy committee, the decision was unanimously made to keep the policy rate unchanged at 6.50%.",Neutral,0.09683158993721008,0.08571840077638626,0.8174499869346619
Retail inflation likely to stay negative excluding gold; RBI faces policy dilemma: Report,https://economictimes.indiatimes.com/news/economy/indicators/retail-inflation-likely-to-stay-negative-excluding-gold-rbi-faces-policy-dilemma-report/articleshow/125343831.cms,"India's retail inflation, excluding gold, is predicted to stay negative for two more months. This low inflation environment, alongside strong GDP growth, poses a significant challenge for the Reserve Bank of India. The central bank must carefully balance supporting economic expansion with managing price stability. Upcoming economic data will guide future policy decisions.",Neutral,0.14212669432163239,0.015269617550075054,0.8426036238670349
RBI Governor Shaktikanta Das encounters old foes in new term at India’s central bank,https://economictimes.indiatimes.com/news/economy/policy/rbi-governor-shaktikanta-das-encounters-old-foes-in-new-term-at-indias-central-bank/articleshow/88184398.cms,"Das’s colleague on the panel, Jayanth R. Varma has dissented against the Reserve Bank of India’s lower-for-longer stance to boost growth, which he said is creating an “erroneous perception” that policy makers were no longer serious about fighting inflation -- which was cemented into law in 2016 as monetary policy’s primary objective.",Negative,0.08232139050960541,0.788630485534668,0.12904813885688782
Barclays’ Bajoria says a lot of inflation risks priced in now,https://economictimes.indiatimes.com/markets/expert-view/barclays-bajoria-says-a-lot-of-inflation-risks-priced-in-now/articleshow/85587421.cms,"“We think we are likely to see an undershooting of the inflation forecast. In our tracker we had come out with a number of 5.5% for the month of August, obviously it is still a bit early but price trends are indicating that it is not going to be closer to 6%.”",Positive,0.4594927430152893,0.3103550672531128,0.2301522046327591
"India's forex reserves soar to $599.53 bln, highest since early June",https://economictimes.indiatimes.com/news/economy/finance/indias-forex-reserves-soar-to-599-53-bln-highest-since-early-june/articleshow/100358232.cms,"India's foreign exchange reserves experienced a continuous increase for the third week in a row, reaching $599.53 billion as of May 12. This level represents the highest amount since early June, according to the Reserve Bank of India's statistical supplement released on Friday. The reserves saw a rise of $3.55 billion compared to the previous week, following a total increase of $11.7 billion over the preceding two weeks. To prevent significant fluctuations in the rupee, the central bank intervenes in both the spot and forwards markets. The changes in foreign exchange reserves can also be influenced by gains or losses in valuation.",Positive,0.6563860500852267,0.028203176334500313,0.3154107754429181
Monetary policy tight enough to restrict food inflation spread: MPC member Jayanth Varma,https://economictimes.indiatimes.com/news/economy/indicators/monetary-policy-tight-enough-to-restrict-food-inflation-spread-mpc-member-jayanth-varma/articleshow/103072997.cms,"Jayanth Varma, an external member of the Monetary Policy Committee (MPC), believes that the current phase of high inflation in India will be limited to a few months as monetary policy is tight enough to prevent food price shocks from causing broader price pressures. However, he also highlights the risk of slower global growth impacting India's economy.",Negative,0.10033829510211945,0.5073288679122925,0.39233285188674927
Flagged our concerns on high petrol taxes; up to govt to take decision: RBI Governor,https://economictimes.indiatimes.com/industry/energy/oil-gas/flagged-our-concerns-on-high-petrol-taxes-up-to-govt-to-take-decision-rbi-governor/articleshow/86865098.cms,"Das, who had earlier flagged the issue publicly for the second consecutive time in as many policy announcements, said that the government has acted on other supply side issues like pulses and edible oils.",Neutral,0.3640196919441223,0.12918180227279663,0.506798505783081
Gilts slump as RBI stops bond buying,https://economictimes.indiatimes.com/markets/bonds/gilts-slump-as-rbi-stops-bond-buying/articleshow/86860461.cms,"The paper touched a high of 6.31% today and was last at 6.29%, two basis points higher than previous close. Bond prices and yields move inversely.",Negative,0.1958068311214447,0.7194312214851379,0.0847620740532875
RBI likely to leave policy rates unchanged till April: Report,https://economictimes.indiatimes.com/news/economy/policy/rbi-likely-to-leave-policy-rates-unchanged-till-april-report/articleshow/89344938.cms,"Striking a different note from its peers, US brokerage Bank of America Securities has maintained that the Reserve Bank will leave rates unchanged next week, recognising growth-focused and capex-driven fiscal expansion, which though poses huge price pressure and interest rate risks later",Positive,0.6193265914916992,0.31100016832351685,0.06967326253652573
"17,000 on cards for Nifty! But a tricky week for traders ahead of RBI meet: Rahul Sharma",https://economictimes.indiatimes.com/markets/expert-view/17000-on-cards-for-nifty-but-a-tricky-week-for-traders-ahead-of-rbi-meet-rahul-sharma/articleshow/92022582.cms,"""With the RBI Policy & US inflation data scheduled to be released in the coming week, it should be a tricky week for traders. Friday’s session saw the unwinding of longs in the Nifty Futures (COI -5.2%) while Banknifty Futures saw the addition of shorts as COI was up 4.8%. However, if we breach 16,500, we may see Nifty testing 16,300 on the downside.""",Negative,0.025716660544276237,0.8937618136405945,0.08052147179841995
"Markets looking for cues from RBI policy, Budget: Nirmal Jain, IIFL",https://economictimes.indiatimes.com/opinion/interviews/markets-looking-for-cues-from-rbi-policy-budget-nirmal-jain-iifl/articleshow/12195060.cms,"We should look out for fiscal deficit, the underlying assumptions of which should be realistic and whether the government can muster some courage to control subsidies.",Positive,0.5986536741256714,0.017431138083338737,0.3839152157306671
RBI's policy indicates it's time to shift to long-term bond funds,https://economictimes.indiatimes.com/mf/mf-news/rbis-policy-indicates-its-time-to-shift-to-long-term-bond-funds/articleshow/11160827.cms,"However, it's highly doubtful that a huge and sustained shift downwards is something that debt investors can count on.",Negative,0.2297886461019516,0.39986667037010193,0.3703446090221405
RBI policy: 6 reasons why inflation may not ease anytime soon,https://economictimes.indiatimes.com/markets/stocks/news/rbi-policy-6-reasons-why-inflation-may-not-ease-anytime-soon/articleshow/62821118.cms,The proposed increase in a customs duty in Budget on a number of items may increase inflation.,Negative,0.16914249956607819,0.7867642641067505,0.04409323260188103
"Rupee gains, tracking most Asian peers ahead of the RBI policy decision",https://economictimes.indiatimes.com/markets/forex/forex-news/rupee-gains-tracking-most-asian-peers-ahead-of-the-rbi-policy-decision/articleshow/116029813.cms,"The Indian rupee gained ground against the US dollar, rising to 84.6550 ahead of the Reserve Bank of India's (RBI) monetary policy decision. Analysts predict potential easing measures like a CRR reduction, but a surprise rate cut could weaken the rupee further. Regional peers also saw gains, while the US dollar softened ahead of key US jobs data.",Positive,0.7988091111183167,0.15248119737952948,0.048709671944379807
India bond yields end little changed before RBI policy minutes,https://economictimes.indiatimes.com/markets/bonds/india-bond-yields-end-little-changed-before-rbi-policy-minutes/articleshow/103030293.cms,"Local bonds have been tracking U.S. yields, but they have not fallen much as inflation worries continue to hurt,"" said Rajeev Pawar, head of treasury at Ujjivan Small Finance Bank",Negative,0.20401453971862793,0.7655937671661377,0.03039168380200863
"RBI policy: Uptick in retail inflation warrants vigilance, says Raghuram Rajan",https://economictimes.indiatimes.com/news/economy/indicators/rbi-policy-uptick-in-retail-inflation-warrants-vigilance-says-raghuram-rajan/articleshow/49995138.cms,"Governor Raghuram Rajan said that an uptick in retail inflation in the last two months, especially in non-food items, warrants vigilance.",Positive,0.5592164993286133,0.3927925229072571,0.04799091815948486
Sensex rangebound ahead of RBI policy review; top 15 stocks in focus,https://economictimes.indiatimes.com/markets/stocks/news/sensex-rangebound-ahead-of-rbi-policy-review-top-15-stocks-in-focus/articleshow/43871006.cms,"The S&P BSE Sensex made marginal gains after the Reserve Bank opted for a status quo on policy rates, in line with expectations.",Negative,0.05496753007173538,0.9289878606796265,0.01604461297392845
Rupee rises 6 paise vs US dollar ahead of RBI policy,https://economictimes.indiatimes.com/markets/forex/rupee-rises-6-paise-vs-us-dollar-ahead-of-rbi-policy/articleshow/46097005.cms,The rupee firmed up further against the pound to 92.82 per pound from 93.33 previously ans recovered against the euro to 70.02 per euro from 70.22.,Positive,0.9376345276832581,0.03871159628033638,0.02365388348698616
"Auto, banks, realty stocks pare losses after RBI policy review",https://economictimes.indiatimes.com/markets/stocks/news/auto-banks-realty-stocks-pare-losses-after-rbi-policy-review/articleshow/45343643.cms,"Shares in rate sensitive sectors such as banks, realty, capital goods pared losses on Tuesday, as RBI maintained status quo on rates.",Negative,0.027600249275565147,0.958071768283844,0.01432801689952612
"RBI policy, rupee movement likely to dictate trend for MCX gold in 2015",https://economictimes.indiatimes.com/markets/stocks/news/rbi-policy-rupee-movement-likely-to-dictate-trend-for-mcx-gold-in-2015/articleshow/45639774.cms,"The wind spread was that the US Fed is on course to hike interest rates going forward, which suppressed the non-interest bearing asset gold.",Negative,0.1066955029964447,0.7798329591751099,0.11347152292728424
Sensex ends day 244 points up; all eyes on RBI policy,https://economictimes.indiatimes.com/markets/stocks/news/sensex-ends-day-244-points-up-all-eyes-on-rbi-policy/articleshow/46821431.cms,"Resisting cautious sentiments ahead of the RBI's monetary policy, the benchmark BSE Sensex today rose by over 244 points to settle the day at 28,504.46, mainly led by surge in healthcare, FMCG and realty stocks.",Positive,0.942202091217041,0.028951263055205345,0.028846630826592445
"RBI policy, Q1 earnings and global cues to drive stock markets",https://economictimes.indiatimes.com/markets/stocks/news/rbi-policy-q1-earnings-and-global-cues-to-drive-stock-markets/articleshow/39532003.cms,"Besides, the trend in investment by overseas investors, global cues, movement of rupee against dollar, oil prices will hold key for the markets.",Positive,0.6644308567047119,0.012290166690945625,0.3232789635658264
"US-China trade deal, RBI policy to set mood for market this week",https://economictimes.indiatimes.com/markets/stocks/news/us-china-trade-deal-rbi-policy-to-set-mood-for-market-this-week/articleshow/66903748.cms,US President Trump and Chinese leader Xi Jinping have agreed to halt fresh rounds of tariffs.,Negative,0.026912979781627655,0.9064223766326904,0.06666462868452072
"Markets set for action-packed December, all eyes on RBI policy this week",https://economictimes.indiatimes.com/markets/stocks/news/markets-set-for-action-packed-december-all-eyes-on-rbi-policy-this-week/articleshow/66914001.cms,The OPEC countries and its allies will meet on December 6-7 to discuss a deal to cut output.,Negative,0.0161152221262455,0.9417629837989807,0.04212173819541931
Market feels a more balanced RBI policy is coming: Ashima Goyal,https://economictimes.indiatimes.com/markets/expert-view/market-has-a-sense-a-more-balanced-rbi-policy-coming-ashima-goyal/articleshow/67096379.cms,RBI decision should not be seen as board dictated because that is key to governance.,Neutral,0.04970192536711693,0.03417915850877762,0.9161189198493958
"Not much shift in RBI policy ahead, 25 bps cut likely: Report",https://economictimes.indiatimes.com/news/economy/policy/not-much-shift-in-rbi-policy-ahead-25-bps-cut-likely-report/articleshow/53670128.cms,"Raghuram Rajan in his last monetary policy left interest rates unchanged citing upward risks to inflation but said the central bank will remain ""accommodative"".",Negative,0.06312846392393112,0.7859321236610413,0.15093939006328583
Rupee slips 19 paise against dollar ahead of RBI policy outcome,https://economictimes.indiatimes.com/markets/forex/rupee-slips-19-paise-against-dollar-ahead-of-rbi-policy-outcome/articleshow/69671276.cms,Forex traders said a cautious opening in domestic equities weighed on the local unit.,Negative,0.03409541770815849,0.9305636882781982,0.03534087538719177
Rupee down 18 paise against US dollar in early trade,https://economictimes.indiatimes.com/markets/forex/rupee-down-18-paise-against-us-dollar-in-early-trade/articleshow/21447541.cms,Rupee today lost 18 paise to 59.22 against the dollar in early trade due to month-end demand of the US currency from banks and importers.,Negative,0.01236264780163765,0.9727644324302673,0.01487283781170845
Ajay Bagga explains how FII inflows and economic recovery could fuel market growth,https://economictimes.indiatimes.com/markets/expert-view/ajay-bagga-explains-how-fii-inflows-and-economic-recovery-could-fuel-market-growth/articleshow/116077958.cms,"“The CRR reduction is very welcome as it injects immediate liquidity into the system over the next 25 days. This will help keep interest rates low, which is beneficial as we head into the busy season for credit markets. It's good that liquidity will be available. Additionally, banks that previously earned zero percent on CRR can now buy government bonds or lend this money out, improving their NIMs.”",Positive,0.8466710150241852,0.014082089066505432,0.13924692198634148
RBI’s status quo on rate risky? Check out the key takeaways,https://economictimes.indiatimes.com/markets/stocks/news/rbis-status-quo-on-rate-risky-check-out-the-key-takeaways/articleshow/66085687.cms,"The RBI committee changed the stance to hawkish, to focus on ‘calibrated tightening’.",Neutral,0.08272244036197662,0.21701133251190186,0.7002661824226379
GIFT Nifty trades on a muted note; here's the trading setup for today's session,https://economictimes.indiatimes.com/markets/stocks/news/gift-nifty-trades-on-a-muted-note-heres-the-trading-setup-for-todays-session/articleshow/110780888.cms,"GIFT Nifty: Domestic equities rose for a second day as investors analyzed Lok Sabha 2024 elections outcome. Focus on government formation, ECB meeting today, and RBI policy tomorrow.",Neutral,0.03488539159297943,0.033399537205696106,0.9317150712013245
RBI's rate-setting panel member cautions against frequent tweaks in policy,https://economictimes.indiatimes.com/news/economy/policy/india-rate-setter-cautions-against-frequent-tweaks-in-policy/articleshow/101273779.cms,"Shashanka Bhide, an external member of the monetary policy panel, has said that India’s central bank should not rush to ease rates until it’s sure of a stable, low-inflation regime. While recent inflation has slowed, Bhide maintained that it is important for the Reserve Bank of India to achieve its inflation target of 4% sustainably. He suggested that the bank must avoid frequent changes in direction as that would disrupt the objectives of both growth and inflation.",Positive,0.43116758080820244,0.2914983642597993,0.277334035684665
RBI may raise repo rate by 35 bps in next week's policy review: S&P,https://economictimes.indiatimes.com/news/economy/policy/rbi-may-raise-repo-rate-by-35-bps-in-next-weeks-policy-review-sp/articleshow/93207092.cms,"The Monetary Policy Committee has increased the key interest rates by 90 basis points in two tranches since May to take it to 4.90% from historic low of 4%, as it strives to rein in inflation that has in recent months consistently remained above the central bank's comfort 4-6% band. The MPC is scheduled to meet from August 3 to 5.",Neutral,0.01741683855652809,0.057313453406095505,0.9252697229385376
"India Budget 2026: From GDP to RBI policy moves, A-Z of Union Budget explained",https://economictimes.indiatimes.com/news/economy/indicators/india-budget-2026-gdp-inflation-gst-collections-pmi-trade-deficit-economic-indicators-explained-before-union-budget-date-time/articleshow/126202995.cms,"India's economy is poised for the Union Budget 2026 with robust GDP growth of 8.0% in H1 FY26 and well-controlled inflation below the RBI's target. Despite a widening trade deficit, foreign exchange reserves remain strong, supported by healthy GST and direct tax collections, enabling fiscal consolidation and growth support.",Positive,0.7425463795661926,0.19253169000148773,0.06492194533348083
"Invest in short-term debt mutual funds, say debt fund managers after RBI policy",https://economictimes.indiatimes.com/mf/analysis/invest-in-short-term-debt-mutual-funds-say-debt-fund-managers-after-rbi-policy/articleshow/62819188.cms,"It is status-quo for your debt mutual fund investments, with Reserve Bank of India (RBI) keeping its policy rates unchanged in its policy review today.",Neutral,0.10415242612361908,0.060536641627550125,0.8353108763694763
"Nifty Bank zooms 3,000 pts since last RBI policy; what will happen this time?",https://economictimes.indiatimes.com/markets/stocks/news/nifty-bank-zooms-3000-pts-since-last-rbi-policy-what-will-happen-this-time/articleshow/100812583.cms,"The Reserve Bank of India (RBI) is expected to maintain interest rates during its three-day meeting which started on 4 June. Favourable economic conditions, including 4.7% consumer price index-based inflation, easing crude oil prices and 6.1% GDP growth are credited with the rise. The positive data has resulted in widespread optimism among investors that interest rates will not change during the upcoming policy meeting, but Santosh Meena, head of research for Swastika Investmart, argues that the Nifty Bank index is showing signs of exhaustion and may experience profit-taking and a downturn.",Negative,0.48492257855832577,0.4944280097261071,0.020649415906518698
Expecting a 25 bps cut with a neutral commentary in RBI policy today: Vivek Mavani,https://economictimes.indiatimes.com/markets/expert-view/expecting-a-25-bps-cut-with-a-neutral-commentary-in-rbi-policy-today-vivek-mavani/articleshow/68716987.cms,"I do not think the MPC will be adventurous enough to go for a 50 bps cut, says Mavani",Negative,0.1553313136100769,0.43346625566482544,0.41120243072509766
RBI repo rate unchanged. Where should you invest now?,https://economictimes.indiatimes.com/mf/analysis/rbi-repo-rate-unchanged-where-should-you-invest-now/articleshow/58045445.cms,"A status-quo policy is not a great news for debt mutual fund investors, as debt funds gain the most when the rates go down.",Negative,0.05228925123810768,0.7630406618118286,0.1846701055765152
Central bank likely to be in extended pause mode,https://economictimes.indiatimes.com/markets/stocks/news/central-bank-likely-to-be-in-extended-pause-mode/articleshow/63639422.cms,One of the highlight of the policy was the downward revision of inflation forecast.,Negative,0.11022298038005829,0.47196486592292786,0.41781219840049744
Fitch raises India growth forecast for FY24 to 6.3%,https://economictimes.indiatimes.com/news/economy/indicators/fitch-raises-india-growth-forecast-for-fy24-to-6-3/articleshow/101199997.cms,Fitch also said that it expects the Reserve Bank of India (RBI) to pause rates until early next year given the moderation in growth and easing inflationary pressures.,Negative,0.037109412252902985,0.7210053205490112,0.2418852597475052
"RBI leaves repo rate unchanged at 6.5%, stance of “withdrawal of accommodation” retained",https://economictimes.indiatimes.com/markets/stocks/news/rbi-policy-verdict-repo-rate-left-unchanged-at-6-5-stance-of-withdrawal-of-accommodation-retained/articleshow/105828620.cms,"The decision to leave rates unchanged was unanimously voted by the 6-member MPC panel, while the need to retain the stance was voted by 5 out of 6 members.",Neutral,0.14594915509223938,0.06096735969185829,0.7930835485458374
Repo rate pause likely to support housing market’s steady growth in festive season,https://economictimes.indiatimes.com/industry/services/property-/-cstruction/repo-rate-pause-likely-to-support-housing-markets-steady-growth-in-festive-season/articleshow/102597405.cms,"While interest rate-sensitive segments of affordable and low-income housing have started witnessing some impact of the rate hikes implemented earlier, any further increase may have resulted in hitting the demand in this segment.",Negative,0.18920832872390747,0.7755207419395447,0.035270899534225464
"RBI may again opt for status quo on key policy rate next week, say experts",https://economictimes.indiatimes.com/news/economy/policy/rbi-may-again-opt-for-status-quo-on-key-policy-rate-next-week-say-experts/articleshow/86724904.cms,"The September edition of EY Economy Watch said given that CPI inflation has remained under pressure, the RBI may not undertake any further repo rate reduction in the near future. The monetary policy would only be playing a supportive role while the main impetus to growth may need to come from the fiscal side, it added.",Neutral,0.2098958045244217,0.01209745928645134,0.7780067324638367
MPC: Not yet time to raise policy rates,https://economictimes.indiatimes.com/opinion/et-editorial/mpc-not-yet-time-to-raise-policy-rates/articleshow/86848973.cms,The policy response appropriate for inflation caused by excess demand would be wholly unsuited for inflation caused by supply disruptions and a spike in energy prices.,Negative,0.0411045141518116,0.6159715056419373,0.34292399883270264
View: RBI delaying inevitable rate hike is just bravado,https://economictimes.indiatimes.com/markets/stocks/news/view-rbi-delaying-inevitable-rate-hike-is-just-bravado/articleshow/66090248.cms,Floating currencies are of little use. It’s shame that India didn’t get the message: Andy Mukherjee,Neutral,0.024725714698433876,0.26809343695640564,0.7071808576583862
Central bank likely to be in extended pause mode,https://economictimes.indiatimes.com/markets/stocks/news/central-bank-likely-to-be-in-extended-pause-mode/articleshow/63639422.cms,One of the highlight of the policy was the downward revision of inflation forecast.,Negative,0.11022298038005829,0.47196486592292786,0.41781219840049744
RBI repo rate unchanged. Where should you invest now?,https://economictimes.indiatimes.com/mf/analysis/rbi-repo-rate-unchanged-where-should-you-invest-now/articleshow/58045445.cms,"A status-quo policy is not a great news for debt mutual fund investors, as debt funds gain the most when the rates go down.",Negative,0.05228925123810768,0.7630406618118286,0.1846701055765152
Repo rate pause likely to support housing market’s steady growth in festive season,https://economictimes.indiatimes.com/industry/services/property-/-cstruction/repo-rate-pause-likely-to-support-housing-markets-steady-growth-in-festive-season/articleshow/102597405.cms,"While interest rate-sensitive segments of affordable and low-income housing have started witnessing some impact of the rate hikes implemented earlier, any further increase may have resulted in hitting the demand in this segment.",Negative,0.18920832872390747,0.7755207419395447,0.035270899534225464
Fitch raises India growth forecast for FY24 to 6.3%,https://economictimes.indiatimes.com/news/economy/indicators/fitch-raises-india-growth-forecast-for-fy24-to-6-3/articleshow/101199997.cms,Fitch also said that it expects the Reserve Bank of India (RBI) to pause rates until early next year given the moderation in growth and easing inflationary pressures.,Negative,0.037109412252902985,0.7210053205490112,0.2418852597475052
"RBI leaves repo rate unchanged at 6.5%, stance of “withdrawal of accommodation” retained",https://economictimes.indiatimes.com/markets/stocks/news/rbi-policy-verdict-repo-rate-left-unchanged-at-6-5-stance-of-withdrawal-of-accommodation-retained/articleshow/105828620.cms,"The decision to leave rates unchanged was unanimously voted by the 6-member MPC panel, while the need to retain the stance was voted by 5 out of 6 members.",Neutral,0.14594915509223938,0.06096735969185829,0.7930835485458374
Reserve Bank of India expected to hold rates this week,https://economictimes.indiatimes.com/news/economy/policy/reserve-bank-expected-to-hold-rates-this-week/articleshow/81904477.cms,"The MPC will announce its policy decision on Wednesday. While the forward guidance has been that the accommodative stance will run well into this fiscal year, a series of conflicting messages has left the markets scrambling on the central bank’s unwinding approach to liquidity measures. Investors would need clarity from governor Das on his agenda for bond markets.",Negative,0.01436905562877655,0.9448244571685791,0.040806569159030914
Record rate spread shows challenge to reviving India’s economy,https://economictimes.indiatimes.com/news/economy/policy/record-rate-spread-shows-challenge-to-reviving-indias-economy/articleshow/71937391.cms,"RBI is cutting interest rates, but lenders aren’t passing on reductions to customers. A challenge for economy.",Negative,0.0547909140586853,0.5432050228118896,0.4020040035247803
RBI to ensure adequate liquidity to all sectors,https://economictimes.indiatimes.com/news/economy/policy/rbi-to-ensure-adequate-liquidity-to-all-sectors/articleshow/67881679.cms,"RBI said the projected numbers are contingent on a normal monsoon, and no negative surprises on crude prices.",Neutral,0.20060297846794128,0.0600537471473217,0.7393432855606079
Monetary policy delay adds to Indian bankers’ long list of problems,https://economictimes.indiatimes.com/industry/banking/finance/banking/monetary-policy-delay-adds-to-indian-bankers-long-list-of-problems/articleshow/78400407.cms,The Reserve Bank of India’s decision to reschedule this week’s interest-rate meeting makes it difficult for lenders to price loans and deposits because they usually track the monetary policy’s outlook for liquidity and interest rates.,Negative,0.012381057254970074,0.907823920249939,0.07979509979486465
Has India recovered from the onion price shock? Here's what RBI had to say,https://economictimes.indiatimes.com/news/economy/indicators/has-india-recovered-from-the-onion-price-shock-heres-what-rbi-had-to-say/articleshow/73978601.cms,"Going forward, the inflation outlook is likely to be influenced by several factors like food inflation, crude prices and input costs for services, RBI said.",Neutral,0.07326839864253998,0.12428192049264908,0.802449643611908
"25-50 bps hike in home loan rate may not be a deterrent for growth: R Varadarajan, Repco Home Finance",https://economictimes.indiatimes.com/markets/expert-view/25-50-bps-hike-in-home-loan-rate-may-not-be-a-deterrent-for-growth-r-varadarajan-repco-home-finance/articleshow/64490219.cms,“Raising eligibility for home loans under affordable housing to have a positive impact on cost of funds.”,Positive,0.8452399373054504,0.010270575992763042,0.14448945224285126
"RBI could go for OMO in second half of FY19: Sonal Varma, Nomura Financial Advisory",https://economictimes.indiatimes.com/markets/expert-view/rbi-could-go-for-omo-in-second-half-of-fy19-sonal-varma-nomura-financial-advisory/articleshow/64492518.cms,"“If inflation goes up, RBI will hike rates again in August”",Positive,0.4966486394405365,0.20106537640094757,0.30228596925735474
"Inflation rise not structural, rate hike to begin from next June: Report",https://economictimes.indiatimes.com/news/economy/indicators/inflation-rise-not-structural-rate-hike-to-begin-from-next-june-report/articleshow/85068320.cms,The assessment comes a day ahead of the third bimonthly monetary policy review on Friday wherein it's widely expected that the monetary authority will leave the key rates unchanged at 4 per cent even though the consumer prices have been on remaining above 6 per cent since May and crude prices have been north of USD 70 a barrel for months.,Negative,0.06913263350725174,0.5973992347717285,0.33346810936927795
"March WPI number is mere statistics, RBI unlikely to be nudged into any action: Mythili Bhusnurmath",https://economictimes.indiatimes.com/opinion/interviews/march-wpi-number-is-mere-statistics-rbi-unlikely-to-be-nudged-into-any-action-mythili-bhusnurmath/articleshow/51875638.cms,"""Policy action is largely over and done with. WPI is largely irrelevant from the RBI’s standpoint. So yes, it is just one more number on the table.""",Neutral,0.059309910982847214,0.03849903494119644,0.9021911025047302
Rupee up against US $; below 62 levels,https://economictimes.indiatimes.com/markets/forex/rupee-up-against-us-below-62-levels/articleshow/45343909.cms,"The rupee strengthened against the US dollar, making day's high of 61.87 vesus the greenback increased selling of the American currency by exporters ahead of RBI's policy review.",Positive,0.8412156701087952,0.1281646341085434,0.030619706958532333
RBI: Looking through the liquidity management tea leaves,https://economictimes.indiatimes.com/markets/stocks/news/rbi-looking-through-the-liquidity-management-tea-leaves/articleshow/114240416.cms,"The RBI's October policy shift to a neutral stance was reflected in its liquidity management since July 2024, with interbank liquidity surplus averaging INR1.2tn. RBI refrained from strong liquidity absorption, signaling comfort with current conditions as government expenditure rose and inflation pressures moderated.",Positive,0.6862767934799194,0.05743507295846939,0.256288081407547
"This could be the last rate hike for this calendar year: Shyam Srinivasan, Federal Bank",https://economictimes.indiatimes.com/markets/expert-view/this-could-be-the-last-rate-hike-for-this-calendar-year-shyam-srinivasan-federal-bank/articleshow/65230137.cms,"""The rupee impact is not just linked only to the rate hike. There are too many variables """,Neutral,0.09736230224370956,0.06033967062830925,0.8422980308532715
"RBI's rate decision, state poll results major factors to drive equity market: Analysts",https://economictimes.indiatimes.com/markets/stocks/news/rbis-rate-decision-state-poll-results-major-factors-to-drive-equity-market-analysts/articleshow/95974990.cms,"On the global front, the US bond yields and the dollar index have fallen sharply, and markets will continue to watch their move from here, Meena added.",Negative,0.011745624244213104,0.9658753275871277,0.022378936409950256
"From Rs 10 lakh to Rs 20 lakh, collateral free loan limit will be doubled for these borrowers; RBI MPC",https://economictimes.indiatimes.com/wealth/borrow/from-rs-10-lakh-to-rs-20-lakh-collateral-free-loan-limit-will-be-doubled-for-these-borrowers-rbi-mpc/articleshow/127970246.cms,The Reserve Bank of India has doubled the collateral-free loan limit for small business from Rs 10 lakh to Rs 20 lakh. Collateral-free loans allow businesses to secure funds without pledging assets.,Positive,0.5171248577535152,0.01990888500586152,0.4629662297666073
"Vaccine approval drives Sensex 120 point higher; Nifty above 13,155",https://economictimes.indiatimes.com/markets/stocks/news/vaccine-approval-drives-sensex-120-point-higher-nifty-above-13155/articleshow/79541254.cms,"The news also diffused the nervousness on Dalal Street and the volatility index plunged sharply. However, some profit booking in IT and select auto names kept the gains in check. Investors will now keep an eye on RBI policy meeting outcomes scheduled on Friday.",Negative,0.03166775405406952,0.928432822227478,0.03989933431148529
"RBI policy on realty loan to benefit both HFCs and banks: Keki Mistry, HDFC",https://economictimes.indiatimes.com/markets/expert-view/rbi-policy-on-real-estate-beneficial-to-both-hfcs-and-banks-keki-mistry-hdfc/articleshow/73985654.cms,"If the thousands of stuck projects all over the country get completed, not only will the NPL issue get partly addressed, but more importantly, it will give confidence to home buyers to purchase real estate in a stronger manner, says Keki Mistry, VC & CEO, HDFC.",Positive,0.9128544926643372,0.009771709330379963,0.07737381011247635
"Banking, auto, real estate stocks turn choppy post RBI policy outcome",https://economictimes.indiatimes.com/markets/stocks/news/banking-auto-real-estate-stocks-turn-choppy-post-rbi-policy-outcome/articleshow/50817822.cms,"Shares of banking, auto and real estate sectors turned choppy on Tuesday after the Reserve Bank of India (RBI) in its policy review maintained status quo on policy rates. The rate-sensitive stocks were trading mostly higher in the morning trade.",Negative,0.012759185396134853,0.9589388370513916,0.028301972895860672
"RBI policy meet, Q4 results will keep traders busy next week",https://economictimes.indiatimes.com/markets/stocks/news/rbi-policy-meet-q4-earnings-to-be-key-market-drivers-next-week/articleshow/90597645.cms,"As far as earnings are concerned, IT stocks seem to be on a strong footing. Numbers released by Accenture last month surpassed its expectations, which bodes well for the industry as a whole.",Positive,0.9516902565956116,0.016668375581502914,0.031641457229852676
"RBI policy outcome was as per market expectation: Nilesh Shah, MD, Kotak, AMC",https://economictimes.indiatimes.com/markets/expert-view/rbi-policy-outcome-was-as-per-market-expectation-nilesh-shah-md-kotak-amc/articleshow/96051072.cms,Undoubtedly growth continues to soften. RBI itself has revised growth target downwards from 7% to 6.8% for FY23 but these are unusual circumstances. Globally there is a massive storm going on and within that India has so far done well.,Negative,0.014163574203848839,0.9114140272140503,0.0744224488735199
Rupee ends flat at 68.21 vs dollar ahead of RBI policy meet,https://economictimes.indiatimes.com/markets/forex/rupee-ends-flat-at-68-21-vs-dollar-ahead-of-rbi-policy-meet/articleshow/55815477.cms,Overall forex market sentiment remained cautious ahead of the central bank's policy review on Wednesday and a steep crash in the euro.,Negative,0.03668791055679321,0.9216455817222595,0.041666463017463684
Short-term gilts suggest RBI policy normalisation still some time away,https://economictimes.indiatimes.com/markets/bonds/short-term-gilts-suggest-rbi-policy-normalisation-still-some-time-away/articleshow/86965313.cms,RBI’s decision to set the cutoff rate at a recent reverse repo auction at 3.99 per cent -- just below the benchmark policy repo rate of 4.00 per cent -- also stoked speculation that the central bank was looking to realign money market rates to the repo rate rather that the reverse repo rate of 3.35 per cent.,Negative,0.12315908819437027,0.5191196799278259,0.3577211797237396
"Budget, RBI policy to steer India's economic growth in next 10 days: UBI",https://economictimes.indiatimes.com/news/economy/policy/budget-rbi-policy-to-steer-indias-economic-growth-in-next-10-days-ubi/articleshow/117723904.cms,"Union Budget 2025: Over the next 10 days, India's economy will be shaped by the Union Budget announcement and the RBI's Monetary Policy Committee meeting. The government and RBI are anticipated to unveil measures to stimulate growth amidst economic slowdown, focusing on fiscal consolidation and rate cuts to ease liquidity and bolster demand.",Positive,0.9210925102233887,0.01683676615357399,0.062070731073617935
RBI Policy: Das cites BoE acceptance to expand regulatory oversight deals,https://economictimes.indiatimes.com/news/economy/policy/rbi-policy-das-cites-boe-acceptance-to-expand-regulatory-oversight-deals/articleshow/105832565.cms,"Days after the Reserve Bank of India (RBI) and the Bank of England (BoE) reached an agreement on cooperation regarding the Clearing Corporation of India (CCIL), central bank governor Shaktikanta Das called upon other regulators to accept the same principles amid an ongoing tussle with European authorities.",Positive,0.40597593784332275,0.23980280756950378,0.35422125458717346
"RBI policy: Tone’s hawkish, and there’s nothing ‘inadvertent’ about it",https://economictimes.indiatimes.com/news/economy/policy/rbi-policy-tones-hawkish-and-theres-nothing-inadvertent-about-it/articleshow/105849023.cms,"""We do not communicate anything inadvertently, let me make it very clear,"" Governor Das told reporters during the customary interaction after the latest policy review that was earlier interpreted as setting the stage for an easing of monetary policy. ""If somebody is assuming it's a signal to move toward a neutral stance, I think it will be incorrect.""",Neutral,0.2578354775905609,0.3230908028781414,0.4190737307071686
"Sensex snaps 7-day rally, drops 132 points ahead of RBI policy",https://economictimes.indiatimes.com/markets/stocks/news/sensex-snaps-7-day-rally-drops-132-points-ahead-of-rbi-policy/articleshow/105811688.cms,"The Reserve Bank of India’s rate-setting panel, the Monetary Policy Committee (MPC), is likely to keep the repo rate unchanged at 6.5% for the fifth consecutive time, shifting its focus on liquidity tightening, according to some economists. The market capitalisation of all listed companies on BSE increased by Rs 1.32 lakh crore to Rs 350.17 lakh crore.",Negative,0.09118956327438354,0.6738367676734924,0.23497365415096283
"Post RBI policy: Bonds draw comfort from future guidance, rupee steady",https://economictimes.indiatimes.com/markets/bonds/post-rbi-policy-bonds-draw-comfort-from-future-guidance-rupee-steady/articleshow/29488618.cms,The ten-year benchmark bond yield has increased eight basis points to 8.80% pushing prices down immediately after the RBI hiked its repo rate.,Positive,0.5990088582038879,0.37422555685043335,0.026765575632452965
Tech view: Nifty forms bearish candle; tread with caution ahead of RBI policy,https://economictimes.indiatimes.com/markets/stocks/news/tech-view-nifty-forms-bearish-candle-tread-with-caution-ahead-of-rbi-policy/articleshow/55750867.cms,Traders are advised not to create any long positions on declines and remain cautious ahead of Reserve Bank of India’s money policy review on December 7.,Negative,0.02772754430770874,0.8031077980995178,0.16916465759277344
Rupee falls 3 paise against US dollar post RBI policy meet,https://economictimes.indiatimes.com/markets/forex/rupee-falls-3-paise-against-us-dollar-post-rbi-policy-meet/articleshow/53612740.cms,Rupee fell to 66.87 against the US dollar. It opened at 66.78. RBI kept the policy repo rate under the liquidity adjustment facility unchanged at 6.5 per cent.,Negative,0.03763433452695608,0.5593347772955894,0.4030309244990349
"Govt is re-thinking RBI's policy action: Dr. Surjit Bhalla, Oxus Investments",https://economictimes.indiatimes.com/opinion/interviews/govt-is-re-thinking-rbis-policy-action-dr-surjit-bhalla-oxus-investments/articleshow/9980536.cms,"In an interview with ET Now, Dr. Surjit Bhalla, Chairman, Oxus Investments, gives his views on inflation and the expected rate hike. Excerpts:",Neutral,0.09108775854110718,0.03703765198588371,0.8718745708465576
"Post RBI policy: Bonds draw comfort from future guidance, rupee steady",https://economictimes.indiatimes.com/markets/bonds/post-rbi-policy-bonds-draw-comfort-from-future-guidance-rupee-steady/articleshow/29488618.cms,The ten-year benchmark bond yield has increased eight basis points to 8.80% pushing prices down immediately after the RBI hiked its repo rate.,Positive,0.5990088582038879,0.37422555685043335,0.026765575632452965
Share of sub-9% bank loans rises with fall in rates,https://economictimes.indiatimes.com/markets/stocks/news/share-of-sub-9-bank-loans-rises-with-fall-in-rates/articleshow/129123637.cms,"Bank loans below 9% interest surged to 62.4% in December 2025, a significant rise from 42.4% a year prior, indicating easing lending rates. Despite this, the number of bank borrowers dropped by nearly 13 million, suggesting a shift towards non-bank lenders and fintech firms.",Negative,0.013045772910118103,0.9688768982887268,0.018077289685606956
"Don’t exit long duration funds, says Abhiroop Mukherjee of Motilal Oswal AMC",https://economictimes.indiatimes.com/mf/analysis/dont-exit-long-duration-funds-says-abhiroop-mukherjee-of-motilal-oswal-amc/articleshow/59018844.cms,"Short-to-medium duration funds would be the ideal space because there still are a lot of uncertainties in the market, says Abhiroop Mukherjee.",Neutral,0.07688941061496735,0.024689696729183197,0.8984208703041077
RBI extends target date for meeting thresholds under Covid recast scheme 1.0,https://economictimes.indiatimes.com/news/economy/policy/rbi-extends-target-date-for-meeting-thresholds-under-covid-recast-scheme-1-0/articleshow/85092378.cms,"“Recognising the adverse impact of second wave of COVID-19 on revival of businesses, and the difficulty it may pose in meeting the operational parameters, it has been decided to defer the target date for meeting the specified thresholds in respect of the above parameters to October 1, 2022,” the RBI said.",Neutral,0.07303928583860397,0.16347387433052063,0.7634868025779724
Policy rate may not be cut. Expect liquidity squeezing measures from RBI on April 6,https://economictimes.indiatimes.com/wealth/personal-finance-news/policy-rate-may-not-be-cut-expect-liquidity-squeezing-measures-from-rbi-on-april-6/articleshow/58010464.cms,"Many banks did not cut MCLR in Feb-March. If the RBI maintains status quo on rates, home loan rates will not come down either.",Negative,0.056285310536623,0.497757226228714,0.4459574520587921
RBI unlikely to raise rates: DBS,https://economictimes.indiatimes.com/markets/stocks/news/rbi-unlikely-to-raise-rates-dbs/articleshow/62815209.cms,“The combination of fiscal challenges and rising oil prices makes the RBI’s policy path a tricky one this year”,Negative,0.016613302752375603,0.9174085855484009,0.06597813218832016
Key issues MPC is debating at 2-day money policy review,https://economictimes.indiatimes.com/markets/stocks/news/key-issues-mpc-is-debating-at-2-day-money-policy-review/articleshow/63610729.cms,"Amid adverse global developments, MPC may need to revamp policy rates and avoid status quo.",Negative,0.04603599011898041,0.7123448252677917,0.241619274020195
Inflation risk may prompt RBI to shift away from accommodative stance next week: Nomura,https://economictimes.indiatimes.com/markets/stocks/news/inflation-risk-may-prompt-rbi-to-shift-away-from-accommodative-stance-next-week-nomura/articleshow/90606178.cms,"“There is a reasonable likelihood that the RBI will take its first reluctant step towards policy rate normalisation by changing stance from ‘accommodative’ to ‘neutral’, but we expect it to balance it with dovish guidance,” the global research firm said.",Positive,0.8057351112365723,0.019940003752708435,0.1743248850107193
RBI's surplus liquidity policy helped rein in forward premia: Study,https://economictimes.indiatimes.com/news/economy/policy/rbis-surplus-liquidity-policy-helped-rein-in-forward-premia-study/articleshow/90918583.cms,"Regression analysis suggests that surplus liquidity has a sobering impact while greater uncertainty hardens the forward premia, more so in the short term, according to a study titled ""What Drives the Forward Premia – An Analytical Perspective"" published in its latest monthly bulletin.",Neutral,0.2902998924255371,0.027147602289915085,0.6825525164604187
"Set up 24x7 helpline for digital payments by Sept, RBI tells operators",https://economictimes.indiatimes.com/wealth/personal-finance-news/set-up-24x7-helpline-for-digital-payments-by-sept-rbi-tells-operators/articleshow/80702457.cms,"As per the RBI statement, the major payment operators are required to set-up the mechanism by September, 2021. Going forward, the facility of registering and resolving the customer complaints through the helpline shall be considered, the statement added.",Neutral,0.03848902881145477,0.03169278800487518,0.9298182129859924
Rate-setters at Mint Street say inflation outlook overtaken by war,https://economictimes.indiatimes.com/news/economy/indicators/rate-setters-at-mint-street-say-inflation-outlook-overtaken-by-war/articleshow/90247024.cms,"Even before the war, inflation was topping the RBI’s 6% upper tolerance limit in 2022, and the supply disruptions that sent oil above $100 a barrel have since laid the ground for price-growth to overshoot the full-year target.",Negative,0.431236207485199,0.49378544092178345,0.07497834414243698
"Warning Indians against cryptocurrencies, RBI chief says tulips have more value",https://economictimes.indiatimes.com/news/economy/policy/cryptos-a-threat-to-financial-stability-value-not-even-a-tulip-shaktikanta-das/articleshow/89474805.cms,Governor Shaktikanta Das gave his withering assessment of the digital currency craze just days after the government established a taxation framework for cryptocurrencies.,Negative,0.053922828286886215,0.6516755819320679,0.2944015860557556
Let the market decide where the rupee goes: Urjit Patel,https://economictimes.indiatimes.com/markets/stocks/news/let-the-market-decide-where-the-rupee-goes-urjit-patel/articleshow/66085140.cms,"Currency depreciation is just adding to the upside risk for emerging markets, Patel said.",Negative,0.07199002802371979,0.8486997485160828,0.07931022346019745
"RBI will remain vigilant on inflation, no room for complacency: Naina Lal Kidwai, FICCI",https://economictimes.indiatimes.com/opinion/interviews/rbi-will-remain-vigilant-on-inflation-no-room-for-complacency-naina-lal-kidwai-ficci/articleshow/27595908.cms,"""Keeping interest rates at least where they are and ideally going down is critical for industry,"" Kidwai said.",Neutral,0.1917174756526947,0.20073653757572174,0.6075460314750671
MPC member Ravindra Dholakia again dissents after a pause,https://economictimes.indiatimes.com/markets/stocks/news/mpc-member-ravindra-dholakia-gain-dissents-after-a-pause/articleshow/65229018.cms,The June round of the Reserve Bank’s survey of households reported a further uptick of 20 basis points in inflation.,Positive,0.858745276927948,0.11053376644849777,0.030720913782715797
ET View: Negative rates as conscious policy,https://economictimes.indiatimes.com/opinion/et-view/et-view-negative-rates-as-conscious-policy/articleshow/79561743.cms,"The RBI’s policies on maintaining high liquidity to fuel recovery, keeping a Targeted Long Term Repo window open is most sensible. It is unlikely to be used much, though, considering the oodles of liquidity being created by the RBI’s attempt to keep the exchange rate reasonably stable, even as foreign capital floods in, as confidence returns to mature markets.",Positive,0.6931686997413635,0.036556556820869446,0.27027472853660583
RBI to come out with digital payment security control directions: Shaktikanta Das,https://economictimes.indiatimes.com/industry/banking/finance/banking/rbi-to-come-out-with-digital-payment-security-control-directions-shaktikanta-das/articleshow/79562147.cms,"The announcement comes a day after the RBI temporarily barred largest private sector lender HDFC Bank from selling new credit cards or launching new digital banking initiatives, taking a serious view of service outages at the systemically important bank over the last two years.",Negative,0.018009817227721214,0.9368354082107544,0.04515475407242775
RBI Guv unveils his own version of Quantitative Easing to tame yields,https://economictimes.indiatimes.com/markets/stocks/news/rbi-guv-unveils-his-own-version-of-quantitative-easing-to-tame-yields/articleshow/78570028.cms,Financial markets cheered the policy pronouncements with the Bank Nifty climbing 2 percent by noon. The rupee climbed to a monthly high against the US dollar. Yields on 10 year bonds fell to 5.9%.,Positive,0.9275819659233093,0.02885761484503746,0.043560467660427094
View: RBI’s response during Covid proves its inflation targeting has worked well,https://economictimes.indiatimes.com/news/economy/policy/view-rbis-response-during-covid-proves-its-inflation-targeting-has-worked-well/articleshow/78541325.cms,"But the key point is that the monetary policy is working, and GoI and RBI need to allow it to continue. What do we mean by ‘functioning quite well’? First, RBI responds to both changes in inflation and changes in the output gap. It balances the two considerations. Thus, it is best characterised as a ‘flexible inflation targeter’, not an ‘inflation nutter’.",Neutral,0.15303519368171692,0.020076464861631393,0.8268882632255554
RBI pushes banks to open purse strings through series of measures,https://economictimes.indiatimes.com/markets/stocks/news/rbi-pushes-banks-to-open-purse-strings-through-series-of-measures/articleshow/78571605.cms,"The RBI which stood pat with the key policy rate at 4% said its focus of liquidity measures will now include revival of activity in specific sectors that have both backward and forward linkages, and multiplier effects on growth.",Positive,0.638281524181366,0.033377505838871,0.32834091782569885
Rate hike to increase cost pressure on exporters: EEPC India,https://economictimes.indiatimes.com/news/economy/policy/rate-hike-to-increase-cost-pressure-on-exporters-eepc-india/articleshow/64480719.cms,"The paradox for exporters is that while the RBI has itself taken stock of headwinds like increase in trade protectionism & crude prices, the remedy is not as forthcoming.",Negative,0.05103171989321709,0.8639622926712036,0.08500603586435318
Cautious RBI raises key rates by 25 bps,https://economictimes.indiatimes.com/news/economy/policy/cautious-rbi-raises-key-rates-by-25-bps/articleshow/7364030.cms,Reserve Bank of India governor Duvvuri Subbarao spared consumers from a steep rise in interest rates as he fears they may be heading towards getting whipsawed by moderating growth and poorer macro fundamentals next fiscal.,Negative,0.050748229026794434,0.9315335750579834,0.017718184739351273
RBI has not exhausted ammunition to fight situation due to pandemic: Shaktikanta Das,https://economictimes.indiatimes.com/news/economy/policy/rbi-has-not-exhausted-ammunition-to-fight-situation-due-to-pandemic-shaktikanta-das/articleshow/77783304.cms,"""We have not exhausted our policy options, whether it relates to rate cuts or any other aspects of central banking. We have not exhausted our instruments or ammunition,"" he said.",Positive,0.6360003054141998,0.03749219328165054,0.32650749757885933
India interest rate cut back in play after tariffs,https://economictimes.indiatimes.com/news/economy/policy/india-interest-rate-cut-back-in-play-after-tariffs/articleshow/124225462.cms,"The Reserve Bank of India's interest rate decision is a close call, balancing low inflation and growth concerns from US tariffs against a weak rupee. While most economists predict a hold, a dovish pause is anticipated, with future monetary policy signals closely watched amid market caution.",Positive,0.5262106508016586,0.3361996803432703,0.137589693069458
Navigating market turbulence and resilience: Indian fixed income in the year so far,https://economictimes.indiatimes.com/markets/bonds/navigating-market-turbulence-and-resilience-indian-fixed-income-in-the-year-so-far/articleshow/124658048.cms,"Indian fixed income saw modest gains. Low inflation and strong growth supported returns. Steady foreign investment and RBI policy provided a boost. Government bond yields experienced volatility. The RBI paused its repo rate at 5.50%, awaiting global trade clarity. This pause signals potential future easing. Foreign investors remained net buyers of Indian debt.",Neutral,0.28082166612148285,0.2282099910080433,0.49096836149692535
"Prefer short-end corporate bonds, tactical allocation to SDLs: SBI MF CIO",https://economictimes.indiatimes.com/markets/bonds/prefer-short-end-corporate-bonds-tactical-allocation-to-sdls-sbi-mf-cio/articleshow/128234720.cms,"India's fixed income markets are recalibrating cautiously. While macro fundamentals have improved, elevated borrowing and weak demand shape the bond outlook. SBI Mutual Fund's CIO advises selective duration, favoring short-end corporate bonds and tactical state development loans amid heavy supply.",Positive,0.8455093502998352,0.05940096825361252,0.09508966654539108
India's fiscal deficit to get worse in 2012: Jim Walker,https://economictimes.indiatimes.com/opinion/interviews/indias-fiscal-deficit-to-get-worse-in-2012-jim-walker/articleshow/11186125.cms,"The worries are not so much about opportunities in the economy, but the government's attitude towards public spending, says Jim Walker.",Neutral,0.10612215846776962,0.10512134432792664,0.7887564897537231
Dalal Street bulls get a shot in arm as RBI Governor keeps gun powder dry,https://economictimes.indiatimes.com/markets/stocks/news/sensex-nifty-off-to-cautious-start-ahead-of-rbi-policy-decision/articleshow/99284402.cms,"The top gainers in the Nifty pack were State Bank of India, Adani Enterprises, Eicher Motors, BPCL and IndusInd Bank while the top losers were HCL Technologies, ONGC, UPL, Hindustan Unilever and Titan.",Neutral,0.10952554643154144,0.14007310569286346,0.7504013776779175
Will foreign fund managers continue to pour money?,https://economictimes.indiatimes.com/news/international/will-foreign-fund-managers-continue-to-pour-money/articleshow/6887764.cms,"The Diwali day trading on Dalal Street , as expected , ended an actionpacked week on a high that started with RBI's policy decision , followed by the US Fed's economic stimulus package.",Positive,0.8425043225288391,0.10728111118078232,0.050214581191539764
All well between RBI & govt? Governor says MPC said no to Finance Ministry invite,https://economictimes.indiatimes.com/news/economy/policy/all-well-between-rbi-govt-governor-says-mpc-said-no-to-finance-ministry-invite/articleshow/59035165.cms,Setting up of MPC was criticised as interfering in RBI’s autonomy. But the govt’s thrust to drive its agenda in MPC seems to have received a shock from this move.,Positive,0.49598199129104614,0.09425351023674011,0.40976443886756897
"Sensex sheds over 100 points ahead of RBI policy outcome; Nifty50 slips below 9,250",https://economictimes.indiatimes.com/markets/stocks/news/sensex-sheds-over-100-points-ahead-of-rbi-policy-outcome-nifty50-slips-below-9250/articleshow/58040770.cms,"RBI is expected to maintain status quo on the policy rate, but is seen announcing a slew of announcements to squeeze excess liquidity in the system.",Negative,0.02461378648877144,0.8504515290260315,0.12493474036455154
Customers to get safety net against small cyber frauds,https://economictimes.indiatimes.com/industry/banking/finance/banking/customers-to-get-safety-net-against-small-cyber-frauds/articleshow/128006875.cms,"Cyber fraud: The steps proposed Friday include a proposal to compensate customers up to ₹25,000 for losses arising from small-value digital frauds, enhanced authentication requirements for transactions undertaken by senior citizens, and tighter conduct rules for lenders.",Neutral,0.1108243465423584,0.049020975828170776,0.8401546478271484
RBI lifts cap on foreign bond investments via lock‑in route,https://economictimes.indiatimes.com/markets/bonds/rbi-lifts-cap-on-foreign-bond-investments-via-lockin-route/articleshow/127975930.cms,The Reserve Bank of India has removed the Rs 2.5 lakh crore investment limit for debt securities under the voluntary retention route. This move aims to attract stable foreign debt flows. Investments will now follow general route ceilings. Foreign investors have shown reduced preference for this route recently. This change is not expected to cause a significant surge in inflows.,Positive,0.9068629145622253,0.038096535950899124,0.05504053458571434
ICICI Bank reduces interest rates on these loans,https://economictimes.indiatimes.com/wealth/borrow/icici-bank-reduces-interest-rates-on-these-loans/articleshow/100668754.cms,"ICICI Bank has updated its marginal cost-based lending rates (MCLR). The MCLR is used to calculate the interest rate on a range of loans, including home loans.",Neutral,0.02931341342628002,0.028679290786385536,0.942007303237915
Uday Kotak urges Indian firms to step up as rupee crosses 90 and foreign investors dominate markets,https://economictimes.indiatimes.com/news/economy/finance/uday-kotak-urges-indian-firms-to-step-up-as-rupee-crosses-90-and-foreign-investors-dominate-markets/articleshow/125739218.cms,"The Indian Rupee is nearing 90 against the US Dollar. Foreign investors are selling Indian stocks, impacting market performance. Domestic investors are buying, but foreign selling is currently dominant. This situation calls for Indian businesses to adapt. Export-oriented sectors may benefit from the weaker Rupee, while import-dependent sectors face increased costs.",Positive,0.6620908379554749,0.14847372146323323,0.1894354447722435
"Good time to do some serious bottom fishing: Arindam Ghosh, BlackRidge Capital Advisors",https://economictimes.indiatimes.com/opinion/interviews/good-time-to-do-some-serious-bottom-fishing-arindam-ghosh-blackridge-capital-advisors/articleshow/24918546.cms,"'India has brought about a lot of positive changes compared to the previous quarter,' says Arindam Ghosh.",Positive,0.9432781934738159,0.02701827883720398,0.029703430831432343
"RBI Policy: Customers no longer need to input OTP for e-mandates up to Rs 15,000 for recurring transactions",https://economictimes.indiatimes.com/news/economy/policy/rbi-policy-customers-no-longer-need-to-input-otp-for-e-mandates-up-to-rs-15000/articleshow/92074749.cms,"""To further augment customer convenience and leverage the benefits available under the framework, it is proposed to enhance the limit from Rs 5,000 to Rs 15,000 per recurring payment,"" Shaktikanta Das, Governor, RBI said. The new rule for processing recurring payments was first issued by RBI in August 2019.",Neutral,0.47598049603402615,0.014976192265748978,0.5090433545410633
There’s consistency in Budget & RBI policy; bond yields may cool down further: Dinesh Kumar Khara,https://economictimes.indiatimes.com/markets/expert-view/theres-consistency-in-budget-rbi-policy-bond-yields-may-cool-down-further-dinesh-kumar-khara/articleshow/89478865.cms,“The RBI Monetary Policy is quite supportive of the growth requirements of the economy. We are also readjusting the liquidity requirements and that will adjust the anxieties of the market to a greater extent. The guidelines relating to CDS will also go a long way to stabilise the bond markets.”,Positive,0.7765880823135376,0.014042620547115803,0.20936930179595947
Sensex jumps over 700 points to break 8-day losing streak. What was the good news in RBI policy?,https://economictimes.indiatimes.com/markets/stocks/news/sensex-jumps-over-600-points-to-break-8-day-losing-streak-what-was-the-good-news-in-rbi-policy/articleshow/124250107.cms,"Dalal Street celebrated the RBI's expected 'dovish pause' and Governor Malhotra's pro-market initiatives, ending an 8-day losing streak. Sensex surged over 600 points as RBI allowed banks to fund M&A, liberalized loans against shares, and reduced risk weights for infrastructure financing. These measures, coupled with optimistic GDP and inflation forecasts, significantly boosted market sentiment, especially for banking and infrastructure stocks.",Positive,0.6372178196907043,0.2714769244194031,0.09130531549453735
Key highlights of RBI's monetary policy outcome,https://economictimes.indiatimes.com/markets/stocks/news/key-highlights-of-rbis-monetary-policy-outcome/articleshow/72379681.cms,RBI revised GDP growth downwards to 5% for 2019-20 from 6.1% projected in its October policy.,Negative,0.043846629559993744,0.9369066953659058,0.01924675889313221
"Morgan Stanley flags stagflation risk, cuts FY23 GDP growth forecast by 0.50 pc on Ukraine tensions",https://economictimes.indiatimes.com/news/economy/indicators/morgan-stanley-expects-indias-cad-to-widen-to-10-year-high/articleshow/90131147.cms,"""We see less room for fiscal policy stimulus to support growth given the high deficit and debt levels... We see a possibility of a modest fuel tax cut and reliance on the national rural employment programme as an automatic stabiliser,"" Morgan Stanley said.",Positive,0.7299665212631226,0.21814341843128204,0.051890067756175995
"MPC should drop its 'confusing' policy resolution, Member Jayanth Varma says",https://economictimes.indiatimes.com/news/economy/policy/mpc-should-drop-its-confusing-policy-resolution-to-remain-focused-on-withdrawal-of-accommodation-member-jayanth-varma-says/articleshow/93664088.cms,"Withdrawal of accommodation cannot refer to the withdrawal of the pandemic era accommodation, but it can only mean withdrawal of the pre-pandemic accommodation that began with the rate cut from 6.50% to 6.25% in February 2019, Varma said. ""A plain reading of this resolution would then be that the MPC is focused on taking the repo rate back to 6.50%,"" he said.",Neutral,0.12975940108299255,0.27278387546539307,0.5974567532539368
Banks need to brace for tighter liquidity ahead,https://economictimes.indiatimes.com/news/economy/policy/rbi-signals-tighter-liquidity-ahead/articleshow/96060089.cms,"Currently, liquidity in the banking system remains in surplus with the average absorption under the liquidity adjustment facility (LAF) at Rs 1.4 lakh crore, though down from the average of Rs 2.2 lakh crore during August-September. MSF is an emergency window for banks to borrow from RBI. The MSF rate is pegged 25 basis points above the repo rate and currently is at 6.50%.",Negative,0.011959128081798553,0.9738274216651917,0.014213346876204014
MPC's communication: How disparate perspectives can bring about better & more informed outcomes,https://economictimes.indiatimes.com/opinion/et-commentary/mpcs-communication-how-disparate-perspectives-can-bring-about-better-more-informed-outcomes/articleshow/95836405.cms,"Monetary policy scholars point out that anchoring Indian inflation expectations may not take time if central bank communications are good and supply shocks are favourable, since these have a large impact on household inflation expectations. It follows that the role of accurate forecasts in guiding expectations becomes crucial.",Neutral,0.2928943336009979,0.14324600994586945,0.5638596415519714
Minimum GSec holding limit for banks to be cut by 125 bps,https://economictimes.indiatimes.com/markets/stocks/news/minimum-gsec-holding-limit-for-banks-to-be-cut-by-125-bps/articleshow/66964391.cms,The central bank has also adjusted the CRR calculation mechanism to enhance efficiencies.,Positive,0.9173327684402466,0.009625812061131,0.07304146885871887
RBI may raise rates only in FY23: BofA Securities,https://economictimes.indiatimes.com/markets/stocks/news/rbi-may-raise-rates-only-in-fy23-bofa-securities/articleshow/81176013.cms,"""We expect the RBI MPC to remain on hold in FY'22, with oil prices rising, and hike rates by 100bps in FY'23"" said Indranil Sengupta, chief India economist, BofA Securities.",Negative,0.025993790477514267,0.8577522039413452,0.11625398695468903
What to read into RBI’s money policy review: 5 key takeaways,https://economictimes.indiatimes.com/markets/stocks/news/what-to-read-into-rbis-money-policy-review-5-key-takeaways/articleshow/62819708.cms,Reverse repo rate has been retained at 5.75%. The MPC voted 5-1 in favour of a status quo.,Positive,0.6730231046676636,0.043259210884571075,0.28371763229370117
"RBI surprises markets, holds repo rate at 6.5%; stance turns hawkish",https://economictimes.indiatimes.com/markets/stocks/news/rbi-surprises-markets-holds-repo-rate-at-6-5-stance-turns-hawkish/articleshow/66084313.cms,The MPC opted to take a pause after hiking the rates in last two successive policy meets.,Neutral,0.1406451016664505,0.3140625059604645,0.5452924370765686
"Govt taking steps to cap food prices, curb rise in fiscal deficit: MPC member Ashima Goyal",https://economictimes.indiatimes.com/news/economy/indicators/govt-taking-steps-to-cap-food-prices-curb-rise-in-fiscal-deficit-mpc-member-ashima-goyal/articleshow/103073029.cms,"According to Ashima Goyal, an external member of the Monetary Policy Committee, the recent surge in food prices is unlikely to cause general inflation. The government is taking measures to control food prices while also monitoring its fiscal deficit, she said. Goyal stated that the conditions that led to inflation in 2007-13, such as high food inflation and large fiscal deficits, are not present now.",Negative,0.2919003367424011,0.578119695186615,0.12997998297214508
RBI likely to go for 25 bps rate cut,https://economictimes.indiatimes.com/news/economy/policy/rbi-likely-to-go-for-25-bps-rate-cut/articleshow/120044293.cms,"Economists unanimously forecast the Reserve Bank of India to cut the policy interest rate by 25 basis points due to easing domestic inflation. However, opinions are divided on the shift to a monetary stance amid global trade uncertainty and volatile market conditions.",Negative,0.03835049271583557,0.8832265138626099,0.07842295616865158
RBI's newly-constituted MPC to meet for 3-days beginning Wednesday; Decision on October 9,https://economictimes.indiatimes.com/news/economy/policy/rbi-to-hold-policy-meeting-from-october-7-to-october-9/articleshow/78509141.cms,"On September 28, the RBI had postponed the meeting of the Monetary Policy Committee (MPC), which must have a quorum of four, as the appointment of independent members was delayed.",Negative,0.010517260059714317,0.8520907163619995,0.13739195466041565
RBI likely to maintain status quo in upcoming policy review,https://economictimes.indiatimes.com/markets/stocks/news/rbi-likely-to-maintain-status-quo-in-upcoming-policy-review/articleshow/78347111.cms,"RBI governor Shaktikanta Das had earlier said although there was headroom for further monetary policy action, it was important to keep ""our arsenal dry and use it judiciously.""",Neutral,0.224904403090477,0.07308577746152878,0.7020097970962524
Coronavirus has RBI worried; Das says India needs contingency plan,https://economictimes.indiatimes.com/markets/stocks/news/coronavirus-has-rbi-worried-das-says-need-contingency-plan/articleshow/73980240.cms,MPC in a statement said the virus may impact tourist arrivals in India and global trade.,Negative,0.009559166617691517,0.9589591026306152,0.03148173540830612
How Shaktikanta Das plans to win India's reluctant consumer back,https://economictimes.indiatimes.com/news/economy/policy/how-shaktikanta-das-plans-to-win-indias-reluctant-consumer-back/articleshow/73978391.cms,"The RBI has relaxed the cash reserve ratio to boost lending to auto, housing and MSMEs.",Positive,0.7922654747962952,0.0639539510011673,0.14378061890602112
Who's defaulting more on home loans? Those who borrow less than Rs 2 lakh,https://economictimes.indiatimes.com/news/economy/policy/rbi-to-tighten-low-ticket-affordable-housing-norms/articleshow/64478344.cms,"The RBI conducted an analysis of housing loans data wherein it said the level of NPAs for the ticket size of up to Rs 2 lakh was high and ""is rising briskly"".",Positive,0.8743535876274109,0.0208249744027853,0.10482139140367508
"What is RBI trying to achieve with GSAP, VRRR and all that",https://economictimes.indiatimes.com/markets/bonds/what-is-rbi-trying-to-achieve-with-gsap-vrrr-and-all-that/articleshow/81949442.cms,"It is well-understood that the current level of overnight rates is too low and, thus, has limited shelf-life.",Negative,0.014786824584007263,0.8701825141906738,0.1150306910276413
RBI to soon release discussion paper on flexible inflation targeting framework,https://economictimes.indiatimes.com/news/economy/policy/rbi-to-soon-release-discussion-paper-on-flexible-inflation-targeting-framework/articleshow/123145191.cms,"The Reserve Bank of India is set to release a discussion paper on its flexible inflation targeting (FIT) framework, which mandates maintaining CPI inflation at 4% with a +/- 200 basis points band. As the current target is valid until March 2026, the review will involve public consultation and government input, considering the debate around targeting non-food inflation.",Neutral,0.08041656762361526,0.034576304256916046,0.8850070834159851
"A new era of financial oversight and regulation is here, says RBI Deputy Governor",https://economictimes.indiatimes.com/news/economy/policy/a-new-era-of-financial-oversight-and-regulation-is-here-says-rbi-deputy-governor/articleshow/123408853.cms,"The Reserve Bank of India is transitioning towards principle and outcome-based regulations to offer regulated entities greater operational flexibility. This shift, as highlighted by Deputy Governor M Rajeshwar Rao, aims to foster innovation while ensuring consumer protection and financial system resilience. The RBI emphasizes leveraging technology and collaboration to adapt to the evolving financial landscape.",Positive,0.6924211084842682,0.009170220699161291,0.2984086275100708
"Bond yields surge; attractive opportunities emerging in SDLs, says PGIM India MF’s Puneet Pal",https://economictimes.indiatimes.com/markets/bonds/bond-yields-surge-attractive-opportunities-emerging-in-sdls-says-pgim-india-mfs-puneet-pal/articleshow/123825388.cms,"Indian bond yields surged in August, particularly for long-term and state government securities, driven by demand-supply issues and fiscal concerns. Despite a sovereign rating upgrade from S&P, worries about GST rationalization and fiscal deficits persist.",Positive,0.9317479729652405,0.04901444911956787,0.019237637519836426
"F&O Ban: Indiabulls Housing, Manappuram Finance, India Cements under ban on Thursday",https://economictimes.indiatimes.com/markets/stocks/news/fo-ban-indiabulls-housing-manappuram-finance-india-cements-under-ban-on-thursday/articleshow/100837197.cms,"Three stocks, Indiabulls Housing Finance Company, Manappuram Finance and India Cements, will be banned from the trade for Thursday under the future & options (F&O) contracts, despite still being available for the cash market. The F&O contracts of a stock go into ban phase when the open interest exceeds 95% of the market-wide position limits, with the ban only lifted when it falls below 80%. Both the S&P BSE Sensex and Nifty50 indices finished Wednesday's trading higher, ahead of the RBI policy to be published later in the week.",Negative,0.012777251191437244,0.7427559494972229,0.24446673691272736
Rupee off 2-month highs on US dollar short-covering; RBI policy in focus,https://economictimes.indiatimes.com/markets/forex/rupee-off-2-month-highs-on-us-dollar-short-covering-rbi-policy-in-focus/articleshow/19836654.cms,Dealers said dollar demand from oil importers also hurt the rupee while the euro's losses added to the negative sentiment.,Negative,0.017232706770300865,0.9530074596405029,0.029759734869003296
Rupee steady against US dollar in early trade; gilts await RBI policy outcome,https://economictimes.indiatimes.com/markets/forex/rupee-steady-against-us-dollar-in-early-trade-gilts-await-rbi-policy-outcome/articleshow/88066079.cms,"“We have consolidated to a very tight range. From the lows of 75.20 against the US dollar, we have come back roughly to the 75-per dollar level where there is also some degree of exporter selling,” a dealer with a state-owned bank said on condition of anonymity.",Positive,0.8041101098060608,0.15777337551116943,0.03811643645167351
Rupee can find strong support near 53.70 levels ahead of RBI policy,https://economictimes.indiatimes.com/markets/forex/rupee-can-find-strong-support-near-53-70-levels-ahead-of-rbi-policy/articleshow/19014651.cms,USD/INR depreciated by 2.8% (from 53.61 to 55.13) in just 2 days; whereas it was seen taking more than 15 days to appreciate by 2.1% (from 55.13 to 53.97).,Positive,0.8605712056159973,0.11880499869585037,0.020623765885829926
"FIIs lap up put options in run-up to Federal Reserve, RBI policy meets",https://economictimes.indiatimes.com/markets/stocks/news/fiis-lap-up-put-options-in-run-up-to-federal-reserve-rbi-policy-meets/articleshow/48751937.cms,"Purchase of Nifty options, comprising mostly puts, soared to Rs 11,500 crore in August, the highest it has reached so far this year.",Positive,0.9314396381378174,0.019649729132652283,0.04891062155365944
Bank of Baroda passes on 25 bps rate cut to customers,https://economictimes.indiatimes.com/industry/banking/finance/banking/bank-of-baroda-passes-on-25-bps-rate-cut-to-customers/articleshow/120164512.cms,"Bank of Baroda has announced a reduction in its lending rates. This follows the Reserve Bank of India's decision to cut policy rates. The rate cut will benefit retail and MSME loan customers. The bank has reduced its external benchmark-linked lending rates by 25 basis points. However, the marginal cost of funds-based lending rate remains unchanged at 9 percent.",Positive,0.8007330894470215,0.061404142528772354,0.1378626823425293
"RBI will act on rate cut after taking a look at Budget 2015: Indranil Pan, Kotak Mahindra Bank",https://economictimes.indiatimes.com/opinion/interviews/rbi-will-act-on-rate-cut-after-taking-a-look-at-budget-2015-indranil-pan-kotak-mahindra-bank/articleshow/46106690.cms,The bonanza that the government is collecting from the oil actually gets translated into a rightful increase on the infrastructure space.,Positive,0.7815792560577393,0.015585171990096569,0.2028355598449707
GIFT Nifty up 200 points; here's the trading setup for today's session,https://economictimes.indiatimes.com/markets/stocks/news/pre-market-action-heres-the-trade-setup-for-todays-session/articleshow/120534664.cms,"Indian equities closed positively, buoyed by sustained buying interest and supportive RBI policies, despite global market caution. Analysts anticipate a continued upward trend, fueled by hopes of an India-US trade agreement, consistent FII buying, and accommodative RBI measures. The short-term bullish outlook remains, targeting 24,500, with support at 24,000.",Positive,0.9498351216316223,0.02517686877399683,0.024987945333123207
"Why the stock market fell today? Sensex tanks 636 pts, Nifty below 24,550 — 6 key reasons behind the decline",https://economictimes.indiatimes.com/markets/stocks/news/why-is-the-stock-market-falling-today-sensex-tanks-700-pts-nifty-slips-below-24550-6-key-reasons-behind-the-decline/articleshow/121592303.cms,Stock Market Crash: Indian stock markets faced a downturn. Sensex and Nifty50 declined due to struggles in finance and IT. Global trade worries and US fiscal issues contributed. Donald Trump's tariff plans impacted metal exporters. Weak global data and anticipation of the RBI policy added pressure. US debt concerns and volatile oil prices further dampened sentiment.,Negative,0.35155560448765755,0.5709478184580803,0.07749659568071365
"RBI keeps policy rate unchanged, hikes reverse repo rate by 25 bps, cuts MSF rate to 6.5%",https://economictimes.indiatimes.com/markets/stocks/news/rbi-hikes-reverse-repo-rate-by-25-bps-cuts-msf-rate-to-6-5/articleshow/58045079.cms,The most significant part of Thursday’s money policy review was the move to allow banks to invest in real estate investment trusts (REITs).,Neutral,0.11994021385908127,0.011506861075758934,0.8685528635978699
"RBI keeps repo, reverse repo rate unchanged; says continued policy support warranted",https://economictimes.indiatimes.com/markets/stocks/news/mpc-keeps-repo-reverse-repo-rate-unchanged-reiterates-need-to-support-economic-growth/articleshow/88157311.cms,The Committee also voted to retain the accommodative stance of monetary policy in order to ensure that the economy recovers sustainably following the damage inflicted by the coronavirus pandemic.,Positive,0.6142387390136719,0.02483416721224785,0.3609270751476288
Monetary Policy Committee decisions: Full view of what happened at RBI's August policy meeting,https://economictimes.indiatimes.com/news/economy/policy/monetary-policy-committee-decisions-full-view-of-what-happened-at-rbis-august-policy-meeting/articleshow/102599486.cms,"The six-member monetary policy committee voted unanimously to keep the key repo rate, the rate at which it lends to banks, unchanged at 6.5 percent and one member dissented on the monetary stance of focusing on withdrawal of accommodation.",Negative,0.05883412063121796,0.757895827293396,0.18326997756958008
Here’s how you can save on interest after RBI’s repo rate cut,https://economictimes.indiatimes.com/wealth/borrow/heres-how-you-can-save-on-interest-after-rbis-repo-rate-cut/articleshow/121688891.cms,"Banks like Canara or UCO have already cut rates to 7.75%, but some private banks may take a few months to pass on the full benefit, so check with your lender. With reduced EMIs, you can use the extra money for daily expenses, savings, or paying off your loan faster to save more interest.",Neutral,0.1607317328453064,0.017292853444814682,0.8219754695892334
RBI’s hawkish monetary policy signals distant rate cuts,https://economictimes.indiatimes.com/markets/stocks/news/rbis-hawkish-monetary-policy-signals-distant-rate-cuts/articleshow/100848083.cms,"The Reserve Bank of India (RBI) has reiterated its policy stance of focusing on withdrawal of accommodation and inflation control while supporting growth. The RBI Governor highlighted positive macro fundamentals in India, despite inflation being projected to be above the target. The Monetary Policy Committee (MPC) has maintained its growth projection for FY2024 at 6.5%, with quarter projections adjusted slightly. An extended pause on rate hikes is expected, with the focus being on bringing down CPI inflation to the 4% target. The liquidity scenario has improved after the withdrawal of INR2,000 notes from circulation.",Neutral,0.36625445385773975,0.234305656204621,0.39943984150886536
How monetary policy has pivoted to a more flexible interpretation of inflation-targeting regime,https://economictimes.indiatimes.com/opinion/et-commentary/how-monetary-policy-has-pivoted-to-a-more-flexible-interpretation-of-inflation-targeting-regime/articleshow/99362164.cms,"Why did RBI pause its tightening streak? What would be its future course of action? Will it continue to pause, raise or lower the policy rates in the coming months? The recent pause can be attributed to a number of factors.",Neutral,0.046828879664341606,0.31526662906010944,0.6379044651985168
RBI keeps status quo on rates; rows back on excess liquidity,https://economictimes.indiatimes.com/markets/stocks/news/rbi-keeps-policy-rates-untouched-stance-remains-accommodative-as-long-as-necessary/articleshow/86859971.cms,"The policy repo rate, or the rate at which RBI lends to banks, is kept at 4% after the six-member MPC voted unanimously in favour of a status quo, while the reverse repo rate remains at 3.35%.",Neutral,0.03977230563759804,0.04672747105360031,0.9135002493858337
"As RBI hikes rates, bet on target maturity, dynamic bonds",https://economictimes.indiatimes.com/markets/stocks/news/as-rbi-hikes-rates-bet-on-target-maturity-dynamic-bonds/articleshow/92100998.cms,"Policy focus is now firmly on calibrated withdrawal of accommodation to ensure inflation remains within the target going forward while supporting growth. This is reflected in the forward guidance, where the reference to ‘remaining accommodative’ has been dropped. These decisions align to achieve the medium-term target for consumer price index (CPI) inflation of 4% within a band of +/- 2%, while supporting growth.",Neutral,0.3171703051775694,0.11028872989118099,0.5725409835577011
"RBI moving cautiously on CBDC, won't launch in haste: Shaktikanta Das",https://economictimes.indiatimes.com/news/economy/policy/rbi-moving-cautiously-on-cbdc-wont-launch-in-haste-shaktikanta-das/articleshow/89478230.cms,"Governor Das reiterated his warning that other crypto currencies would harm financial and economic stability and that investors are taking risks in investing them. Das likened cryptos to the tulipmania, a speculative bubble which took place in the 17th century when Dutch investors purchased tulips, pushing their prices to unprecedented highs.",Negative,0.06887843832373619,0.5529985129833221,0.3781230226159096
"RBI, keep your powder dry: Why MPC should preferably ‘do nothing’ this time",https://economictimes.indiatimes.com/opinion/et-commentary/rbi-keep-your-powder-dry-why-mpc-should-preferably-do-nothing-this-time/articleshow/120043168.cms,"RBI Governor Sanjay Malhotra faces a crucial decision at the MPC's 3-day meet amid uncertainty from Trump's tariffs. With the potential inflation impact still uncertain, there's a call for caution. Growth estimates remain robust, but food inflation could rise in summer. Historically, decisions made in haste bear repercussions, indicating that a wait-and-watch approach might be best.",Negative,0.2959215175360441,0.4243813455104828,0.2796971034258604
Reserve Bank of India may cut rates by only 25 bps in FY18: ET poll,https://economictimes.indiatimes.com/news/economy/policy/reserve-bank-of-india-may-cut-rates-by-only-25-bps-in-fy18-et-poll/articleshow/59059736.cms,"The participants, all top fund managers, were split on issue of whether Centre was right in calling MPC members for discussion ahead of policy meet.",Negative,0.02849520370364189,0.8268411159515381,0.1446637362241745
RBI likely to leave repo rate unchanged in August policy meet: SBI Report,https://economictimes.indiatimes.com/news/economy/policy/rbi-likely-to-leave-repo-rate-unchanged-in-august-policy-meet-sbi-report/articleshow/77277687.cms,"""We believe an August rate cut is unlikely. We believe that the MPC could now well debate what further unconventional policy measures could be resorted to in the current circumstances to ensure financial stability is continued to be addressed,"" an SBI research report- Ecowrap said.",Negative,0.2898949384689331,0.5520098805427551,0.15809522569179535
RBI Governor Shaktikanta Das says global trade rebounding; pitches for policy support for exports sector,https://economictimes.indiatimes.com/news/economy/foreign-trade/rbi-governor-says-global-trade-rebounding-pitches-for-policy-support-for-exports-sector/articleshow/83228331.cms,"Indian exports fell by 7.2 per cent in value terms in FY21, as the world wrestled with the COVID pandemic which had a severe impact to consumption because of the lockdowns and consequently to global trade. The exports had surged by more than 60 per cent in March to USD 34.45 billion as against USD 21.49 billion in the year-ago period.",Negative,0.47710858448408544,0.5021373871713877,0.0207540737465024
"RBI's policy review: Status-quo on interest rate likely amid inflation concerns and Middle East crisis, say experts",https://economictimes.indiatimes.com/news/economy/policy/rbis-policy-review-status-quo-on-interest-rate-likely-amid-inflation-concerns-and-middle-east-crisis-say-experts/articleshow/113982358.cms,The RBI is expected to keep interest rates unchanged in its upcoming policy review due to ongoing inflation concerns and uncertainties in the Middle East. Experts suggest any easing of rates could happen in December. The reconstituted Monetary Policy Committee will hold its first meeting next week to discuss and decide the course.,Neutral,0.030702216550707817,0.44063797779381275,0.5286598056554794
"Rupee plummets to 7-month low, down 38 paise to end at 61.53 vs US dollar",https://economictimes.indiatimes.com/markets/forex/rupee-plummets-to-7-month-low-down-38-paise-to-end-at-61-53-vs-us-dollar/articleshow/43814461.cms,Sustained capital outflows also kept the rupee under pressure while some weakness in dollar overseas was not able to stem the rupee fall.,Negative,0.03573494777083397,0.9478612542152405,0.016403723508119583
Realtors unhappy over status quo in monetary policy,https://economictimes.indiatimes.com/wealth/personal-finance-news/realtors-unhappy-over-status-quo-in-monetary-policy/articleshow/43912644.cms,"CBRE South Asia Chairman & MD Anshuman Magazine said: ""The RBI's move of keeping base rates unchanged was expected by the industry"".",Neutral,0.43005579710006714,0.06959285587072372,0.5003513693809509
Nomura sees 0.25% rate cut in April by RBI,https://economictimes.indiatimes.com/news/economy/indicators/nomura-sees-0-25-rate-cut-in-april-by-rbi/articleshow/50720978.cms,"With inflation remaining under its 6 per cent target and oil prices falling, the Reserve Bank is likely to go for a final interest rate cut of 25 basis points in April.",Negative,0.10649728775024414,0.736601710319519,0.15690100193023682
Govt likely to roll back stimulus,https://economictimes.indiatimes.com/news/economy/policy/govt-likely-to-roll-back-stimulus/articleshow/7552854.cms,"In response to a Parliament question, minister of state for finance Namo Narain Meena said that rolling back of fiscal stimulus and RBI's policy measures to curb excess liquidity would help the government pin down high inflation.",Positive,0.8208540678024292,0.11362385749816895,0.06552206724882126
"Expect RBI to cut repo rate by 25 bps on May 3: Rajeev Malik, CLSA",https://economictimes.indiatimes.com/opinion/interviews/expect-rbi-to-cut-repo-rate-by-25-bps-on-may-3-rajeev-malik-clsa/articleshow/19832486.cms,"""Obviously markets have flip-flopped since the last RBI policy statement in March, which was misinterpreted in my opinion to be less dovish.""",Negative,0.052719078958034515,0.8241056203842163,0.12317533791065216
GIFT Nifty down 25 points; here's the trading setup for today's session,https://economictimes.indiatimes.com/markets/stocks/news/gift-nifty-down-25-points-heres-the-trading-setup-for-todays-session/articleshow/104110560.cms,"The rupee appreciated 13 paise to settle at 83.06 against the US dollar on Friday, boosted by a firm trend in equity markets and a sharp correction in the greenback against major rivals overseas.",Positive,0.9325234293937683,0.040390029549598694,0.02708650566637516
Earnings will continue to grow at 15%-16% in next two years: Pankaj Pandey,https://economictimes.indiatimes.com/markets/expert-view/earnings-will-continue-to-grow-at-15-16-in-next-two-years-pankaj-pandey/articleshow/102593426.cms,"So obviously, inflation outlook could get revised and it is possible that the RBI might maintain some bit of a hawkish stance. But I think nothing major changes we would expect overall.",Negative,0.059060871601104736,0.5304127931594849,0.4105263650417328
Interest rate cycle close to peaking in India: Rajeev Radhakrishna,https://economictimes.indiatimes.com/markets/expert-view/interest-rate-cycle-close-to-peaking-in-india-rajeev-radhakrishna/articleshow/94385501.cms,"For us, the impact is mostly going to come through the currency route, which the Monetary Policy Committee should factor in. Dollar strength will weigh on us as we are net importers with consumer inflation above the target range alongside continuing dependency on capital flows on the overall balance of payments.",Neutral,0.06430242024362087,0.45412380434572697,0.48157381638884544
Rupee surges 23 paise to 75.80 against US dollar post RBI policy decision,https://economictimes.indiatimes.com/markets/forex/rupee-surges-23-paise-to-75-80-against-us-dollar-post-rbi-policy-decision/articleshow/90723101.cms,"At the interbank foreign exchange, the rupee opened at 75.99 against the US dollar, gained further momentum and touched 75.80 against the American currency, registering a rise of 23 paise from the previous close.",Positive,0.947559118270874,0.024907223880290985,0.02753373421728611
Rupee opens 4 paise higher against dollar at 64.32 ahead of RBI policy meet,https://economictimes.indiatimes.com/markets/forex/rupee-opens-4-paise-higher-against-dollar-at-64-32-ahead-of-rbi-policy-meet/articleshow/59012010.cms,The benchmark 6.97% 2026 bond yield rose to 6.65% on June 5 from 6.63% in the previous session.,Positive,0.9506389498710632,0.02517772652208805,0.02418333850800991
"Sensex sheds 119 pts; Nifty slips below 9,650 ahead of RBI policy outcome",https://economictimes.indiatimes.com/markets/stocks/news/sensex-sheds-119-pts-nifty-slips-below-9650-ahead-of-rbi-policy-outcome/articleshow/59018213.cms,"ITC, Tata Motors and Reliance Industries contributed most to the fall in the index.",Negative,0.00714064110070467,0.9707818031311035,0.022077560424804688
Tech View: Nifty awaiting upside breakout. What traders should do on Thursday expiry,https://economictimes.indiatimes.com/markets/stocks/news/tech-view-nifty-awaiting-upside-breakout-what-traders-should-do-on-thursday-expiry/articleshow/107494201.cms,Nifty on Wednesday ended flat with a gain of just one point and formed a small negative candle with a lower shadow on the daily chart ahead of the RBI policy outcome tomorrow.,Negative,0.01662568189203739,0.9554768204689026,0.02789754420518875
Indian bond yields eye state debt auction demand for cues,https://economictimes.indiatimes.com/markets/bonds/india-bonds-indian-bond-yields-eye-state-debt-auction-demand-for-cues/articleshow/100782779.cms,"Indian government bond yields were stable in the early session as investors await cues from demand at the state debt auction of INR173bn ($2.09bn). This follows New Delhi's plan to borrow INR390bn via bond sale on Friday. The Reserve Bank of India’s (RBI) upcoming monetary policy decision also looms over the bond market. While experts predict that the central bank will leave the interest rate untouched at 6.50%, focus remains on the RBI's approach to liquidity management, coupled with its policy stance.",Neutral,0.08795521408319473,0.06739246845245361,0.8446523547172546
Rupee opens 13 paise up at 70.80 against dollar,https://economictimes.indiatimes.com/markets/forex/rupee-opens-13-paise-up-at-70-80-against-dollar/articleshow/71269946.cms,Market participants will now shift their focus on the RBI policy meeting.,Neutral,0.0443168468773365,0.07296007871627808,0.8827231526374817
"RBI’s wise men and women of MPC are all good, but let’s unleash fiscal entertainers",https://economictimes.indiatimes.com/opinion/et-commentary/taylor-swifts-can-give-the-economy-a-bump-n-grind/articleshow/102659098.cms,"RBI’s wise men and women of MPC are all good, but let’s unleash fiscal entertainers. Taylor Swift's US tour 'could generate $4.6 billion in total consumer spending, larger than the GDP of 35 countries', according to the Common Sense Institute's July 2023 report.",Positive,0.8479457497596741,0.009677611291408539,0.14237666130065918
Guv Das responds to SBI note about excess liquidity; says banks must do own risk assessment,https://economictimes.indiatimes.com/markets/stocks/news/guv-das-responds-to-sbi-note-about-excess-liquidity-says-banks-must-do-own-risk-assessment/articleshow/86863302.cms,"In mid-September, SBI Economic Research said when other costs are taken into account, banks are facing significant pressure on margins because of the low market rates caused by surplus liquidity in the banking system.",Negative,0.012958047911524773,0.9641954898834229,0.022846536710858345
RBI launches industrial outlook survey for Jul-Sept 2011,https://economictimes.indiatimes.com/news/economy/policy/rbi-launches-industrial-outlook-survey-for-jul-sept-2011/articleshow/9469284.cms,The assessment of business sentiments for the present quarter and expectations for the ensuing quarter are based on qualitative responses to 20 major parameters.,Neutral,0.04606885462999344,0.03717246651649475,0.9167587161064148
Why RBI could raise repo rates by up to 25-30 bps in December,https://economictimes.indiatimes.com/markets/stocks/news/why-rbi-could-raise-repo-rates-by-up-to-25-30-bps-in-december/articleshow/95998343.cms,"Exports may be dented further due to the global slowdown but, the rupee is likely to appreciate with the expectation on a moderating pace of rate cuts by US Fed and softening of crude oil prices.",Positive,0.8362901210784912,0.13718612492084503,0.02652379311621189
"RBI reviewing framework that can help determine appropriate level of risk provisions, surplus distribution",https://economictimes.indiatimes.com/news/economy/policy/rbi-reviewing-framework-that-can-help-determine-appropriate-level-of-risk-provisions-surplus-distribution/articleshow/118025875.cms,"The central bank is currently reviewing its economic capital framework, last updated in 2019, which determines risk provisions and surplus distribution. This revision, due in August 2024, will consider recommendations from an expert committee. The RBI has maintained a 6.5% contingent risk buffer as of March 31, 2024.",Neutral,0.05678863823413849,0.023584758397191763,0.9196265935897827
National Automated Clearing House to be available on all days from August 1: RBI,https://economictimes.indiatimes.com/industry/banking/finance/banking/national-automated-clearing-house-to-be-available-on-all-days-from-august-1-rbi/articleshow/83229055.cms,"NACH facilitates one-to-many credit transfers such as payment of dividend, interest, salary and pension. It also facilitates collection of payments pertaining to electricity, gas, telephone, water, periodic instalments towards loans, investments in mutual funds and insurance premium.",Neutral,0.02745874598622322,0.01897650770843029,0.9535647034645081
"Monetary policy meet: RBI declares intent to keep borrowing costs low for govt, corporates",https://economictimes.indiatimes.com/news/economy/policy/monetary-policy-meet-rbi-declares-its-determination-to-keep-borrowing-costs-low-for-govt-corporates/articleshow/83227461.cms,The MPC decisions were in line with expectations. An ET poll showed that there would be a status quo on rates and stance and a possibility of reduction in growth projections.,Negative,0.03129472956061363,0.9355255961418152,0.03317973390221596
Brokerages still see scope for one more cut in the repo rate,https://economictimes.indiatimes.com/markets/stocks/news/brokerages-still-see-scope-for-one-more-cut-in-the-repo-rate/articleshow/77426775.cms,Some brokerages see scope for one more rate cut but said the central bank’s focus is likely to be on financial stability measures.,Neutral,0.21105609834194183,0.34501978754997253,0.4439241886138916
MPC minutes: RBI governor says economic activity clearly losing traction,https://economictimes.indiatimes.com/markets/stocks/news/mpc-minutes-rbi-governor-says-economic-activity-clearly-losing-traction/articleshow/69876663.cms,"MPC members are concerned about India’s economic growth, inflation and global trade war.",Negative,0.012817046605050564,0.9271573424339294,0.060025714337825775
Tata Sons missing IPO deadline: RBI says an entity can continue to do biz till registration isn't cancelled,https://economictimes.indiatimes.com/news/company/corporate-trends/tata-sons-missing-ipo-deadline-rbi-says-an-entity-can-continue-to-do-biz-till-registration-isnt-cancelled/articleshow/124254764.cms,"RBI Governor Sanjay Malhotra said that an entity can continue business until its registration is cancelled, amid speculation over Tata Sons' non-compliance with the listing mandate. Tata Sons had sought to surrender its CIC registration to avoid listing, a requirement for Upper Layer NBFCs by September 30, which all other entities met.",Negative,0.00997967179864645,0.9385931491851807,0.05142712965607643
Five stocks that exhibit strong upside on increased volumes,https://economictimes.indiatimes.com/markets/stocks/news/five-stocks-that-exhibit-strong-upside-on-increased-volumes/articleshow/54727641.cms,"Amidst the uncertainty, a handful of stocks such as ACC, Sintex Industries, Mphasis, Hikal have seen consistent increase in stock prices and delivery volumes.",Positive,0.9565290808677673,0.019889526069164276,0.02358141541481018
"UBS sees Nifty at 8,200 by yr-end, more earnings downgrades",https://economictimes.indiatimes.com/markets/stocks/news/ubs-sees-nifty-at-8200-by-yr-end-more-earnings-downgrades/articleshow/50449386.cms,"UBS' most-favoured sectors are retail private banks, NBFCs, pharmaceuticals, oil & gas petrochemicals, coal, telecom, auto parts",Neutral,0.06456895172595978,0.011760590597987175,0.9236704707145691
"RBI rate hike like an insurance policy, erring on side of caution: Nilesh Shah, Kotak AMC",https://economictimes.indiatimes.com/markets/expert-view/rbi-rate-hike-like-an-insurance-policy-erring-on-side-of-caution-nilesh-shah-kotak-amc/articleshow/97724599.cms,"“RBI had the choice of raising rates or not raising rates both would have been acceptable but they preferred to err on the side of caution and raised rates by 25 bps. They could have probably made the stance more neutral, more nuanced towards growth but they are taking it based on the data coming through.”",Neutral,0.18599480390548706,0.09781979769468307,0.7161853909492493
"Swaps shut the door on India rate cuts, growth-inflation outlook lifts longer tenors",https://economictimes.indiatimes.com/markets/stocks/news/swaps-shut-the-door-on-india-rate-cuts-growth-inflation-outlook-lifts-longer-tenors/articleshow/128195383.cms,"India's overnight indexed swaps signal that the central bank's rate-cut cycle has likely run its course, anchoring short-term rates, while longer-tenor rates are being pulled higher on expectations of firmer inflation and robust growth.",Positive,0.5236424207687378,0.4340497553348541,0.04230784624814987
BoB slashes deposit rates by 0.25-0.75 per cent,https://economictimes.indiatimes.com/industry/banking/finance/banking/bob-slashes-deposit-rates-by-0-25-0-75-per-cent/articleshow/4576436.cms,State-run Bank of Baroda today reduced interest rates on its various maturity deposits by 0.25-0.75 per cent.,Negative,0.019238818436861038,0.8730809688568115,0.10768019407987595
25 basis point CRR hike likely: ICICI Securities,https://economictimes.indiatimes.com/markets/stocks/recos/25-basis-point-crr-hike-likely-icici-securities/articleshow/5787635.cms,"ET Now talks to Piyush Garg, Chief Investment Officer, ICICI Securities on RBI policy.",Neutral,0.05321044474840164,0.016537543386220932,0.9302520155906677
"Last week, gilt yields reversed previous trends",https://economictimes.indiatimes.com/markets/commodities/last-week-gilt-yields-reversed-previous-trends/articleshow/1797958.cms,"Last week, gilt yields reversed previous trends and closed on the lower side, helped by a fall in global oil prices, speculations of a pause in US Fed rate hike and on hopes of steady interest rates at the RBI policy review.",Positive,0.5262501835823059,0.4423258900642395,0.03142396733164787
Rupee opens 6 paise down at 73.67 against dollar,https://economictimes.indiatimes.com/markets/forex/rupee-opens-6-paise-down-at-73-67-against-dollar/articleshow/78358417.cms,"On the domestic front, the focus will be on fiscal deficit number that will be released this week and widening fiscal deficit could keep the rupee weighed down against the US dollar. Volatility for the currency is expected to remain low ahead of the important RBI policy statement that will be released this week.",Negative,0.024846388027071953,0.9330087304115295,0.04214487597346306
"Sensex falls 300 pts, Nifty below 24,200 as RBI keeps repo rate unchanged",https://economictimes.indiatimes.com/markets/stocks/news/sensex-falls-300-pts-nifty-below-24250-as-investors-await-rbi-mpc-outcome/articleshow/112362875.cms,"Following the RBI's decision to keep interest rates unchanged and maintain the withdrawal of accommodation stance, Sensex and Nifty saw declines. RBI Governor Shaktikanta Das noted market alignment with RBI policies. Despite steady inflation and GDP growth forecasts, specific stocks like Infosys and Apollo Tyres experienced notable losses. Investors remain cautious amid global economic concerns.",Negative,0.06564227491617203,0.8131452202796936,0.12121245265007019
"Sensex, Nifty trade on volatile note amid geopolitical worries; all eyes on RBI now",https://economictimes.indiatimes.com/markets/stocks/news/sensex-nifty-trade-on-volatile-note-amid-geopolitical-worries-all-eyes-on-rbi-now/articleshow/93313585.cms,"Among Sensex stocks, Infosys gained 0.9 per cent to Rs 1,556.95. HCL Tech, Tech Mahindra and Hindustan Unilever rose 0.75 per cent, 0.65 per cent and 0.46 per cent, respectively. Bajaj Finserv, Wipro, Axis Bank, Bharti Airtel and Reliance Industries edged up to 0.4 per cent higher. Losers included M&M which fell 1.49 per cent to Rs 1,236.55. Kotak Mahindra Bank, Maruti Suzuki, ITC, IndusInd Bank and NTPC dropped up to 1.5 per cent.",Positive,0.6208731854955355,0.33643508329987526,0.04269171506166458
SBI hikes lending rate by 25 bps; loans get costlier,https://economictimes.indiatimes.com/industry/banking/finance/banking/sbi-hikes-lending-rate-by-25-bps-loans-get-costlier/articleshow/8033365.cms,"It has also increased the benchmark prime lending rate by the same extent to 13.25% a year, from 13% now. Banks use the base rate as the benchmark for all loans since July 2010.",Neutral,0.038553908467292786,0.02477240562438965,0.9366737008094788
RBI arm-twisting banks; that’s not how mature financial markets function: Mythili Bhusnurmath,https://economictimes.indiatimes.com/opinion/interviews/rbi-arm-twisting-banks-thats-not-how-mature-financial-markets-function-mythili-bhusnurmath/articleshow/46849195.cms,"""It is very unfortunate that after moving towards deregulation and market forces, the RBI seems to be going back to the policies of the 60s and 70s.""",Neutral,0.034518707543611526,0.42979496717453003,0.5356863141059875
"US consumer strength keeping global markets buoyant, says Chidu Narayanan",https://economictimes.indiatimes.com/markets/expert-view/us-consumer-strength-keeping-global-markets-buoyant-says-chidu-narayanan/articleshow/124205363.cms,"Chidu Narayanan notes robust US consumer-driven growth, with the Fed poised for gradual rate cuts this year and next, aiming for policy normalisation. While tariff-induced inflation is still nascent, India's RBI will likely pause, leveraging strong domestic consumption and a stable rupee against external headwinds. This resilience suggests global growth remains supported despite uncertainties.",Positive,0.8214287459850311,0.0781597662717104,0.10041142255067825
Household savings in India drop to 18.1% of GDP in FY24: CareEdge Ratings,https://economictimes.indiatimes.com/news/economy/indicators/household-savings-in-india-drop-to-18-1-of-gdp-in-fy24-careedge-ratings/articleshow/121862096.cms,"CareEdge Ratings reveals a concerning trend as India's household savings decline for the third year to 18.1% of GDP in FY24, while financial liabilities surge. Rural India offers a positive outlook with rising wage growth and recovering demand, contrasting with pessimistic urban consumer confidence. CPI inflation eases, and expectations of RBI policy rate cuts are anticipated to boost demand recovery.",Negative,0.016916917636990547,0.9741114974021912,0.008971517905592918
"RBI Policy Impact: Sensex falls 365 points let down by financials; Nifty below 19, 450",https://economictimes.indiatimes.com/markets/stocks/news/rbi-impact-sensex-falls-365-points-let-down-by-financials-nifty-below-19-450/articleshow/102645984.cms,"From the Sensex pack, IndusInd Bank, NTPC, Bajaj Finance, Sun Pharma and HUL closed with cuts. On the other hand, HCL Tech, Power Grid, Titan, and Relaince Industries closed with gains. Among individual stocks, Indian Overseas Bank closed 13% higher after the bank said CARE Ratings has assigned a fresh rating of CARE A1 + (A One Plus) to the bank's proposed certificate of deposits of Rs 10,000 crore",Positive,0.6315749188264211,0.32558448985219,0.04284056524435679
"Sensex slips 107 pts dragged by FMCG, metal stocks in run up to key data, RBI policy",https://economictimes.indiatimes.com/markets/stocks/news/sensex-slips-107-pts-dragged-by-fmcg-metal-stocks-in-run-up-to-key-data-rbi-policy/articleshow/102534312.cms,"From the Sensex pack, Power Grid, M&M, JSW Steel, Sun Pharma, Nestle and Relaince Industries closed in the red. The market breadth was skewed in the favour of the bulls. About 1,853 stocks gained, 1,751 declined, and 151 remained unchanged on the BSE.",Neutral,0.08311079442501068,0.34404364228248596,0.5728455781936646
10 key MPC Takeaways: Here's all you need to know about the 'cautious but bullish' RBI policy,https://economictimes.indiatimes.com/news/economy/policy/10-key-mpc-takeaways-heres-all-you-need-to-know-about-a-cautious-but-bullish-rbi-policy/articleshow/100840343.cms,The Reserve Bank of India's (RBI) six-member Monetary Policy Committee (MPC) has decided to keep the benchmark lending rates unchanged for the second straight time. Governor Shaktikanta Das marginally lowered projections for inflation while being bullish on growth. He remained wary of external developments that may affect the trajectory of GDP growth and inflation in the coming months.,Negative,0.03517966717481613,0.7921946048736572,0.17262572050094604
35 basis points repo rate hike looks imminent from RBI policy meet: SBI Research,https://economictimes.indiatimes.com/news/economy/policy/35-basis-points-repo-rate-hike-looks-imminent-from-rbi-policy-meet-sbi-research/articleshow/95995156.cms,"The RBI's three-day monetary policy committee meeting has commenced today. Financial markets will be keenly watching the committee's rate hike stance if any, as inflation is still above the 6 per cent target band. The central bank had already hiked the key policy rate by 190 basis points since May to 5.9 per cent to cool off domestic retail inflation that has stayed above the RBI's upper tolerance limit for over three quarters now. In October, retail inflation was 6.77 per cent as against 7.41 per cent the previous month.",Negative,0.07995690405368805,0.8491086363792419,0.07093453407287598
"RBI policy will have to ensure more liquidity in markets: Rupa Rege Nitsure, L&T Financial Services",https://economictimes.indiatimes.com/markets/expert-view/rbi-policy-will-have-to-ensure-more-liquidity-in-markets-rupa-rege-nitsure-lt-financial-services/articleshow/50805259.cms,"In a chat with ET Now, Rupa Rege Nitsure, L&T Financial Services, says fiscal consolidation need not be achieved at the expense of government capex spending because but by controlling revenue spending",Neutral,0.14535647630691528,0.025916101410984993,0.8287274241447449
"Slow growth & high inflation will keep RBI policy in a bind: Ananth Narayan, Standard Chartered Bank",https://economictimes.indiatimes.com/opinion/interviews/slow-growth-high-inflation-will-keep-rbi-policy-in-a-bind-ananth-narayan-standard-chartered-bank/articleshow/33776689.cms,We were hoping for a softer number on WPI both on the core and the headline. This is a kind of a negative surprise for us.,Negative,0.019545206800103188,0.9303968548774719,0.05005790665745735
India has far more degrees of freedom than Federal Reserve: V Anantha Nageswaran on RBI policy,https://economictimes.indiatimes.com/news/economy/policy/india-has-far-more-degrees-of-freedom-than-federal-reserve-v-anantha-nageswaran-on-rbi-policy/articleshow/81950323.cms,"""Right now, they are locked in certain policies over which they have no control, they have been dragged into fiscal dominance and given that they cannot afford to raise interest rates at all without jeopardising the economy,"" said V Anantha Nageswaran.",Negative,0.015446657314896584,0.944667637348175,0.039885714650154114
"Sensex rallies over 300 points ahead of RBI policy meet, Nifty50 reclaims 8,700",https://economictimes.indiatimes.com/markets/stocks/news/whats-buzzing-on-breakfast-tables-before-opening-bell/articleshow/54648842.cms,"The Nifty50 reclaims its crucial level of 8,650 supported by gains in realty, power, oil & gas, metal, consumer durable, banks, auto and healthcare stocks.",Positive,0.9223679304122925,0.04836433008313179,0.029267754405736923
A key indicator hints at high possibility of policy rate hike today,https://economictimes.indiatimes.com/markets/stocks/news/a-key-indicator-hints-at-high-possibility-of-policy-rate-hike-today/articleshow/64472240.cms,"If the central bank springs any ugly surprise, it is expected to push up yields.",Positive,0.8184887766838074,0.07772358506917953,0.1037876084446907
Reserve Bank to maintain status quo at April meet: Axis Bank Chief Economist,https://economictimes.indiatimes.com/news/economy/policy/reserve-bank-to-maintain-status-quo-at-april-meet-axis-bank-chief-economist/articleshow/90491791.cms,Axis Bank's chief economist Saugata Bhattacharya had earlier expected a tightening action at the policy meet scheduled for April 6-8 but the increased uncertainties on the geopolitical front due to the Russian invasion of Ukraine and its impact on commodity prices makes him now think that RBI will defer such an action.,Negative,0.029450232163071632,0.8445643782615662,0.12598538398742676
World comes huffing to Indian markets,https://economictimes.indiatimes.com/opinion/et-editorial/world-comes-huffing-to-indian-markets/articleshow/106966448.cms,"The Nifty bank and financial services sub-indices are driving the fall in the headline index. Given their weight in Nifty, the effects are considerable. The Nifty technology sub-index is also being affected by fears of a longer credit squeeze in the US as consumer spending remains stronger than expectations. This is part of the heightened volatility in global markets that have run up in anticipation of a soft landing of the US economy.",Negative,0.025364964734762907,0.9355470836162567,0.03908792231231928
The Governor’s gambit: A double order of a big beautiful cut,https://economictimes.indiatimes.com/opinion/et-commentary/the-governors-gambit-a-double-order-of-a-big-beautiful-cut/articleshow/121719623.cms,"The new RBI Governor has adopted an aggressive approach, signaling a departure from incremental measures with a significant rate cut and CRR reduction. This bold move aims to achieve sustainable 8% growth, prioritizing market impact over gradual adjustments. The strategy seeks to influence inflation expectations by delivering impactful changes, potentially causing market volatility but ultimately driving desired economic outcomes.",Positive,0.7771633863449097,0.012139882892370224,0.2106967642903328
"'I learnt to question the status quo,' RBI Governor Sanjay Malhotra says",https://economictimes.indiatimes.com/news/economy/policy/i-learnt-to-question-the-status-quo-rbi-governor-sanjay-malhotra-says/articleshow/122024654.cms,Reserve Bank of India Governor Sanjay Malhotra addressed IIT Kanpur students. He emphasized questioning norms for innovation and efficiency. Malhotra shared his experiences of improving processes by challenging the status quo. He advised graduates to pursue lifelong learning. He also noted the rapid pace of technological advancement. He urged them to build upon their foundation and adapt to change.,Positive,0.7747727632522583,0.017353639006614685,0.2078736126422882
"Rupee depreciation due to strengthening dollar, happened in orderly fashion: RBI Guv",https://economictimes.indiatimes.com/markets/forex/rupee-depreciation-due-to-strengthening-dollar-happened-in-orderly-fashion-rbi-guv/articleshow/93362576.cms,"Das said that the domestic currency has fared much better than EM currencies, adding that the central bank remained watchful and focused on maintaining stability in rupee.",Positive,0.9267169833183289,0.04434020817279816,0.028942732140421867
Loan EMIs likely to reduce: RBI cuts repo rate by 25 bps,https://economictimes.indiatimes.com/wealth/personal-finance-news/good-news-for-borrowers-rbi-cuts-repo-rate-by-25bps/articleshow/67863207.cms,"This is the first time in FY2018-19 that the RBI has cut key policy rates. Earlier, apex bank has hiked the rates twice in June and August 2018 by 25 bps both times.",Positive,0.8387864232063293,0.0660204365849495,0.09519311785697937
"Not just you, even the RBI finds India’s equity market “frothy”",https://economictimes.indiatimes.com/markets/stocks/news/not-just-you-even-the-rbi-finds-indias-equity-market-frothy/articleshow/86862518.cms,Nifty50’s one-year and two-year forward PE multiples are the highest among emerging market economies.,Positive,0.9196258187294006,0.016580628231167793,0.06379354000091553
Higher US tariffs to impact local growth and inflation: RBI boss,https://economictimes.indiatimes.com/markets/stocks/news/higher-us-tariffs-to-impact-local-growth-and-inflation-rbi-bos/articleshow/120144475.cms,"RBI Governor Sanjay Malhotra warned of growth and inflation risks from global tariff wars and policy uncertainties, prompting a downward revision of India's FY26 growth forecast to 6.5%. He emphasized India's relative resilience due to lower export dependence but acknowledged that rising trade frictions remain a growth dampener.",Negative,0.012056092731654644,0.964983344078064,0.022960497066378593
"Latest News: Facebook to hold politicians accountable for disinformation, suspends Donald Trump's account for two years",https://economictimes.indiatimes.com/news/newsblogs/latest-daily-news-and-updates-june-4/liveblog/83222678.cms,Facebook said it will suspend former President Donald Trump's accounts for two years following its finding that he stoked violence ahead of the deadly Jan. 6 insurrection. Facebook also plans to end a contentious policy championed by CEO Mark Zuckerberg that automatically exempted politicians from rules that banned hate speech and abuse. The company has said it has never applied this policy to Trump.,Negative,0.0413976083509624,0.7093705832958221,0.24923183396458626
Reserve Bank of India expected to hold rates this week,https://economictimes.indiatimes.com/opinion/et-commentary/reserve-bank-expected-to-hold-rates-this-week/articleshow/81904487.cms,"But investors would need clarity in communication from Governor Shaktikanta Das on his agenda for the bond markets, which have lately been roiled by hardening yields.",Negative,0.1108831986784935,0.45563042163848877,0.4334864020347595
"RBI joins coronavirus fight with big-bang rate move, EMIs put on hold",https://economictimes.indiatimes.com/news/economy/policy/rbi-joins-coronavirus-fight-rolls-out-big-bang-rate-move/articleshow/74840568.cms,"Make no mistake, it is a fight never seen before, Das warned while outlining the risks to Indian economy .",Neutral,0.12638099491596222,0.30665895342826843,0.5669600963592529
Reserve Bank of India looks for honourable exit,https://economictimes.indiatimes.com/news/economy/policy/reserve-bank-of-india-looks-for-honourable-exit/articleshow/59037431.cms,"If demonetisation had put a question mark on the credibility of RBI, its erroneous prophesy on inflation has left it looking for a course correction.",Negative,0.01414569839835167,0.9408543109893799,0.04500006511807442
ET View: RBI Monetary Policy offers no miracle growth pills,https://economictimes.indiatimes.com/opinion/et-view/et-view-monetary-policy-offers-no-miracle-growth-pills/articleshow/69673134.cms,The government has to bear the brunt of infusing new vigour in the economy.,Neutral,0.2993575930595398,0.028269607573747635,0.6723728179931641
RBI holds repo rate steady at 5.5% amid economic challenges and adjusts GDP growth forecast,https://economictimes.indiatimes.com/news/economy/policy/rbi-holds-repo-rate-steady-at-5-5-amid-economic-challenges-and-adjusts-gdp-growth-forecast/articleshow/124249857.cms,"The Reserve Bank of India kept its policy repo rate unchanged at 5.5% due to tariff challenges, while revising FY26 GDP growth upwards to 6.8%. Governor Sanjay Malhotra announced 22 measures to strengthen the banking sector, including allowing corporate acquisition financing and deferring the ECL framework, aiming to improve credit flow and resilience.",Negative,0.332699179649353,0.35135018825531006,0.3159506320953369
"Sensex ends 716 points higher, Nifty breaks 8-day losing streak. Top 6 factors behind the rally",https://economictimes.indiatimes.com/markets/stocks/news/sensex-nifty-snap-8-day-losing-streak-here-are-top-factors-behind-the-rally-today/articleshow/124251692.cms,"Indian markets rebounded on October 1 after eight sessions of losses. The Reserve Bank of India maintained repo rates, revising inflation forecasts lower. This decision supported investor confidence. Bank stocks saw gains as RBI increased loan limits. The Indian rupee strengthened against the US dollar. Falling crude oil prices and positive global cues also contributed to the market surge.",Positive,0.8908911049365997,0.07288051582872868,0.03622838295996189
"Sensex falls 477 points from day's high on profit booking, ends 25 points lower; all eyes on RBI policy outcome",https://economictimes.indiatimes.com/markets/stocks/news/profit-booking-in-ril-hdfc-bank-drag-sensex-25-points-lower-all-eyes-on-rbi-policy-outcome/articleshow/77371808.cms,"The continued rapid surge in coronavirus infections also bothered investors. For the seventh day in a row India registered more than 50,000 new Covid-19 cases, taking the total tally past the 19-lakh mark.",Negative,0.015125250443816185,0.9533469080924988,0.031527891755104065
"Nifty Bank rallies nearly 1%; next resistance seen at 48,000: Experts",https://economictimes.indiatimes.com/markets/options/nifty-bank-rallies-nearly-1-next-resistance-seen-at-48000-experts/articleshow/108946840.cms,"The Nifty Bank managed to reclaim crucial resistance levels and any dips towards 47,000 could be used as a buying opportunity. Federal Bank, HDFC Bank, AU Small Finance Bank, and Bandhan Bank rose more than 1% each.",Positive,0.9210841655731201,0.038098350167274475,0.04081748053431511
Market Now: Pharma stocks in the green; Aurobindo Pharma up 3%,https://economictimes.indiatimes.com/markets/stocks/news/market-now-pharma-stocks-in-the-green-aurobindo-pharma-up-3brbr/articleshow/62818369.cms,Equity benchmarks were trading on a cautious note awaiting RBI policy meet outcome.,Negative,0.09651926904916763,0.7311865091323853,0.1722942441701889
IndusInd Bank to cut rates soon; clocks 80 pc jump in Q3 net,https://economictimes.indiatimes.com/news/economy/indicators/indusind-bank-to-cut-rates-soon-clocks-80-pc-jump-in-q3-net/articleshow/3985068.cms,"IndusInd Bank, plans to cut its prime lending and deposit rates in the next two weeks with view to pass on the benefits of the recent RBI policy actions to its customers.",Negative,0.014569546096026897,0.9093626141548157,0.07606782019138336
RBI MPC at a glance: Your one-stop guide for all key decisions,https://economictimes.indiatimes.com/news/economy/policy/rbi-mpc-meeting-at-a-glance-key-highlights-from-fy-2026-27-monetary-policy/articleshow/127965417.cms,"RBI MPC Meeting at a Glance: The Reserve Bank of India’s Monetary Policy Committee kept the repo rate unchanged at 5.25%, signalling a cautious yet steady approach amid global uncertainties and strong domestic growth. With inflation remaining low and under control, the committee unanimously decided to continue with a neutral monetary policy stance, staying prepared to respond to evolving economic conditions and fresh data.",Negative,0.34744006395339966,0.3692194242030382,0.2833404690027237
"Stocks to buy today: Asian Paints, Berger Paint among top 6 trading ideas for 9 April 2025",https://economictimes.indiatimes.com/markets/stocks/news/stocks-to-buy-today-asian-paints-berger-paint-among-top-6-trading-ideas-for-9-april-2025/articleshow/120113743.cms,"Indian markets may consolidate on Wednesday amid muted global cues. Nifty50 bounced back from 21,800, forming a bullish candlestick. Analysts suggest a potential move toward 23,000, while India VIX signals heightened volatility. Experts recommend select stocks like Asian Paints and Berger Paints for short-term trades, advising cautious optimism ahead of the RBI policy outcome.",Positive,0.5289151817560196,0.08810867369174957,0.38297614455223083
RBI MPC Meet 2025 Inflation Forecast: Sanjay Malhotra-led MPC projects inflation at 4.2% for FY26,https://economictimes.indiatimes.com/news/economy/policy/rbi-mpc-meeting-inflation-forecast-india-rbi-governor-sanjay-malhotra-led-mpc-projects-inflation-at-4-2-for-fy26-check-full-forecast/articleshow/118000928.cms,"RBI Meeting Inflation Forecast Update:RBI's Monetary Policy Committee, under new Governor Sanjay Malhotra, forecasts inflation at 4.2% for the coming fiscal year, with inflation control remaining critical amid economic challenges. Former Governor Shaktikanta Das highlighted the volatility, referencing inflation control efforts. Policy adjustments may be delayed to stabilize inflation without hampering growth, crucial for the upcoming Union Budget focus on domestic investment.",Negative,0.024019069969654083,0.8383623361587524,0.13761860132217407
"Sensex, Nifty trade in red; Rupee on 2-year high",https://economictimes.indiatimes.com/markets/stocks/news/nifty-hits-record-high-ahead-of-rbi-policy-outcome-sensex-rises-nearly-100-points/articleshow/59874714.cms,Rupee strengthened nearly 25 paise to 63.82 against dollar to its highest level since August 2015.,Positive,0.9255567789077759,0.04876730963587761,0.025675954297184944
"Fed there done that: Banks see delay in rate cuts by RBI, too",https://economictimes.indiatimes.com/news/economy/policy/rbis-das-co-rate-easing-cycle-may-be-influenced-by-potential-fed-rate-cut-delays/articleshow/109371228.cms,"The US Federal Reserve's potential delay in cutting rates may impact the Reserve Bank of India's decision on beginning its rate easing cycle. Factors such as strong economic growth, tensions in West Asia, and inflation risks could lead to a delay in rate cuts. Economists anticipate a possible delay in RBI's rate cuts, with expectations shifting to October 2024 for any easing to begin. India's robust economic performance and inflation close to the RBI target suggest a need for caution in monetary policy decisions.",Negative,0.1344237243756652,0.527353510260582,0.33822278305888176
"100% transmission of rate cut difficult to achieve: Charan Singh, UCO Bank",https://economictimes.indiatimes.com/opinion/interviews/100-transmission-of-rate-cut-difficult-to-achieve-charan-singh-uco-bank/articleshow/49995179.cms,"""In fact, transmission is the biggest issue. Governor Rajan has said in his speech that he is looking for more transmission, because the RBI has already cut 125 bps.""",Neutral,0.3095225691795349,0.19283431768417358,0.4976430833339691
Very difficult for RBI governor Raghuram Rajan to argue a case for holding interest rates: Mythili Bhusnurmath,https://economictimes.indiatimes.com/opinion/interviews/very-difficult-for-rbi-governor-raghuram-rajan-to-argue-a-case-for-holding-interest-rates-mythili-bhusnurmath/articleshow/51491605.cms,"In this interview, Mythili Bhusnurmath talks about RBI's policy-meet and that governor will cut interest rates.",Negative,0.03891405835747719,0.5914894342422485,0.3695964813232422
"Short-term trend reversal notwithstanding, buy the dips as Nifty headed to 20,000-20,300: Axis Securities",https://economictimes.indiatimes.com/markets/stocks/news/short-term-trend-reversal-notwithstanding-buy-the-dips-as-nifty-headed-to-20000-20300-axis-securities/articleshow/102670937.cms,"In the near term, any corrections towards 19300-19100 levels should be seen as a buying opportunity, as the index has the potential to extend its rally and test levels of 20000-20300 points. In the week ended August 10, benchmark indices lost about 0.4%. This was primarily due to the Reserve Bank of India’s move to impose an incremental Cash Reserve Ratio of 10% on banks in its move to tighten the liquidity in the system.",Negative,0.4653789629228413,0.4936514594592154,0.04096954595297575
RBI-MPC may not change interest rates: Experts,https://economictimes.indiatimes.com/news/economy/policy/rbi-mpc-may-not-change-interest-rates-experts/articleshow/100696796.cms,"The MPC met on April 3, 5 and 6 this year and decided to pause on the repo rate at 6.50 per cent after hiking continuously earlier as an inflation control measure.",Neutral,0.1064971312880516,0.4407256543636322,0.4527771770954132
"Invest in equities with confidence, through cycles to realise its full potential: Anoop Bhaskar of IDFC MF",https://economictimes.indiatimes.com/mf/analysis/invest-in-equities-with-confidence-through-cycles-to-realise-its-full-potential-anoop-bhaskar-of-idfc-mf/articleshow/94495711.cms,"“Returns from April 2020 are clearly unsustainable and should not be used as a referral point for future. Given the liquidity equity and especially equity mutual funds offer should also be an integral part while allocating for the future,” says Anoop Bhaskar.",Neutral,0.023671137169003487,0.3272148072719574,0.6491140723228455
Debt mutual fund managers react to RBI’s status quo on rates,https://economictimes.indiatimes.com/mf/analysis/debt-mutual-fund-managers-react-to-rbis-status-quo-on-rates/articleshow/90723934.cms,"In line with market expectations, the RBI has maintained a status quo on policy rates and has also decided to maintain an accommodative stance on rates. Here’s what top debt fund managers had to say about the policy:",Neutral,0.413724809885025,0.018387261778116226,0.5678879022598267
RBI may raise policy rate tomorrow. Will debt funds be under pressure?,https://economictimes.indiatimes.com/mf/analysis/rbi-may-raise-policy-rate-tomorrow-will-debt-funds-be-under-pressure/articleshow/89444119.cms,"Money market participants believe that the Reserve Bank of India will raise policy rates. However, debt mutual fund managers do not have a unanimous view on the topic.",Neutral,0.03481394425034523,0.1349533349275589,0.8302326798439026
"After Market: Stocks in oversold zone, those which defied market",https://economictimes.indiatimes.com/markets/stocks/news/after-market-stocks-in-oversold-zone-those-which-defied-market/articleshow/66088599.cms,A plunging domestic currency and rising crude oil prices remained an overhang.,Negative,0.019473452121019363,0.9490906596183777,0.031435851007699966
RBI targets 5.2 per cent retail inflation for first half of FY22,https://economictimes.indiatimes.com/news/economy/indicators/rbi-targets-5-2-per-cent-retail-inflation-for-first-half-of-fy22/articleshow/81945664.cms,"While headline inflation at 5 per cent in Feb 2021 remains within the tolerance band, some underline constituents are testing the upper tolerance level. Going forward, the food inflation trajectory will critically depend on the temporal and special progress of southwest monsoon in the 2021 season, RBI Governor Shaktikanta Das said.",Neutral,0.07900464534759521,0.20969033241271973,0.7113050222396851
"Money Policy: RBI keeps repo rate unchanged at 4%, maintains accommodative stance",https://economictimes.indiatimes.com/markets/stocks/news/money-policy-rbi-keeps-repo-rate-unchanged-at-4-maintains-accommodative-stance/articleshow/79558964.cms,"RBI refrained from cutting policy rates in previous monetary policy meetings as well, citing discomfort over elevated inflation.",Negative,0.03557814285159111,0.8552148342132568,0.10920699685811996
We shouldn't be too worried about inflation as people have started questioning the accuracy of numbers: KV Kamath,https://economictimes.indiatimes.com/markets/expert-view/we-should-be-too-worried-about-inflation-as-people-have-started-questioning-the-accuracy-of-numbers-kv-kamath/articleshow/98233023.cms,"""The problem started around a year ago when inflation was raising its head and then the vast disruption due to the European situation occurred. Unfortunately, this situation has not yet normalized, and recovery has not happened as expected, which is causing the problem to persist. This situation has resulted in the pain and inflation continuing.""",Negative,0.02234719507396221,0.9354111552238464,0.0422416590154171
"Selectivity is key as markets enter narrow, range-bound phase: Dipan Mehta",https://economictimes.indiatimes.com/markets/expert-view/selectivity-is-key-as-markets-enter-narrow-range-bound-phase-dipan-mehta/articleshow/121770317.cms,"Dipan Mehta suggests that the market's consolidation follows the RBI's positive policy move, anticipating improved corporate earnings due to lower tax rates and a potentially better monsoon. The market's future hinges on the outcome of the US-China trade talks and potential tariffs. Mehta emphasizes a shift towards selective stock picking as market movements become more narrow.",Neutral,0.22460933774709702,0.014745214022696018,0.7606454789638519
"RBI expected to hold policy rate, but surprise cut possible",https://economictimes.indiatimes.com/news/economy/indicators/rbi-expected-to-hold-policy-rate-but-surprise-cut-possible/articleshow/124204150.cms,"The Reserve Bank of India is widely expected to hold its key policy rate at 5.50% this Wednesday. However, some economists anticipate a surprise rate cut, citing downside risks to economic growth from U.S. trade tariffs and persistently subdued inflation. This potential ""insurance"" cut aims to cushion against external shocks, despite India's stronger-than-expected Q2 growth.",Positive,0.9476316571235657,0.023760750889778137,0.028607627376914024
"Repo rate, GDP & inflation: 10 key takeaways from RBI policy that flags keeping Arjuna's eye is not enough",https://economictimes.indiatimes.com/news/economy/indicators/repo-rate-gdp-inflation-10-key-takeaways-from-rbi-policy-that-flags-keeping-arjunas-eye-is-not-enough/articleshow/102596492.cms,"Reserve Bank of India (RBI) Governor Shaktikanta Das announced that the MPC decided unanimously to keep repo rates unchanged. However, India's inflation forecast has been increased from the previous forecast, even as GDP projections remained unchanged. Here is a look at other important MPC announcements, including further filip to UPI ecosystem.",Positive,0.5265667401254177,0.09027969930320978,0.38315352983772755
"Sensex rangebound, Nifty50 tests 7,950 post RBI policy review; Amtek Auto up 4%",https://economictimes.indiatimes.com/markets/stocks/news/sensex-rangebound-nifty50-tests-7950-post-rbi-policy-review-amtek-auto-up-4/articleshow/49991504.cms,"Sensex pared some of its gains after rallying 100 points in trade on Tuesday, after the RBI maintained status quo on policy rates.",Positive,0.918641984462738,0.051827915012836456,0.029530048370361328
Sensex pares losses after taking over 150-pt hit after RBI policy: 10 stocks in focus,https://economictimes.indiatimes.com/markets/stocks/news/sensex-pares-losses-after-taking-over-150-pt-hit-after-rbi-policy-10-stocks-in-focus/articleshow/45343811.cms,The S&P BSE Sensex slipped over 150 points after the RBI maintained a status quo in its policy meet today.,Negative,0.0082256393507123,0.9715141654014587,0.02026013657450676
"ETMarkets Evening Podcast: Money, Markets and everything else that matters to your wealth creation",https://economictimes.indiatimes.com/markets/stocks/news/listen-now-money-markets-and-everything-else-that-matters-to-your-wealth-creation/articleshow/57020122.cms,The nervousness ahead of the crucial Reserve Bank of India's policy outcome was quite evident. Traders preferred to stay on sidelines on Tuesday.,Negative,0.03410281985998154,0.7752068042755127,0.19069041311740875
Super hawkish Fed may drive USDINR higher; RBI may go for 50-bps rate hike,https://economictimes.indiatimes.com/markets/forex/super-hawkish-fed-may-drive-usdinr-higher-rbi-may-go-for-50-bps-rate-hike/articleshow/94413886.cms,"USDINR has crossed above 81 in the spot market, a fresh all-time high. The up move in the USDINR pair was basically a result of a couple of things -- a) the escalation in the geopolitical instability after Putin’s speech and b) the US FED opting for a very hawkish 75-bps hike.",Positive,0.5673308148980141,0.1615135297179222,0.2711556991562247
"Expect a 25 bps rate cut from RBI's June 19 policy: NS Venkatesh, IDBI Bank",https://economictimes.indiatimes.com/opinion/interviews/expect-a-25-bps-rate-cut-from-rbis-june-19-policy-ns-venkatesh-idbi-bank/articleshow/20443709.cms,A 25 bps cut can be expected from the June 19th policy because GDP growth has come down to around 4.8% and inflation has started showing signs of lower trajectory.,Negative,0.01646968349814415,0.9554447531700134,0.028085656464099884
"Why stock market rose today: Sensex soars 1,090 pts; Nifty above 22,500; 5 key factors behind surge",https://economictimes.indiatimes.com/markets/stocks/news/why-stock-market-is-rising-today-sensex-jumps-over-700-pts-nifty-above-22350-5-key-factors-behind-todays-surge/articleshow/120084320.cms,"Indian equities rebounded strongly, with the Nifty 50 surging 1.69% and the Sensex rising 1.49%, fueled by bargain hunting and positive global cues. Market sentiment was boosted by hopes of U.S. tariff negotiations, anticipation of an RBI rate cut, and a drop in crude oil prices. A weaker dollar and falling U.S. bond yields further supported the rally.",Positive,0.7720199227333069,0.16862477362155914,0.05935526639223099
India bonds edge down in thin trade before debt sale,https://economictimes.indiatimes.com/markets/bonds/india-bonds-edge-down-in-thin-trade-before-debt-sale/articleshow/123180472.cms,Indian government bonds experienced a dip in early trading on Friday. Investors are cautious before the weekly debt sale. This sale will test demand after a disappointing central bank policy decision. The Reserve Bank of India's decision to hold rates impacted investor appetite. Market participants await next quarter's GDP data for policy easing cues.,Negative,0.028223035857081413,0.7288885712623596,0.2428884655237198
Smallcaps that can give sharp returns in near term,https://economictimes.indiatimes.com/markets/stocks/news/smallcaps-that-can-give-sharp-returns-in-near-term/articleshow/27679087.cms,"BSE was on a firm footing, led by gains in oil & gas, realty, banks and power stocks as tensions tapered after the RBI policy review and US Fed meet.",Positive,0.9458482265472412,0.02949679270386696,0.024655023589730263
RBI Monetary Policy Highlights: RBI hikes repo rate by 50 bps; retains GDP forecast,https://economictimes.indiatimes.com/news/newsblogs/rbi-mpc-meeting-live-news-shaktikanta-das-latest-updates-08-june-2022/liveblog/92069850.cms,"RBI Hikes Repo Rate Highlights: The MPC unanimously voted to increase the policy repo rate by 50 basis points to 4.90% and keep policy stance ‘withdrawal of accommodation’. Real GDP forecast for FY23 has been retained at 7.2%. After May’s surprise 40 basis-point off-cycle hike, Shaktikanta Das and co were widely expected to hike the rates again in this monetary policy meet. Here are the highlights Policy repo rate hiked by 50 basis points to 4.90% Policy stance to remain ‘withdrawal of accommodation’ Real GDP forecast for FY23 retained at 7.2% RBI revises inflation projection for FY23 to 6.7% from 5.7% earlier Additional measures announced for cooperative banks Credit cards, starting with RuPay credit cards, can now be linked to UPI E-mandate on cards for recurring payments, limit upped from Rs 5,000 to Rs 15,000 per transaction",Positive,0.9063697457313538,0.020451635122299194,0.07317866384983063
Monetary policy: RBI leaves inflation projection for FY24 unchanged at 5.4% amid food price concerns,https://economictimes.indiatimes.com/news/economy/indicators/rbi-monetary-policy-committee-live-updates-monetary-policy-rbi-leaves-inflation-projection-for-fy24-unchanged-at-5-4-amid-food-price-concerns/articleshow/105826925.cms,"RBI Monetary Policy Committee: The Reserve Bank of India left the inflation aim unchanged at 5.4%. In the August policy, the RBI had raised its FY24 inflation forecast to 5.4% from 5.1%.",Positive,0.9432594180107117,0.027715573087334633,0.029024897143244743
Nifty towers over global peers despite recent fall,https://economictimes.indiatimes.com/markets/stocks/news/nifty-towers-over-global-peers-despite-recent-fall/articleshow/89417554.cms,"The index is trading at 23.27 times one-year forward PE, the most expensive among the top 20 markets. Other key markets, including the UK, Japan, Korea, Singapore, Germany, China, France, Brazil, and Russia, are trading at a discount.",Neutral,0.09734630957245827,0.11250488460063934,0.7901487648487091
5 deeper stress signals for Nifty investors even as RBI cuts rates on 'Goldilocks' phase,https://economictimes.indiatimes.com/markets/stocks/news/5-deeper-stress-signals-for-nifty-investors-even-as-rbi-cuts-rates-on-goldilocks-phase/articleshow/125784730.cms,"The RBI’s 25 bps rate cut and aggressive liquidity infusion signal rising stress beneath India’s “Goldilocks” growth narrative. Despite record-high GDP prints, weak nominal growth, a sliding rupee, persistent FII outflows and narrow market breadth reveal deeper cracks that Nifty investors must track even as policy support strengthens.",Negative,0.1382113378494978,0.823341965675354,0.03844668064266443
"Don't expect RBI to cut rates, status quo may be maintained: SBI Chairman",https://economictimes.indiatimes.com/news/economy/policy/rbi-likely-to-maintain-status-quo-in-upcoming-monetary-policy-sbi-chairman/articleshow/101925100.cms,"State Bank of India (SBI) Chairman Dinesh Khara on Wednesday said the Reserve Bank of India is likely to maintain status quo in the upcoming monetary policy. The next meeting of the Monetary Policy Committee of the Reserve Bank of India is scheduled to be held on August 8-10, 2023.",Neutral,0.1047885064035654,0.05329669825732708,0.8419147729873657
RBI MPC minutes indicate dichotomy: SBI Ecowrap report,https://economictimes.indiatimes.com/news/economy/indicators/mpc-minutes-indicate-dichotomy-sbi-ecowrap-report/articleshow/114538389.cms,"The SBI Ecowrap report on MPC meetings highlights divergent views among committee members on policy rates, with debate on inflation control versus economic flexibility. A proposed amendment seeks to shorten the release timeline for meeting minutes from 14 to 7 days for timely communication.",Negative,0.013331037946045399,0.9035643339157104,0.0831046849489212
RBI’s repo rate hike likely to hit real estate sector’s growth momentum,https://economictimes.indiatimes.com/news/economy/policy/rbis-repo-rate-hike-likely-to-hit-real-estate-sectors-growth-momentum/articleshow/94550951.cms,The cumulative hike in repo rate in the last five months now stands at 190 basis points and housing loan rates have already been moved upward by lenders after the first two hikes in May and June.,Positive,0.6153197288513184,0.24557511508464813,0.13910523056983948
"RBI's rate cut to cushion economy amidst global turmoil, says India Inc",https://economictimes.indiatimes.com/news/economy/policy/rbis-rate-cut-to-cushion-economy-amidst-global-turmoil-says-india-inc/articleshow/120122318.cms,"The RBI’s second consecutive rate cut to 6% aims to shield India’s economy from global shocks triggered by US tariffs, industry bodies said. CII called the move timely and prudent, adding the accommodative stance and easing cycle reflect concerns over slowing global growth and a mild domestic inflation outlook.",Positive,0.9121361374855042,0.04394187405705452,0.043921928852796555
RBI to remain 'agile & proactive' in policy action amid evolving global situation: Guv Malhotra,https://economictimes.indiatimes.com/news/economy/policy/rbi-to-remain-agile-proactive-in-policy-action-amid-evolving-global-situation-guv-malhotra/articleshow/120428845.cms,"Reserve Bank Governor Sanjay Malhotra emphasized the central bank's commitment to monitoring the global economic situation and proactively adjusting policies. While acknowledging India's economic resilience, he cautioned against global uncertainties impacting inflation and growth. He highlighted the stability of Indian financial markets, government borrowing costs reduction, and concerns about forex pricing transparency and unauthorized trading platforms.",Positive,0.6921623945236206,0.017258066684007645,0.29057955741882324
"News Updates: Japanese PM plans to visit India, Philippines to discuss regional security",https://economictimes.indiatimes.com/news/newsblogs/latest-daily-news-and-updates-april-7/liveblog/81942593.cms,Japanese Prime Minister Yoshihide Suga plans to visit India and the Philippines later this month to discuss regional security to bolster a free and open Indo-Pacific region amid China's growing aggression in the South and East China seas.,Positive,0.7699031829833984,0.04020210728049278,0.1898946315050125
"Days of record low rates numbered, but RBI's liftoff still sometime away",https://economictimes.indiatimes.com/markets/stocks/news/days-of-record-low-rates-numbered-but-rbis-liftoff-still-sometime-away/articleshow/85168753.cms,"Das’ and the current MPC’s tenure has been bogged down by one crisis after another. In February 2019, when Das took over the reins, India was slumping ever so deep into an economic abyss. And just when signs emerged of a recovery, it was plunged into the darkness by the Covid-19 pandemic and national lockdown last year.",Negative,0.029309816658496857,0.7872356176376343,0.18345455825328827
"Status quo! Yet, RBI delivered more than a rate cut, and how!",https://economictimes.indiatimes.com/markets/stocks/news/status-quo-yet-rbi-delivered-more-than-a-rate-cut-and-how/articleshow/78575556.cms,"Though the rates were kept unchanged, RBI Governor announced various other measures to improve credit growth in the economy, and to deal with the risk aversion among banks.",Positive,0.8933529257774353,0.01629234477877617,0.09035466611385345
RBI cuts repo rate by 25 basis points: Here's what experts say,https://economictimes.indiatimes.com/markets/stocks/news/rbi-cuts-repo-rate-by-25-basis-points-heres-what-experts-say/articleshow/59880505.cms,25 bps rate cut by itself will not result in a large fall in interest expenses for the businesses.,Negative,0.17535658180713654,0.7870675921440125,0.03757582977414131
"Home, auto loans set to get costlier as RBI hikes key rates",https://economictimes.indiatimes.com/wealth/personal-finance-news/home-auto-loans-set-to-get-costlier-as-rbi-hikes-key-rates/articleshow/7733437.cms,"Home loans, auto loans and loans to businesses are set to get expensive with the Reserve Bank of India increasing its key policy rates by 25 basis points on Thursday.",Positive,0.796578049659729,0.045695796608924866,0.15772612392902374
"How will RBI’s money policy impact bond mart, borrowers, home budget",https://economictimes.indiatimes.com/markets/stocks/news/how-will-rbis-money-policy-impact-bond-mart-borrowers-home-budget/articleshow/83228612.cms,"While the central bank did not change its repo rate, it did make certain changes to its forecasts, announced more relief measures for hard-hit citizens and businesses and provided hope for the future beyond the second wave.",Positive,0.8480032086372375,0.03073885105550289,0.12125787138938904
GIFT Nifty up 40 points; here's the trading setup for today's session,https://economictimes.indiatimes.com/markets/stocks/news/pre-market-action-heres-the-trade-setup-for-todays-session/articleshow/116016449.cms,"In the short term, the trend is likely to remain positive as long as it stays above 24,300. Traders may adopt a buy-on-dips strategy in the current market. On the higher side, the index could move towards 25,000 in the near term.",Positive,0.7739313840866089,0.023187393322587013,0.20288123190402985
"RBI MPC: Rupee sees marginal gains against dollar, likely to trade in narrow range, say experts",https://economictimes.indiatimes.com/markets/forex/rbi-mpc-rupee-sees-marginal-gains-against-dollar-likely-to-trade-in-narrow-range-say-experts/articleshow/109056595.cms,"The rupee was little changed at the opening time on Friday amid expectations that the country's central bank will intervene, which countered weak risk appetite, a stronger US dollar and rising oil prices.",Positive,0.6848363280296326,0.2740781307220459,0.04108559340238571
ICICI Bank hikes home loan interest rates; this is how much your EMIs will increase,https://economictimes.indiatimes.com/wealth/borrow/icici-bank-hikes-home-loan-interest-rates-this-is-how-much-your-emis-will-increase/articleshow/93385792.cms,"ICICI hiked the ICICI Bank External Benchmark Lending Rate (I-EBLR) to 9.10% p.a.p.m. effective from August 5, 2022. The announcement was made just a few hours after the Reserve Bank of India (RBI) hiked the key policy rates by 50 basis points. A hike in lending rate will lead to a hike in your EMI outgo as well.",Neutral,0.16979656927287579,0.061180971562862396,0.7690224647521973
Twelve stocks in focus in Tuesday morning trade,https://economictimes.indiatimes.com/markets/stocks/news/twelve-stocks-in-focus-in-tuesday-morning-trade/articleshow/39662466.cms,Indian markets are expected to trade in a range. Here is a list of twelve stocks which are likely to be in focus today.,Neutral,0.020515117794275284,0.05178271234035492,0.9277021884918213
RBI MPC meeting time: When it will be live streamed and how to catch the Governor Sanjay Malhotra’s key decisions,https://economictimes.indiatimes.com/news/new-updates/rbi-mpc-meeting-time-when-it-will-be-live-streamed-and-how-to-catch-the-governor-sanjay-malhotras-key-decisions/articleshow/127966670.cms,"RBI MPC meeting time: The Reserve Bank of India's Monetary Policy Committee will announce its latest policy decision on February 6, 2026. This decision will impact loan EMIs, savings returns, and market sentiment. Analysts expect the repo rate to remain unchanged. The RBI Governor will address the media, providing insights into inflation and growth. This announcement is crucial for borrowers, investors, and businesses.",Neutral,0.19281357526779175,0.009539278224110603,0.7976471781730652
"Don’t expect similar sales growth in December as in festive season: Pravin Shah, M&M",https://economictimes.indiatimes.com/opinion/interviews/dont-expect-similar-sales-growth-in-december-as-in-festive-season-pravin-shah-mm/articleshow/17279617.cms,"""Our new products like Quanto, Verito and Rexton are showing good market acceptance and surely this would let the growth momentum continuing for us"", Pravin said.",Positive,0.9444188475608826,0.010768667794764042,0.04481250420212746
Market outlook for Monday: Will Sensex and Nifty stay under pressure as Iran war clouds linger?,https://economictimes.indiatimes.com/markets/stocks/market-outlook-for-monday-will-bears-keep-pressure-on-sensex-nifty-amid-usisraeliran-war/articleshow/129588688.cms,"Indian stock markets experienced a sharp decline in March, with Sensex and Nifty falling approximately 8% each. Escalating tensions in the Middle East, particularly the prolonged closure of the Strait of Hormuz amid the Iran-Israel-US war, spooked investors. Experts anticipate a weak market trend in the short term, with potential further declines.",Negative,0.019618108868598938,0.9405370950698853,0.03984476998448372
Run up for the budget has started: Avinnash Gorakssakar,https://economictimes.indiatimes.com/markets/stocks/recos/run-up-for-the-budget-has-started-avinnash-gorakssakar/articleshow/36108617.cms,The activity we are seeing in most of the smaller cap companies and larger names from the oil marketing space suggest that this budget will be a very good budget in terms of improving the macros.,Positive,0.9348283410072327,0.012608326971530914,0.05256337672472
BSE to launch new IRF contracts on May 30,https://economictimes.indiatimes.com/markets/stocks/news/bse-to-launch-new-irf-contracts-on-may-30/articleshow/52448051.cms,"The IRF market gets participation from retail investors, trading houses, foreign portfolio investors (FPIs) and other institutions.",Neutral,0.12702253460884094,0.007633022964000702,0.8653445243835449
Bond prices to remain in a narrow range: HDFC MF,https://economictimes.indiatimes.com/opinion/interviews/bond-prices-to-remain-in-a-narrow-range-hdfc-mf/articleshow/15290882.cms,"If credit picks up in the second half in the busy season and then the banks may not need to buy G-sec, which could have some impact on bond prices.",Negative,0.034165095537900925,0.723957896232605,0.2418769896030426
Market Now: Auto stocks gain; Tata Motors up nearly 2%,https://economictimes.indiatimes.com/markets/stocks/news/market-now-auto-stocks-gain-tata-motors-up-nearly-2brbr/articleshow/62818245.cms,Equity benchmarks were trading on a cautious note awaiting RBI policy meet outcome.,Negative,0.09651926904916763,0.7311865091323853,0.1722942441701889
Govt accords infrastructure status to MRO industry,https://economictimes.indiatimes.com/news/economy/infrastructure/govt-accords-infrastructure-status-to-mro-industry/articleshow/28745443.cms,"Following a recent change in the RBI policy, the MRO industry, which currently has an annual turnover of about $800 million, would get a boost, they said.",Positive,0.9388198852539062,0.013942120596766472,0.04723802208900452
"India bonds inch up before state debt supply, US rate decision",https://economictimes.indiatimes.com/markets/bonds/india-bonds-inch-up-before-state-debt-supply-us-rate-decision/articleshow/122966651.cms,"Indian government bonds saw a slight increase in early trading on Tuesday, recovering from a two-day selloff, though trading volume remained low. Investors are awaiting state debt supply details and the U.S. Federal Reserve's rate decision. The focus is also on RBI policy decisions and U.S. Fed Chair Jerome Powell's commentary for cues on the domestic policy easing cycle.",Neutral,0.06646668165922165,0.06189460679888725,0.8716387152671814
Stock Market Highlights: Nifty bulls take a breather ahead of RBI policy; what traders should do on Friday?,https://economictimes.indiatimes.com/markets/stocks/live-blog/bse-sensex-today-live-nifty-stock-market-updates-07-december-2023/liveblog/105796437.cms,"Tech View: The bull run on Dalal Street came to a halt on Thursday, as Nifty 50 snapped its seven-day winning streak amid profit booking ahead of the outcome of the Reserve Bank of India’s monetary policy meeting on Friday. “If today’s uninspiring session is any indication, then Nifty will waver and trade choppy in tomorrow's session, with the biggest hurdle now seen at the psychological level of 21000, while the biggest support is placed at the 19521 mark,” says Prashanth Tapse, senior VP - research, Mehta Equities. The Nifty 50 settled at 20901.15 points, down 0.2% from the previous close after hitting a high of 20941.25 points then a low of 20850.80 points.",Negative,0.009758387692272663,0.9744968414306641,0.015744762495160103
"Sensex pares losses, Nifty above 8,500 post RBI policy review; GAIL, ONGC down 2% each",https://economictimes.indiatimes.com/markets/stocks/news/sensex-pares-losses-nifty-above-8500-post-rbi-policy-review-gail-ongc-down-2-each/articleshow/48338903.cms,The S&P BSE Sensex slipped over 300 points in trade on Tuesday after the Reserve Bank of India maintained a status quo.,Negative,0.008243917487561703,0.9713764786720276,0.020379645749926567
"If monsoon pans out well, expect rate cut before next RBI policy: Gaurang Shah, Geojit BNP Paribas",https://economictimes.indiatimes.com/markets/expert-view/if-monsoon-pans-out-well-expect-rate-cut-before-next-rbi-policy-gaurang-shah-geojit-bnp-paribas/articleshow/52655245.cms,"If the government pushes for the GST bill on day one of the monsoon session, then our markets would definitely have more leg up.",Positive,0.6080951690673828,0.021429311484098434,0.37047550082206726
"Expect RBI to increase repo rate by 25 bps: Manishi Raychaudhuri, BNP Paribas Securities",https://economictimes.indiatimes.com/opinion/interviews/expect-rbi-to-increase-repo-rate-by-25-bps-manishi-raychaudhuri-bnp-paribas-securities/articleshow/24808451.cms,"'There is a possibility that the direction of earning estimates may actually begin to drift down going forward,' says Manishi Raychaudhuri",Negative,0.0130546223372221,0.961058497428894,0.025886934250593185
"Uday Kotak warns of deposit crunch, banking margins at risk",https://economictimes.indiatimes.com/industry/banking/finance/banking/uday-kotak-warns-of-deposit-crunch-banking-margins-at-risk/articleshow/119668377.cms,"Uday Kotak, Asia's richest banker, warns of a significant deposit crunch threatening banks with margin erosion. Retail deposit growth is slow, pushing banks towards expensive bulk deposits. This situation leads to negative lending margins, especially with home loans. The challenge persists amid high-term deposit rates, tighter liquidity, and RBI's policy rate cuts.",Negative,0.010063749738037586,0.9645769894123077,0.02535922545939684
Trump Era Begins: What it means for global markets and Indian economy,https://economictimes.indiatimes.com/markets/stocks/news/trump-era-begins-what-it-means-for-global-markets-and-indian-economy/articleshow/116313025.cms,"Markets experienced volatility following Trump's election win and Republican control of Congress. While the US economy remains resilient, Trump's policies pose inflationary risks, influencing Fed decisions on rate cuts. Global economic divergence, particularly between a strong US dollar and weaker BRICS currencies, adds to market complexity.",Negative,0.050911535043269396,0.8347024917602539,0.1143860425800085
Banking system liquidity in deficit as incremental cash reserve ratio kicks in,https://economictimes.indiatimes.com/industry/banking/finance/banking/banking-system-liquidity-in-deficit-as-incremental-cash-reserve-ratio-kicks-in/articleshow/102955978.cms,"Daily central bank data showed that the RBI injected funds worth ₹23,644.4 crore into the banking system on August 21, marking the first infusion of cash since March 27. An injection of funds by the RBI reflects deficit liquidity conditions in the banking system.",Positive,0.6694114804267883,0.02528674155473709,0.30530181527137756
"Sensex ends 747 points higher, Nifty tops 25,000 after RBI's jumbo 50 bps rate cut",https://economictimes.indiatimes.com/markets/stocks/news/sensex-drops-100-points-nifty-below-24750-ahead-of-rbi-mpc-meet/articleshow/121664468.cms,"Stock Market Today: Indian stock markets rebounded following the Reserve Bank of India's decision to lower the repo rate. Banking and auto sectors saw significant gains. Sensex and Nifty both experienced positive movement. Asian markets also showed positive trends, influenced by developments in US-China trade talks. Foreign Institutional Investors continued selling, while Domestic Institutional Investors remained buyers.",Positive,0.9295394420623779,0.039058223366737366,0.03140237554907799
"See RBI’s focus now shifting towards inflation: Neeraj Gambhir, Nomura Capital",https://economictimes.indiatimes.com/opinion/interviews/see-rbis-focus-now-shifting-towards-inflation-neeraj-gambhir-nomura-capital/articleshow/24821972.cms,'The sharp increase in the overnight interest rates and the resultant spike in the yields were being used to address the pressure on the currency',Positive,0.5919771194458008,0.06866059452295303,0.33936235308647156
"Fed made FIIs spend Rs 27,000 crore on bank stocks but China forcing a U-turn now",https://economictimes.indiatimes.com/markets/stocks/news/fed-made-fiis-spend-rs-27000-crore-on-bank-stocks-but-china-forcing-a-u-turn-now/articleshow/114032262.cms,"FIIs invested Rs 27,000 crore in Indian bank stocks after the US Fed's rate cut. However, they reversed their investments due to China's quantitative easing. This led to a drop in Nifty Bank index by 5% in early October. Investors are watching for RBI's monetary policy decision on October 9.",Neutral,0.2043750137090683,0.02328607812523842,0.7723389267921448
RBI increases IMPS limit to Rs 5 lakh from Rs 2 lakh earlier,https://economictimes.indiatimes.com/industry/banking/finance/banking/rbi-increases-imps-limit-to-rs-5-lakh-from-rs-2-lakh-earlier/articleshow/86859564.cms,RBI Governor Shaktikanta Das announced that the increased limit for the digital payment mode used for making immediate transfer of money will make it convenient for consumers to tansfer higher sums.,Positive,0.8200256824493408,0.01001028437167406,0.1699640303850174
Top debt mutual fund managers share their views on RBI rate hike,https://economictimes.indiatimes.com/mf/analysis/top-debt-mutual-fund-managers-share-their-views-on-rbi-rate-hike/articleshow/96051774.cms,Rate hikes and continued reduction in durable liquidity surplus are positive for short-term debt fund categories like the liquid fund.,Positive,0.91730135679245,0.05054149404168129,0.03215714544057846
Policy as per expectation; RBI has just started its tightrope walk: Nilesh Shah,https://economictimes.indiatimes.com/markets/expert-view/policy-as-per-expectation-rbi-has-just-started-its-tightrope-walk-nilesh-shah/articleshow/89475531.cms,"“In India, inflation has been lower than US inflation for the last six months. I think the RBI has done a sensible job. It has said that we will manage growth, we will support inflation and in the Economic Survey, they revised growth downwards from 8-8.5% to 7.8% also revised inflation projection downwards. Net-net, this policy has come as per expectations and that is why we are seeing reaction in the markets – equities are up and yields are down.”",Negative,0.19207608699798584,0.6981992125511169,0.10972464457154274
Breaking free from the ‘frog in a well’ mindset: Manish Chokhani’s advice to retail investors,https://economictimes.indiatimes.com/markets/stocks/news/breaking-free-from-the-frog-in-a-well-mindset-manish-chokhanis-advice-to-retail-investors/articleshow/118412933.cms,"Manish Chokhani urges Indian investors to explore global markets, warning against over-reliance on domestic stocks. He highlights undervaluations in China, Europe, and the U.S., citing opportunities in EVs, healthcare, and tech. RBI’s policies restrict rupee appreciation, limiting global investments.",Positive,0.7065274119377136,0.027210088446736336,0.2662624418735504
"RBI keeps rates unchanged due to inflation pressure, lowers growth estimate again",https://economictimes.indiatimes.com/markets/stocks/news/rbi-keeps-rates-unchanged-due-to-inflation-pressure-lowers-growth-estimate-again/articleshow/72382485.cms,"The six-member monetary policy committee (MPC) vote was unanimous, RBI said in a release.",Neutral,0.13312341272830963,0.02709219790995121,0.8397843837738037
Global brokerages expect RBI to slash rates by 25 bps,https://economictimes.indiatimes.com/news/economy/policy/global-brokerages-expect-rbi-to-slash-rates-by-25-bps/articleshow/18233941.cms,The RBI last had cut rates in April 2012 by 50 basis points but warned at the time there would be limited scope for further cuts.,Negative,0.06972801685333252,0.7642212510108948,0.1660507172346115
RBI hikes repo rate for the first time in Modi regime,https://economictimes.indiatimes.com/markets/stocks/news/rbi-pulls-the-trigger-hikes-rate-for-the-first-time-in-modi-regime/articleshow/64477379.cms,The monetary policy committee of the Reserve Bank unanimously votes for 25 bps repo hike.,Positive,0.5228897333145142,0.2221662551164627,0.25494399666786194
ET poll: Economists predict RBI to hold policy rates steady amid economic uncertainty,https://economictimes.indiatimes.com/news/economy/policy/et-poll-economists-predict-rbi-to-hold-policy-rates-steady-amid-economic-uncertainty/articleshow/124129701.cms,"Economists anticipate the Reserve Bank of India (RBI) to maintain policy rates next week, despite potential for cuts, due to uncertainties from US tariffs and GST impacts. While some advocate for proactive rate cuts given low inflation, the majority prefers retaining options, awaiting clearer signs of economic slowdown and assessing the effects of recent GST reductions on inflation and growth.",Negative,0.348706990480423,0.6256657242774963,0.02562730759382248
India bonds extend losses before heavy debt supply,https://economictimes.indiatimes.com/markets/bonds/india-bonds-extend-losses-before-heavy-debt-supply/articleshow/126558189.cms,"""There aren't many positive cues to drive buying, and traders are staying cautious ahead of the budget and the RBI's policy decision,"" a private-bank trader said",Negative,0.12007268518209457,0.7556397914886475,0.12428755313158035
Rupee edges higher by 8 paise; RBI meet in focus,https://economictimes.indiatimes.com/markets/forex/rupee-edges-higher-by-8-paise-rbi-meet-in-focus/articleshow/72336176.cms,The Indian unit on Friday had closed at 71.74 against the US dollar.,Negative,0.22982902824878693,0.40180060267448425,0.3683704137802124
"ICICI Bank, Bank of Baroda, Bank of India, PNB hike home loan interest rates: Check latest rates here",https://economictimes.indiatimes.com/wealth/borrow/icici-bank-bank-of-baroda-bank-of-india-pnb-hike-home-loan-interest-rates-check-latest-rates-here/articleshow/92096352.cms,"After the current hike, the total increase in repo rate is 0.9%. Due to the rate hikes by the central bank, lenders like banks and housing finance companies, will increase their lending rates correspondingly, which in turn means that your EMIs will go up accordingly.",Positive,0.8973995447158813,0.012755870819091797,0.08984461426734924
"'BUY' or 'SELL' ideas from experts for Friday, June 15",https://economictimes.indiatimes.com/markets/stocks/recos/buy-or-sell-ideas-from-experts-for-friday-june-15/articleshow/14142471.cms,ET Now spoke to various experts and here's what they have to recommend for today's trade:,Neutral,0.061114147305488586,0.014197628945112228,0.9246882200241089
LIC Housing Finance reduces interest rate in line with recent RBI repo rate cut,https://economictimes.indiatimes.com/industry/banking/finance/banking/lic-housing-finance-reduces-interest-rate-in-line-with-recent-rbi-repo-rate-cut/articleshow/121993846.cms,"LIC Housing Finance lowers home loan interest rates by 50 basis points. New rates start at 7.50 percent from June 19, 2025. This decision coincides with the company's 36th Foundation Day. The move aims to boost home ownership. It aligns with RBI's policy to stimulate the economy. Tribhuwan Adhikari highlights commitment to affordable housing.",Negative,0.3313044775277376,0.368928343988955,0.2997671142220497
Rupee inches 4 paise higher to 74.30 against US dollar,https://economictimes.indiatimes.com/markets/forex/rupee-inches-4-paise-higher-to-74-30-against-us-dollar/articleshow/84997459.cms,Forex traders said price action remains subdued as investors are awaiting the Reserve Bank of India's (RBI) policy decision and the US non-farm payrolls data on Friday for further cues.,Negative,0.07913815230131149,0.6675018668174744,0.2533600330352783
Rupee gains 6 paise to close at 74.28 against US dollar,https://economictimes.indiatimes.com/markets/forex/rupee-gains-6-paise-to-close-at-74-28-against-us-dollar/articleshow/85003480.cms,"The rupee moved in a narrow range ahead of the Reserve Bank of India's (RBI) policy decision and the US non-farm payrolls data, forex dealers said.",Negative,0.15966825187206268,0.5144569873809814,0.32587477564811707
Rupee top outperformer among Asian currencies: Nomura,https://economictimes.indiatimes.com/markets/forex/rupee-top-outperformer-among-asian-currencies-nomura/articleshow/52638343.cms,"Nomura said: ""The RBI's policy stance remains accommodative with a focus on implementing its revised liquidity management framework.""",Positive,0.5345953106880188,0.016022883355617523,0.4493817389011383
"Budget, Monetary Policy over; what will drive the market this week? Ajay Bagga answers",https://economictimes.indiatimes.com/markets/expert-view/budget-monetary-policy-over-what-will-drive-the-market-next-week-ajay-bagga-answers/articleshow/118071979.cms,"Ajay Bagga highlights the significance of Prime Minister Modi's upcoming visit to the US, anticipating defense agreements and tariff relief. He views recent market overreactions to the RBI policy and banking sector events as temporary, predicting improved performance from rate-sensitive sectors. Bagga remains optimistic about market stability and foreign investment following productive meetings and economic measures.",Positive,0.803016185760498,0.021285975351929665,0.17569784820079803
Interest rates will not come down anytime soon: Gaurav Mehta,https://economictimes.indiatimes.com/markets/stocks/recos/interest-rates-will-not-come-down-anytime-soon-gaurav-mehta/articleshow/45019725.cms,The RBI Governor has made it very clear that he is committed to fighting the inflation. He is committed to giving a real rates to save us.,Neutral,0.2626650333404541,0.010792743414640427,0.7265422344207764
Economic Survey underlines Govt's cautious stand: Mythili Bhusnurmath,https://economictimes.indiatimes.com/opinion/interviews/economic-survey-underlines-govts-cautious-stand-mythili-bhusnurmath/articleshow/46393390.cms,"""It clearly says the government must achieve 3% in the medium term. Now we will have to wait and see whether medium term is interpreted as FY16 or FY17 or something beyond that. """,Positive,0.8368992805480957,0.017370838671922684,0.14572979509830475
Nifty may bounce back: Ashwani Gujral,https://economictimes.indiatimes.com/markets/stocks/recos/nifty-may-bounce-back-ashwani-gujral/articleshow/11090752.cms,"In spite of the big bearishness, it is unlikely that from 4700 you will have a straight decline to 3900 because you have already fallen about 25%.",Negative,0.024768467992544174,0.9491678476333618,0.02606368437409401
PE de-rating will take place in the Indian market: Deven Choksey,https://economictimes.indiatimes.com/markets/stocks/recos/pe-de-rating-will-take-place-in-the-indian-market-deven-choksey/articleshow/8175132.cms,"""In case of equities, in our market, the situation is little bit different comparatively because of reduction in the growth itself. """,Positive,0.4281511604785919,0.28063809871673584,0.291210800409317
RBI move aimed at curbing excess liquidity: FM,https://economictimes.indiatimes.com/news/economy/policy/rbi-move-aimed-at-curbing-excess-liquidity-fm/articleshow/2502168.cms,"P Chidambaram backed RBI's move to curb surplus money in the system, but hoped that economic growth would beat the RBI's projection. Comments on Monetary Policy",Positive,0.947507917881012,0.0186711847782135,0.03382094204425812
Rupee opens 9 paise down at 74.90 against dollar,https://economictimes.indiatimes.com/markets/forex/rupee-opens-9-paise-down-at-74-90-against-dollar/articleshow/77325979.cms,"Earlier, the local currency on Friday closed with a marginal 3 paise gain at 74.81 to the US dollar amid weakness in the greenback against key global peers.",Positive,0.5637301802635193,0.41311022639274597,0.023159578442573547
Rupee opens 20 paise down at 69.36 against dollar,https://economictimes.indiatimes.com/markets/forex/rupee-opens-20-paise-down-at-69-36-against-dollar/articleshow/68681522.cms,"“Today, USDINR pair is expected to quote in the range of 69.20 and 69.80,” brokerage firm MOSL said.",Neutral,0.1898336112499237,0.03700193762779236,0.7731643915176392
"Amid raging tariff war, India only country to have reached an understanding with Trump, says Jaishankar",https://economictimes.indiatimes.com/news/economy/foreign-trade/amid-raging-tariff-war-india-only-country-to-have-reached-an-understanding-with-trump-says-jaishankar/articleshow/120132410.cms,"India had decided that it would engage the Trump administration on the issue, Jaishankar said. India has had more discussion with the US in the past two weeks than it had with the EU in the past two years, he added.",Positive,0.7831725478172302,0.024973975494503975,0.19185347855091095
Rupee opens 11 paise up at 74.93 against dollar,https://economictimes.indiatimes.com/markets/forex/rupee-opens-11-paise-up-at-74-93-against-dollar/articleshow/77365087.cms,The rupee on Wednesday opened 11 paise higher at 74.93 against the US dollar following gains in the domestic equity market.,Positive,0.9362765550613403,0.03319860249757767,0.03052489086985588
"Earnings need to rebound to catch up with valuations, justify fresh buying: Pramod Gubbi",https://economictimes.indiatimes.com/markets/stocks/recos/earnings-need-to-rebound-to-catch-up-with-valuations-justify-fresh-buying-pramod-gubbi/articleshow/46619377.cms,"Valuations have reached levels where you desperately need a recovery in earnings to justify fresh buying, said Gubbi in an interview to ET Now.",Positive,0.921008825302124,0.04756555333733559,0.03142561763525009
RBI Monetary Policy live streaming: When and where to watch the key announcement?,https://economictimes.indiatimes.com/news/new-updates/rbi-mpc-meet-live-streaming-when-and-where-to-watch-reserve-bank-of-india-governor-sanjay-malhotra/articleshow/124246928.cms,"RBI Governor Sanjay Malhotra will announce the Monetary Policy Committee's October decision on Wednesday at 10 am. The six-member panel faces a tough choice, balancing low inflation and economic growth concerns, exacerbated by US tariffs. A rate cut is anticipated as inflation hovers near the lower target, potentially easing further post-tax cuts. Watch live on RBI's official platforms.",Positive,0.6502341032028198,0.2465682327747345,0.1031976267695427
RBI policy acts big on banking frauds: New AI tool MuleHunter.ai by RBI to help reduce digital frauds,https://economictimes.indiatimes.com/wealth/save/rbi-acts-big-on-banking-frauds-new-ai-tool-mule-hunter-ai-by-rbi-to-help-reduce-digital-frauds/articleshow/116031245.cms,"Reserve Bank of India: The RBI innovation hub in Bengaluru has developed a new artificial intelligence based system to reduce digital frauds using money mule accounts. ""In India, mule accounts are being opened by legitimate Indian nationals who are selling off the use of the accounts (the ""Accomplice"" persona). This makes the account harder to detect at onboarding,"" said BioCatch in an report.",Neutral,0.3376558041200042,0.14606372639536858,0.516280472278595
Loan growth in India likely to pick up amid push from govt/RBI and stabilising asset quality: Nomura,https://economictimes.indiatimes.com/industry/banking/finance/loan-growth-in-india-likely-to-pick-up-amid-push-from-govt/rbi-and-stabilising-asset-quality-nomura/articleshow/123936765.cms,"Nomura projects India’s loan growth to rise to 12% YoY by FY26, driven by stabilising asset quality, RBI policy easing, liquidity support, and tax relief. Stronger growth is expected in unsecured retail loans, about 10% of system credit. While asset quality in personal, credit card, and small business loans has improved, stress persists in NBFC, SFB, and microfinance segments.",Positive,0.5715141296386719,0.33106324076652527,0.09742256999015808
Rate risk: RBI can end up with a dal-rice problem on its plate,https://economictimes.indiatimes.com/news/economy/policy/rate-risk-rbi-can-end-up-with-a-dal-rice-problem-on-its-plate/articleshow/101391044.cms,"The late arrival of monsoon in India and shrinking sowing areas for rice and pulses could lead to a hike in food prices, potentially keeping RBI on hold for longer than expected. Rice accounts for 4.4% of the consumer price index (CPI) basket, and tur dal has a 0.8% weight in retail inflation. A deficient monsoon could push food inflation up by 50-60 basis points, according to economists.",Negative,0.07883039116859436,0.8986625671386719,0.02250703051686287
RBI rate hike on expected lines; policy focuses more on inflation despite recent moderation: Bankers,https://economictimes.indiatimes.com/news/economy/policy/rbi-rate-hike-on-expected-lines-policy-focuses-more-on-inflation-despite-recent-moderation-bankers/articleshow/97737823.cms,"It can be noted that the last two readings of the headline inflation have come within the upper tolerance band of the central bank and some analysts, including in-house economists at the country's largest lender SBI were expecting a pause on rate hike.",Negative,0.04214060679078102,0.7120891809463501,0.2457701861858368
RBI may go for last rate hike this cycle & take a long pause: Chetan Ahya,https://economictimes.indiatimes.com/markets/expert-view/rbi-may-go-for-last-rate-hike-this-cycle-take-a-long-pause-chetan-ahya/articleshow/97680660.cms,"“Morgan Stanley’s regional strategist from a market's perspective has been arguing that India will underperform China because China's valuations are lower and earnings growth will accelerate because of reopening whereas for India, the concern is really the valuations because of which they are underweight on India and the region portfolio.”",Negative,0.11847968399524689,0.8169873356819153,0.06453295052051544
RBI likely to raise rate by 25 bps,https://economictimes.indiatimes.com/markets/stocks/news/rbi-likely-to-raise-rate-by-25-bps/articleshow/66022425.cms,"With the currency still under pressure and crude oil prices crossing $80, the rate increase cycle is far from over.",Positive,0.37461528182029724,0.287312775850296,0.33807194232940674
Space for RBI rate cut vanishes; but ample liquidity in the system,https://economictimes.indiatimes.com/markets/stocks/news/space-for-rbi-rate-cut-vanishes-but-ample-liquidity-in-the-system/articleshow/79567812.cms,"MPC’s concern that price pressures are spreading, and the stated need for monitoring threats to price stability to anchor macroeconomic and financial stability, suggest that an extended pause is likely, despite its desire to nurture the nascent economic revival.",Negative,0.13638512790203094,0.48063063621520996,0.3829841911792755
"'BUY' OR 'SELL' ideas by experts for Thursday, March 15",https://economictimes.indiatimes.com/markets/stocks/recos/buy-or-sell-ideas-by-experts-for-thursday-march-15/articleshow/12272032.cms,ET Now spoke to various experts and here's what they have to recommend for today's trade:,Neutral,0.061114147305488586,0.014197628945112228,0.9246882200241089
Latest ICICI Bank home loan interest rate,https://economictimes.indiatimes.com/wealth/borrow/latest-icici-bank-home-loan-interest-rate/articleshow/92996747.cms,"Since May 2022, the repo rate has increased by 90 basis points at the Reserve Bank of India (RBI). Due to this, many banks, including ICICI Bank, have raised their interest rates on house loan",Neutral,0.1417679786682129,0.428129106760025,0.4301029443740845
"IIP data a reflection of sharp slowdown in economy: Sanjay Sinha, Citrus Advisors",https://economictimes.indiatimes.com/opinion/interviews/iip-data-a-reflection-of-sharp-slowdown-in-economy-sanjay-sinha-citrus-advisors/articleshow/16366291.cms,"""What the IIP number is showing us is a broader trend of a very sharp slowdown in the economy, which is already getting corroborated by other numbers like automobile numbers and mobile subscriber base,"" says Sanjay Sinha.",Negative,0.04297665134072304,0.9184679985046387,0.03855534642934799
GIFT Nifty up 10 points; here's the trading setup for today's session,https://economictimes.indiatimes.com/markets/stocks/news/pre-market-action-heres-the-trade-setup-for-todays-session/articleshow/124239434.cms,"Benchmark indices closed flat as market attention turned to the RBI MPC outcome, where a status quo on the repo rate is anticipated. Analysts expect a range-bound market, with Nifty's short-term outlook negative. The rupee hit a record low, while FIIs net sold shares amid global uncertainties.",Negative,0.021245142444968224,0.936053991317749,0.042700812220573425
"IDBI Bank cuts home loan, deposit rates",https://economictimes.indiatimes.com/wealth/personal-finance-news/idbi-bank-cuts-home-loan-deposit-rates/articleshow/4220518.cms,"Close on the heels of leading state-owned banks cutting their lending rates, IDBI Bank on Tuesday slashed its home loan rates by upto one per cent for new customers effective from Wednesday.",Negative,0.012531587854027748,0.95833420753479,0.029134223237633705
